  0
SECTION
  2
HEADER
  9
$ANGBASE
  50
0.0
  9
$ANGDIR
  70
1
  9
$MEASUREMENT
  70
1
  0
ENDSEC
  0
SECTION
  2
TABLES
  0
TABLE
  2
LTYPE
  70
4
  0
LTYPE
  5
40F
  2
CONTINUOUS
  70
0
  3
Solid line
  72
65
  73
0
  40
0.0
  0
LTYPE
  5
410
  2
DASHDOT
 70
0
  3
Dash Dot ____ _ ____ _
 72
65
 73
4
 40
2.0
 49
1.25
 49
-0.25
 49
0.25
 49
-0.25
  0
LTYPE
  5
411
  2
DASHED
 70
0
  3
Dashed __ __ __ __ __
 72
65
 73
2
 40
0.75
 49
0.5
 49
-0.25
  0
LTYPE
  5
43B
  2
DOTTED
 70
0
  3
Dotted .  .  .  .
 72
65
 73
2
 40
0.2
 49
0.0
 49
-0.2
  0
ENDTAB
  0
TABLE
  2
STYLE
  70
4
  0
STYLE
  2
KICAD
  70
0
  40
0
  41
1
  42
1
  50
0
  71
0
  3
isocp.shx
  0
STYLE
  2
KICADB
  70
0
  40
0
  41
1
  42
1
  50
0
  71
0
  3
isocp.shx
  0
STYLE
  2
KICADI
  70
0
  40
0
  41
1
  42
1
  50
15
  71
0
  3
isocp.shx
  0
STYLE
  2
KICADBI
  70
0
  40
0
  41
1
  42
1
  50
15
  71
0
  3
isocp.shx
  0
ENDTAB
  0
TABLE
  2
LAYER
  70
1
  0
LAYER
  2
BLACK
  70
0
  62
7
  6
CONTINUOUS
  0
ENDTAB
  0
ENDSEC
  0
SECTION
  2
ENTITIES
0
LINE
8
BLACK
6
CONTINUOUS
10
151.1500000000000057
20
-114.039999999999992
11
149.4499999999999886
21
-114.039999999999992
0
LINE
8
BLACK
6
CONTINUOUS
10
149.4499999999999886
20
-114.039999999999992
11
149.4499999999999886
21
-112.3399999999999892
0
LINE
8
BLACK
6
CONTINUOUS
10
149.4499999999999886
20
-112.3399999999999892
11
151.1500000000000057
21
-112.3399999999999892
0
LINE
8
BLACK
6
CONTINUOUS
10
151.1500000000000057
20
-112.3399999999999892
11
151.1500000000000057
21
-114.039999999999992
0
LINE
8
BLACK
6
CONTINUOUS
10
145.4667419999999822
20
-112.3766009999999937
11
145.6206870000000038
21
-112.4403669999999948
0
LINE
8
BLACK
6
CONTINUOUS
10
145.6206870000000038
20
-112.4403669999999948
11
145.7592339999999922
21
-112.5329409999999939
0
LINE
8
BLACK
6
CONTINUOUS
10
145.7592339999999922
20
-112.5329409999999939
11
145.8770590000000027
21
-112.6507659999999902
0
LINE
8
BLACK
6
CONTINUOUS
10
145.8770590000000027
20
-112.6507659999999902
11
145.9696329999999875
21
-112.7893129999999928
0
LINE
8
BLACK
6
CONTINUOUS
10
145.9696329999999875
20
-112.7893129999999928
11
146.0333990000000028
21
-112.9432580000000002
0
LINE
8
BLACK
6
CONTINUOUS
10
146.0333990000000028
20
-112.9432580000000002
11
146.0659069999999815
21
-113.1066849999999988
0
LINE
8
BLACK
6
CONTINUOUS
10
146.0659069999999815
20
-113.1066849999999988
11
146.0659069999999815
21
-113.2733149999999966
0
LINE
8
BLACK
6
CONTINUOUS
10
146.0659069999999815
20
-113.2733149999999966
11
146.0333990000000028
21
-113.4367419999999953
0
LINE
8
BLACK
6
CONTINUOUS
10
146.0333990000000028
20
-113.4367419999999953
11
145.9696329999999875
21
-113.5906869999999884
0
LINE
8
BLACK
6
CONTINUOUS
10
145.9696329999999875
20
-113.5906869999999884
11
145.8770590000000027
21
-113.7292339999999911
0
LINE
8
BLACK
6
CONTINUOUS
10
145.8770590000000027
20
-113.7292339999999911
11
145.7592339999999922
21
-113.8470590000000016
0
LINE
8
BLACK
6
CONTINUOUS
10
145.7592339999999922
20
-113.8470590000000016
11
145.6206870000000038
21
-113.9396330000000006
0
LINE
8
BLACK
6
CONTINUOUS
10
145.6206870000000038
20
-113.9396330000000006
11
145.4667419999999822
21
-114.0033990000000017
0
LINE
8
BLACK
6
CONTINUOUS
10
145.4667419999999822
20
-114.0033990000000017
11
145.3033149999999978
21
-114.0359069999999946
0
LINE
8
BLACK
6
CONTINUOUS
10
145.3033149999999978
20
-114.0359069999999946
11
145.1366849999999999
21
-114.0359069999999946
0
LINE
8
BLACK
6
CONTINUOUS
10
145.1366849999999999
20
-114.0359069999999946
11
144.9732579999999871
21
-114.0033990000000017
0
LINE
8
BLACK
6
CONTINUOUS
10
144.9732579999999871
20
-114.0033990000000017
11
144.819312999999994
21
-113.9396330000000006
0
LINE
8
BLACK
6
CONTINUOUS
10
144.819312999999994
20
-113.9396330000000006
11
144.6807660000000055
21
-113.8470590000000016
0
LINE
8
BLACK
6
CONTINUOUS
10
144.6807660000000055
20
-113.8470590000000016
11
144.562940999999995
21
-113.7292339999999911
0
LINE
8
BLACK
6
CONTINUOUS
10
144.562940999999995
20
-113.7292339999999911
11
144.4703669999999818
21
-113.5906869999999884
0
LINE
8
BLACK
6
CONTINUOUS
10
144.4703669999999818
20
-113.5906869999999884
11
144.4066009999999949
21
-113.4367419999999953
0
LINE
8
BLACK
6
CONTINUOUS
10
144.4066009999999949
20
-113.4367419999999953
11
144.3740929999999878
21
-113.2733149999999966
0
LINE
8
BLACK
6
CONTINUOUS
10
144.3740929999999878
20
-113.2733149999999966
11
144.3740929999999878
21
-113.1066849999999988
0
LINE
8
BLACK
6
CONTINUOUS
10
144.3740929999999878
20
-113.1066849999999988
11
144.4066009999999949
21
-112.9432580000000002
0
LINE
8
BLACK
6
CONTINUOUS
10
144.4066009999999949
20
-112.9432580000000002
11
144.4703669999999818
21
-112.7893129999999928
0
LINE
8
BLACK
6
CONTINUOUS
10
144.4703669999999818
20
-112.7893129999999928
11
144.562940999999995
21
-112.6507659999999902
0
LINE
8
BLACK
6
CONTINUOUS
10
144.562940999999995
20
-112.6507659999999902
11
144.6807660000000055
21
-112.5329409999999939
0
LINE
8
BLACK
6
CONTINUOUS
10
144.6807660000000055
20
-112.5329409999999939
11
144.819312999999994
21
-112.4403669999999948
0
LINE
8
BLACK
6
CONTINUOUS
10
144.819312999999994
20
-112.4403669999999948
11
144.9732579999999871
21
-112.3766009999999937
0
LINE
8
BLACK
6
CONTINUOUS
10
144.9732579999999871
20
-112.3766009999999937
11
145.1366849999999999
21
-112.3440930000000009
0
LINE
8
BLACK
6
CONTINUOUS
10
145.1366849999999999
20
-112.3440930000000009
11
145.3033149999999978
21
-112.3440930000000009
0
LINE
8
BLACK
6
CONTINUOUS
10
145.3033149999999978
20
-112.3440930000000009
11
145.4667419999999822
21
-112.3766009999999937
0
LINE
8
BLACK
6
CONTINUOUS
10
148.0067420000000027
20
-112.3766009999999937
11
148.1606869999999958
21
-112.4403669999999948
0
LINE
8
BLACK
6
CONTINUOUS
10
148.1606869999999958
20
-112.4403669999999948
11
148.2992339999999842
21
-112.5329409999999939
0
LINE
8
BLACK
6
CONTINUOUS
10
148.2992339999999842
20
-112.5329409999999939
11
148.4170589999999947
21
-112.6507659999999902
0
LINE
8
BLACK
6
CONTINUOUS
10
148.4170589999999947
20
-112.6507659999999902
11
148.5096329999999796
21
-112.7893129999999928
0
LINE
8
BLACK
6
CONTINUOUS
10
148.5096329999999796
20
-112.7893129999999928
11
148.5733989999999949
21
-112.9432580000000002
0
LINE
8
BLACK
6
CONTINUOUS
10
148.5733989999999949
20
-112.9432580000000002
11
148.605907000000002
21
-113.1066849999999988
0
LINE
8
BLACK
6
CONTINUOUS
10
148.605907000000002
20
-113.1066849999999988
11
148.605907000000002
21
-113.2733149999999966
0
LINE
8
BLACK
6
CONTINUOUS
10
148.605907000000002
20
-113.2733149999999966
11
148.5733989999999949
21
-113.4367419999999953
0
LINE
8
BLACK
6
CONTINUOUS
10
148.5733989999999949
20
-113.4367419999999953
11
148.5096329999999796
21
-113.5906869999999884
0
LINE
8
BLACK
6
CONTINUOUS
10
148.5096329999999796
20
-113.5906869999999884
11
148.4170589999999947
21
-113.7292339999999911
0
LINE
8
BLACK
6
CONTINUOUS
10
148.4170589999999947
20
-113.7292339999999911
11
148.2992339999999842
21
-113.8470590000000016
0
LINE
8
BLACK
6
CONTINUOUS
10
148.2992339999999842
20
-113.8470590000000016
11
148.1606869999999958
21
-113.9396330000000006
0
LINE
8
BLACK
6
CONTINUOUS
10
148.1606869999999958
20
-113.9396330000000006
11
148.0067420000000027
21
-114.0033990000000017
0
LINE
8
BLACK
6
CONTINUOUS
10
148.0067420000000027
20
-114.0033990000000017
11
147.8433149999999898
21
-114.0359069999999946
0
LINE
8
BLACK
6
CONTINUOUS
10
147.8433149999999898
20
-114.0359069999999946
11
147.676684999999992
21
-114.0359069999999946
0
LINE
8
BLACK
6
CONTINUOUS
10
147.676684999999992
20
-114.0359069999999946
11
147.5132579999999791
21
-114.0033990000000017
0
LINE
8
BLACK
6
CONTINUOUS
10
147.5132579999999791
20
-114.0033990000000017
11
147.359312999999986
21
-113.9396330000000006
0
LINE
8
BLACK
6
CONTINUOUS
10
147.359312999999986
20
-113.9396330000000006
11
147.2207659999999976
21
-113.8470590000000016
0
LINE
8
BLACK
6
CONTINUOUS
10
147.2207659999999976
20
-113.8470590000000016
11
147.1029409999999871
21
-113.7292339999999911
0
LINE
8
BLACK
6
CONTINUOUS
10
147.1029409999999871
20
-113.7292339999999911
11
147.0103670000000022
21
-113.5906869999999884
0
LINE
8
BLACK
6
CONTINUOUS
10
147.0103670000000022
20
-113.5906869999999884
11
146.9466009999999869
21
-113.4367419999999953
0
LINE
8
BLACK
6
CONTINUOUS
10
146.9466009999999869
20
-113.4367419999999953
11
146.9140929999999798
21
-113.2733149999999966
0
LINE
8
BLACK
6
CONTINUOUS
10
146.9140929999999798
20
-113.2733149999999966
11
146.9140929999999798
21
-113.1066849999999988
0
LINE
8
BLACK
6
CONTINUOUS
10
146.9140929999999798
20
-113.1066849999999988
11
146.9466009999999869
21
-112.9432580000000002
0
LINE
8
BLACK
6
CONTINUOUS
10
146.9466009999999869
20
-112.9432580000000002
11
147.0103670000000022
21
-112.7893129999999928
0
LINE
8
BLACK
6
CONTINUOUS
10
147.0103670000000022
20
-112.7893129999999928
11
147.1029409999999871
21
-112.6507659999999902
0
LINE
8
BLACK
6
CONTINUOUS
10
147.1029409999999871
20
-112.6507659999999902
11
147.2207659999999976
21
-112.5329409999999939
0
LINE
8
BLACK
6
CONTINUOUS
10
147.2207659999999976
20
-112.5329409999999939
11
147.359312999999986
21
-112.4403669999999948
0
LINE
8
BLACK
6
CONTINUOUS
10
147.359312999999986
20
-112.4403669999999948
11
147.5132579999999791
21
-112.3766009999999937
0
LINE
8
BLACK
6
CONTINUOUS
10
147.5132579999999791
20
-112.3766009999999937
11
147.676684999999992
21
-112.3440930000000009
0
LINE
8
BLACK
6
CONTINUOUS
10
147.676684999999992
20
-112.3440930000000009
11
147.8433149999999898
21
-112.3440930000000009
0
LINE
8
BLACK
6
CONTINUOUS
10
147.8433149999999898
20
-112.3440930000000009
11
148.0067420000000027
21
-112.3766009999999937
0
LINE
8
BLACK
6
CONTINUOUS
10
156.2203350000000057
20
-104.7795279999999991
11
156.5701889999999992
21
-104.8593800000000016
0
LINE
8
BLACK
6
CONTINUOUS
10
156.5701889999999992
20
-104.8593800000000016
11
156.9089019999999834
21
-104.9778999999999911
0
LINE
8
BLACK
6
CONTINUOUS
10
156.9089019999999834
20
-104.9778999999999911
11
157.2322149999999965
21
-105.1336000000000013
0
LINE
8
BLACK
6
CONTINUOUS
10
157.2322149999999965
20
-105.1336000000000013
11
157.5360629999999844
21
-105.3245199999999926
0
LINE
8
BLACK
6
CONTINUOUS
10
157.5360629999999844
20
-105.3245199999999926
11
157.8166239999999902
21
-105.5482599999999991
0
LINE
8
BLACK
6
CONTINUOUS
10
157.8166239999999902
20
-105.5482599999999991
11
157.9470570000000009
21
-105.6715729999999951
0
LINE
8
BLACK
6
CONTINUOUS
10
157.9470570000000009
20
-105.6715729999999951
11
159.0784270000000049
21
-106.8029429999999991
0
LINE
8
BLACK
6
CONTINUOUS
10
159.0784270000000049
20
-106.8029429999999991
11
159.2017400000000009
21
-106.9333759999999955
0
LINE
8
BLACK
6
CONTINUOUS
10
159.2017400000000009
20
-106.9333759999999955
11
159.4254799999999932
21
-107.2139370000000014
0
LINE
8
BLACK
6
CONTINUOUS
10
159.4254799999999932
20
-107.2139370000000014
11
159.6163999999999987
21
-107.5177849999999893
0
LINE
8
BLACK
6
CONTINUOUS
10
159.6163999999999987
20
-107.5177849999999893
11
159.7720999999999947
21
-107.8410979999999881
0
LINE
8
BLACK
6
CONTINUOUS
10
159.7720999999999947
20
-107.8410979999999881
11
159.8906199999999842
21
-108.1798110000000008
0
LINE
8
BLACK
6
CONTINUOUS
10
159.8906199999999842
20
-108.1798110000000008
11
159.9704720000000009
21
-108.5296649999999943
0
LINE
8
BLACK
6
CONTINUOUS
10
159.9704720000000009
20
-108.5296649999999943
11
160.0106509999999957
21
-108.8862599999999929
0
LINE
8
BLACK
6
CONTINUOUS
10
160.0106509999999957
20
-108.8862599999999929
11
160.0106509999999957
21
-109.2451109999999943
0
LINE
8
BLACK
6
CONTINUOUS
10
160.0106509999999957
20
-109.2451109999999943
11
159.9704720000000009
21
-109.6017049999999955
0
LINE
8
BLACK
6
CONTINUOUS
10
159.9704720000000009
20
-109.6017049999999955
11
159.8906199999999842
21
-109.9515589999999889
0
LINE
8
BLACK
6
CONTINUOUS
10
159.8906199999999842
20
-109.9515589999999889
11
159.7720999999999947
21
-110.2902720000000016
0
LINE
8
BLACK
6
CONTINUOUS
10
159.7720999999999947
20
-110.2902720000000016
11
159.6163999999999987
21
-110.6135850000000005
0
LINE
8
BLACK
6
CONTINUOUS
10
159.6163999999999987
20
-110.6135850000000005
11
159.4254799999999932
21
-110.9174329999999884
0
LINE
8
BLACK
6
CONTINUOUS
10
159.4254799999999932
20
-110.9174329999999884
11
159.2017400000000009
21
-111.1979949999999917
0
LINE
8
BLACK
6
CONTINUOUS
10
159.2017400000000009
20
-111.1979949999999917
11
158.9479949999999917
21
-111.4517400000000009
0
LINE
8
BLACK
6
CONTINUOUS
10
158.9479949999999917
20
-111.4517400000000009
11
158.6674329999999884
21
-111.6754799999999932
0
LINE
8
BLACK
6
CONTINUOUS
10
158.6674329999999884
20
-111.6754799999999932
11
158.3635850000000005
21
-111.8663999999999987
0
LINE
8
BLACK
6
CONTINUOUS
10
158.3635850000000005
20
-111.8663999999999987
11
158.0402719999999874
21
-112.0220999999999947
0
LINE
8
BLACK
6
CONTINUOUS
10
158.0402719999999874
20
-112.0220999999999947
11
157.7015590000000032
21
-112.1406199999999984
0
LINE
8
BLACK
6
CONTINUOUS
10
157.7015590000000032
20
-112.1406199999999984
11
157.3517049999999813
21
-112.2204720000000009
0
LINE
8
BLACK
6
CONTINUOUS
10
157.3517049999999813
20
-112.2204720000000009
11
156.9951109999999801
21
-112.2606509999999957
0
LINE
8
BLACK
6
CONTINUOUS
10
156.9951109999999801
20
-112.2606509999999957
11
156.6362599999999929
21
-112.2606509999999957
0
LINE
8
BLACK
6
CONTINUOUS
10
156.6362599999999929
20
-112.2606509999999957
11
156.2796649999999943
21
-112.2204720000000009
0
LINE
8
BLACK
6
CONTINUOUS
10
156.2796649999999943
20
-112.2204720000000009
11
155.9298110000000008
21
-112.1406199999999984
0
LINE
8
BLACK
6
CONTINUOUS
10
155.9298110000000008
20
-112.1406199999999984
11
155.5910979999999881
21
-112.0220999999999947
0
LINE
8
BLACK
6
CONTINUOUS
10
155.5910979999999881
20
-112.0220999999999947
11
155.2677850000000035
21
-111.8663999999999987
0
LINE
8
BLACK
6
CONTINUOUS
10
155.2677850000000035
20
-111.8663999999999987
11
154.9639369999999872
21
-111.6754799999999932
0
LINE
8
BLACK
6
CONTINUOUS
10
154.9639369999999872
20
-111.6754799999999932
11
154.6833759999999813
21
-111.4517400000000009
0
LINE
8
BLACK
6
CONTINUOUS
10
154.6833759999999813
20
-111.4517400000000009
11
154.5529429999999991
21
-111.3284269999999907
0
LINE
8
BLACK
6
CONTINUOUS
10
154.5529429999999991
20
-111.3284269999999907
11
153.4215729999999951
21
-110.1970570000000009
0
LINE
8
BLACK
6
CONTINUOUS
10
153.4215729999999951
20
-110.1970570000000009
11
153.2982599999999991
21
-110.0666239999999902
0
LINE
8
BLACK
6
CONTINUOUS
10
153.2982599999999991
20
-110.0666239999999902
11
153.0745200000000068
21
-109.7860629999999986
0
LINE
8
BLACK
6
CONTINUOUS
10
153.0745200000000068
20
-109.7860629999999986
11
152.8836000000000013
21
-109.4822149999999965
0
LINE
8
BLACK
6
CONTINUOUS
10
152.8836000000000013
20
-109.4822149999999965
11
152.7279000000000053
21
-109.1589019999999977
0
LINE
8
BLACK
6
CONTINUOUS
10
152.7279000000000053
20
-109.1589019999999977
11
152.6093799999999874
21
-108.8201889999999992
0
LINE
8
BLACK
6
CONTINUOUS
10
152.6093799999999874
20
-108.8201889999999992
11
152.5295279999999991
21
-108.4703349999999915
0
LINE
8
BLACK
6
CONTINUOUS
10
152.5295279999999991
20
-108.4703349999999915
11
152.4893490000000043
21
-108.1137409999999903
0
LINE
8
BLACK
6
CONTINUOUS
10
152.4893490000000043
20
-108.1137409999999903
11
152.4893490000000043
21
-107.7548889999999915
0
LINE
8
BLACK
6
CONTINUOUS
10
152.4893490000000043
20
-107.7548889999999915
11
152.5295279999999991
21
-107.3982949999999903
0
LINE
8
BLACK
6
CONTINUOUS
10
152.5295279999999991
20
-107.3982949999999903
11
152.6093799999999874
21
-107.0484409999999968
0
LINE
8
BLACK
6
CONTINUOUS
10
152.6093799999999874
20
-107.0484409999999968
11
152.7279000000000053
21
-106.7097279999999984
0
LINE
8
BLACK
6
CONTINUOUS
10
152.7279000000000053
20
-106.7097279999999984
11
152.8836000000000013
21
-106.3864149999999995
0
LINE
8
BLACK
6
CONTINUOUS
10
152.8836000000000013
20
-106.3864149999999995
11
153.0745200000000068
21
-106.0825669999999974
0
LINE
8
BLACK
6
CONTINUOUS
10
153.0745200000000068
20
-106.0825669999999974
11
153.2982599999999991
21
-105.8020059999999916
0
LINE
8
BLACK
6
CONTINUOUS
10
153.2982599999999991
20
-105.8020059999999916
11
153.5520060000000058
21
-105.5482599999999991
0
LINE
8
BLACK
6
CONTINUOUS
10
153.5520060000000058
20
-105.5482599999999991
11
153.8325669999999832
21
-105.3245199999999926
0
LINE
8
BLACK
6
CONTINUOUS
10
153.8325669999999832
20
-105.3245199999999926
11
154.1364149999999995
21
-105.1336000000000013
0
LINE
8
BLACK
6
CONTINUOUS
10
154.1364149999999995
20
-105.1336000000000013
11
154.4597279999999841
21
-104.9778999999999911
0
LINE
8
BLACK
6
CONTINUOUS
10
154.4597279999999841
20
-104.9778999999999911
11
154.7984409999999968
21
-104.8593800000000016
0
LINE
8
BLACK
6
CONTINUOUS
10
154.7984409999999968
20
-104.8593800000000016
11
155.1482949999999903
21
-104.7795279999999991
0
LINE
8
BLACK
6
CONTINUOUS
10
155.1482949999999903
20
-104.7795279999999991
11
155.5048889999999915
21
-104.73934899999999
0
LINE
8
BLACK
6
CONTINUOUS
10
155.5048889999999915
20
-104.73934899999999
11
155.8637410000000045
21
-104.73934899999999
0
LINE
8
BLACK
6
CONTINUOUS
10
155.8637410000000045
20
-104.73934899999999
11
156.2203350000000057
21
-104.7795279999999991
0
LINE
8
BLACK
6
CONTINUOUS
10
112.3499999999999943
20
-102.9749999999999943
11
112.3499999999999943
21
-103.9749999999999943
0
LINE
8
BLACK
6
CONTINUOUS
10
112.3499999999999943
20
-103.9749999999999943
11
111.3499999999999943
21
-103.9749999999999943
0
LINE
8
BLACK
6
CONTINUOUS
10
111.3499999999999943
20
-103.9749999999999943
11
111.3499999999999943
21
-102.9749999999999943
0
LINE
8
BLACK
6
CONTINUOUS
10
111.3499999999999943
20
-102.9749999999999943
11
111.8499999999999943
21
-102.4749999999999943
0
LINE
8
BLACK
6
CONTINUOUS
10
111.8499999999999943
20
-102.4749999999999943
11
112.3499999999999943
21
-102.9749999999999943
0
LINE
8
BLACK
6
CONTINUOUS
10
104.4431709999999924
20
-99.8190299999999979
11
104.5242769999999979
21
-99.8732229999999959
0
LINE
8
BLACK
6
CONTINUOUS
10
104.5242769999999979
20
-99.8732229999999959
11
104.5784699999999958
21
-99.9543290000000013
0
LINE
8
BLACK
6
CONTINUOUS
10
104.5784699999999958
20
-99.9543290000000013
11
104.5974999999999966
21
-100.0499999999999972
0
LINE
8
BLACK
6
CONTINUOUS
10
104.5974999999999966
20
-100.0499999999999972
11
104.5974999999999966
21
-103.1499999999999915
0
LINE
8
BLACK
6
CONTINUOUS
10
104.5974999999999966
20
-103.1499999999999915
11
104.5784699999999958
21
-103.2456710000000015
0
LINE
8
BLACK
6
CONTINUOUS
10
104.5784699999999958
20
-103.2456710000000015
11
104.5242769999999979
21
-103.3267769999999928
0
LINE
8
BLACK
6
CONTINUOUS
10
104.5242769999999979
20
-103.3267769999999928
11
104.4431709999999924
21
-103.3809699999999907
0
LINE
8
BLACK
6
CONTINUOUS
10
104.4431709999999924
20
-103.3809699999999907
11
104.3474999999999966
21
-103.3999999999999915
0
LINE
8
BLACK
6
CONTINUOUS
10
104.3474999999999966
20
-103.3999999999999915
11
103.0474999999999994
21
-103.3999999999999915
0
LINE
8
BLACK
6
CONTINUOUS
10
103.0474999999999994
20
-103.3999999999999915
11
102.9518289999999894
21
-103.3809699999999907
0
LINE
8
BLACK
6
CONTINUOUS
10
102.9518289999999894
20
-103.3809699999999907
11
102.8707229999999981
21
-103.3267769999999928
0
LINE
8
BLACK
6
CONTINUOUS
10
102.8707229999999981
20
-103.3267769999999928
11
102.8165300000000002
21
-103.2456710000000015
0
LINE
8
BLACK
6
CONTINUOUS
10
102.8165300000000002
20
-103.2456710000000015
11
102.7974999999999994
21
-103.1499999999999915
0
LINE
8
BLACK
6
CONTINUOUS
10
102.7974999999999994
20
-103.1499999999999915
11
102.7974999999999994
21
-100.0499999999999972
0
LINE
8
BLACK
6
CONTINUOUS
10
102.7974999999999994
20
-100.0499999999999972
11
102.8165300000000002
21
-99.9543290000000013
0
LINE
8
BLACK
6
CONTINUOUS
10
102.8165300000000002
20
-99.9543290000000013
11
102.8707229999999981
21
-99.8732229999999959
0
LINE
8
BLACK
6
CONTINUOUS
10
102.8707229999999981
20
-99.8732229999999959
11
102.9518289999999894
21
-99.8190299999999979
0
LINE
8
BLACK
6
CONTINUOUS
10
102.9518289999999894
20
-99.8190299999999979
11
103.0474999999999994
21
-99.7999999999999972
0
LINE
8
BLACK
6
CONTINUOUS
10
103.0474999999999994
20
-99.7999999999999972
11
104.3474999999999966
21
-99.7999999999999972
0
LINE
8
BLACK
6
CONTINUOUS
10
104.3474999999999966
20
-99.7999999999999972
11
104.4431709999999924
21
-99.8190299999999979
0
LINE
8
BLACK
6
CONTINUOUS
10
92.5287560000000013
20
-99.8387539999999944
11
92.6917569999999955
21
-99.9062709999999896
0
LINE
8
BLACK
6
CONTINUOUS
10
92.6917569999999955
20
-99.9062709999999896
11
92.8384539999999987
21
-100.0042909999999949
0
LINE
8
BLACK
6
CONTINUOUS
10
92.8384539999999987
20
-100.0042909999999949
11
92.963208999999992
21
-100.1290460000000024
0
LINE
8
BLACK
6
CONTINUOUS
10
92.963208999999992
20
-100.1290460000000024
11
93.0612289999999973
21
-100.2757429999999914
0
LINE
8
BLACK
6
CONTINUOUS
10
93.0612289999999973
20
-100.2757429999999914
11
93.1287459999999925
21
-100.4387439999999998
0
LINE
8
BLACK
6
CONTINUOUS
10
93.1287459999999925
20
-100.4387439999999998
11
93.1631659999999897
21
-100.6117849999999976
0
LINE
8
BLACK
6
CONTINUOUS
10
93.1631659999999897
20
-100.6117849999999976
11
93.1674999999999898
21
-100.6999999999999886
0
LINE
8
BLACK
6
CONTINUOUS
10
93.1674999999999898
20
-100.6999999999999886
11
93.1674999999999898
21
-102.5
0
LINE
8
BLACK
6
CONTINUOUS
10
93.1674999999999898
20
-102.5
11
93.1631659999999897
21
-102.5882149999999911
0
LINE
8
BLACK
6
CONTINUOUS
10
93.1631659999999897
20
-102.5882149999999911
11
93.1287459999999925
21
-102.7612559999999888
0
LINE
8
BLACK
6
CONTINUOUS
10
93.1287459999999925
20
-102.7612559999999888
11
93.0612289999999973
21
-102.9242569999999972
0
LINE
8
BLACK
6
CONTINUOUS
10
93.0612289999999973
20
-102.9242569999999972
11
92.963208999999992
21
-103.0709540000000004
0
LINE
8
BLACK
6
CONTINUOUS
10
92.963208999999992
20
-103.0709540000000004
11
92.8384539999999987
21
-103.1957089999999937
0
LINE
8
BLACK
6
CONTINUOUS
10
92.8384539999999987
20
-103.1957089999999937
11
92.6917569999999955
21
-103.293728999999999
0
LINE
8
BLACK
6
CONTINUOUS
10
92.6917569999999955
20
-103.293728999999999
11
92.5287560000000013
21
-103.3612459999999942
0
LINE
8
BLACK
6
CONTINUOUS
10
92.5287560000000013
20
-103.3612459999999942
11
92.3557149999999893
21
-103.3956659999999914
0
LINE
8
BLACK
6
CONTINUOUS
10
92.3557149999999893
20
-103.3956659999999914
11
92.179284999999993
21
-103.3956659999999914
0
LINE
8
BLACK
6
CONTINUOUS
10
92.179284999999993
20
-103.3956659999999914
11
92.0062439999999953
21
-103.3612459999999942
0
LINE
8
BLACK
6
CONTINUOUS
10
92.0062439999999953
20
-103.3612459999999942
11
91.8432430000000011
21
-103.293728999999999
0
LINE
8
BLACK
6
CONTINUOUS
10
91.8432430000000011
20
-103.293728999999999
11
91.6965459999999979
21
-103.1957089999999937
0
LINE
8
BLACK
6
CONTINUOUS
10
91.6965459999999979
20
-103.1957089999999937
11
91.5717909999999904
21
-103.0709540000000004
0
LINE
8
BLACK
6
CONTINUOUS
10
91.5717909999999904
20
-103.0709540000000004
11
91.4737709999999993
21
-102.9242569999999972
0
LINE
8
BLACK
6
CONTINUOUS
10
91.4737709999999993
20
-102.9242569999999972
11
91.4062539999999899
21
-102.7612559999999888
0
LINE
8
BLACK
6
CONTINUOUS
10
91.4062539999999899
20
-102.7612559999999888
11
91.3718339999999927
21
-102.5882149999999911
0
LINE
8
BLACK
6
CONTINUOUS
10
91.3718339999999927
20
-102.5882149999999911
11
91.3674999999999926
21
-102.5
0
LINE
8
BLACK
6
CONTINUOUS
10
91.3674999999999926
20
-102.5
11
91.3674999999999926
21
-100.6999999999999886
0
LINE
8
BLACK
6
CONTINUOUS
10
91.3674999999999926
20
-100.6999999999999886
11
91.3718339999999927
21
-100.6117849999999976
0
LINE
8
BLACK
6
CONTINUOUS
10
91.3718339999999927
20
-100.6117849999999976
11
91.4062539999999899
21
-100.4387439999999998
0
LINE
8
BLACK
6
CONTINUOUS
10
91.4062539999999899
20
-100.4387439999999998
11
91.4737709999999993
21
-100.2757429999999914
0
LINE
8
BLACK
6
CONTINUOUS
10
91.4737709999999993
20
-100.2757429999999914
11
91.5717909999999904
21
-100.1290460000000024
0
LINE
8
BLACK
6
CONTINUOUS
10
91.5717909999999904
20
-100.1290460000000024
11
91.6965459999999979
21
-100.0042909999999949
0
LINE
8
BLACK
6
CONTINUOUS
10
91.6965459999999979
20
-100.0042909999999949
11
91.8432430000000011
21
-99.9062709999999896
0
LINE
8
BLACK
6
CONTINUOUS
10
91.8432430000000011
20
-99.9062709999999896
11
92.0062439999999953
21
-99.8387539999999944
0
LINE
8
BLACK
6
CONTINUOUS
10
92.0062439999999953
20
-99.8387539999999944
11
92.179284999999993
21
-99.8043339999999972
0
LINE
8
BLACK
6
CONTINUOUS
10
92.179284999999993
20
-99.8043339999999972
11
92.3557149999999893
21
-99.8043339999999972
0
LINE
8
BLACK
6
CONTINUOUS
10
92.3557149999999893
20
-99.8043339999999972
11
92.5287560000000013
21
-99.8387539999999944
0
LINE
8
BLACK
6
CONTINUOUS
10
96.3387559999999894
20
-99.8387539999999944
11
96.5017569999999978
21
-99.9062709999999896
0
LINE
8
BLACK
6
CONTINUOUS
10
96.5017569999999978
20
-99.9062709999999896
11
96.648454000000001
21
-100.0042909999999949
0
LINE
8
BLACK
6
CONTINUOUS
10
96.648454000000001
20
-100.0042909999999949
11
96.7732089999999943
21
-100.1290460000000024
0
LINE
8
BLACK
6
CONTINUOUS
10
96.7732089999999943
20
-100.1290460000000024
11
96.8712289999999996
21
-100.2757429999999914
0
LINE
8
BLACK
6
CONTINUOUS
10
96.8712289999999996
20
-100.2757429999999914
11
96.9387459999999948
21
-100.4387439999999998
0
LINE
8
BLACK
6
CONTINUOUS
10
96.9387459999999948
20
-100.4387439999999998
11
96.973165999999992
21
-100.6117849999999976
0
LINE
8
BLACK
6
CONTINUOUS
10
96.973165999999992
20
-100.6117849999999976
11
96.977499999999992
21
-100.6999999999999886
0
LINE
8
BLACK
6
CONTINUOUS
10
96.977499999999992
20
-100.6999999999999886
11
96.977499999999992
21
-102.5
0
LINE
8
BLACK
6
CONTINUOUS
10
96.977499999999992
20
-102.5
11
96.973165999999992
21
-102.5882149999999911
0
LINE
8
BLACK
6
CONTINUOUS
10
96.973165999999992
20
-102.5882149999999911
11
96.9387459999999948
21
-102.7612559999999888
0
LINE
8
BLACK
6
CONTINUOUS
10
96.9387459999999948
20
-102.7612559999999888
11
96.8712289999999996
21
-102.9242569999999972
0
LINE
8
BLACK
6
CONTINUOUS
10
96.8712289999999996
20
-102.9242569999999972
11
96.7732089999999943
21
-103.0709540000000004
0
LINE
8
BLACK
6
CONTINUOUS
10
96.7732089999999943
20
-103.0709540000000004
11
96.648454000000001
21
-103.1957089999999937
0
LINE
8
BLACK
6
CONTINUOUS
10
96.648454000000001
20
-103.1957089999999937
11
96.5017569999999978
21
-103.293728999999999
0
LINE
8
BLACK
6
CONTINUOUS
10
96.5017569999999978
20
-103.293728999999999
11
96.3387559999999894
21
-103.3612459999999942
0
LINE
8
BLACK
6
CONTINUOUS
10
96.3387559999999894
20
-103.3612459999999942
11
96.1657149999999916
21
-103.3956659999999914
0
LINE
8
BLACK
6
CONTINUOUS
10
96.1657149999999916
20
-103.3956659999999914
11
95.9892849999999953
21
-103.3956659999999914
0
LINE
8
BLACK
6
CONTINUOUS
10
95.9892849999999953
20
-103.3956659999999914
11
95.8162439999999975
21
-103.3612459999999942
0
LINE
8
BLACK
6
CONTINUOUS
10
95.8162439999999975
20
-103.3612459999999942
11
95.6532429999999891
21
-103.293728999999999
0
LINE
8
BLACK
6
CONTINUOUS
10
95.6532429999999891
20
-103.293728999999999
11
95.5065460000000002
21
-103.1957089999999937
0
LINE
8
BLACK
6
CONTINUOUS
10
95.5065460000000002
20
-103.1957089999999937
11
95.3817909999999927
21
-103.0709540000000004
0
LINE
8
BLACK
6
CONTINUOUS
10
95.3817909999999927
20
-103.0709540000000004
11
95.2837710000000015
21
-102.9242569999999972
0
LINE
8
BLACK
6
CONTINUOUS
10
95.2837710000000015
20
-102.9242569999999972
11
95.2162539999999922
21
-102.7612559999999888
0
LINE
8
BLACK
6
CONTINUOUS
10
95.2162539999999922
20
-102.7612559999999888
11
95.1818339999999949
21
-102.5882149999999911
0
LINE
8
BLACK
6
CONTINUOUS
10
95.1818339999999949
20
-102.5882149999999911
11
95.1774999999999949
21
-102.5
0
LINE
8
BLACK
6
CONTINUOUS
10
95.1774999999999949
20
-102.5
11
95.1774999999999949
21
-100.6999999999999886
0
LINE
8
BLACK
6
CONTINUOUS
10
95.1774999999999949
20
-100.6999999999999886
11
95.1818339999999949
21
-100.6117849999999976
0
LINE
8
BLACK
6
CONTINUOUS
10
95.1818339999999949
20
-100.6117849999999976
11
95.2162539999999922
21
-100.4387439999999998
0
LINE
8
BLACK
6
CONTINUOUS
10
95.2162539999999922
20
-100.4387439999999998
11
95.2837710000000015
21
-100.2757429999999914
0
LINE
8
BLACK
6
CONTINUOUS
10
95.2837710000000015
20
-100.2757429999999914
11
95.3817909999999927
21
-100.1290460000000024
0
LINE
8
BLACK
6
CONTINUOUS
10
95.3817909999999927
20
-100.1290460000000024
11
95.5065460000000002
21
-100.0042909999999949
0
LINE
8
BLACK
6
CONTINUOUS
10
95.5065460000000002
20
-100.0042909999999949
11
95.6532429999999891
21
-99.9062709999999896
0
LINE
8
BLACK
6
CONTINUOUS
10
95.6532429999999891
20
-99.9062709999999896
11
95.8162439999999975
21
-99.8387539999999944
0
LINE
8
BLACK
6
CONTINUOUS
10
95.8162439999999975
20
-99.8387539999999944
11
95.9892849999999953
21
-99.8043339999999972
0
LINE
8
BLACK
6
CONTINUOUS
10
95.9892849999999953
20
-99.8043339999999972
11
96.1657149999999916
21
-99.8043339999999972
0
LINE
8
BLACK
6
CONTINUOUS
10
96.1657149999999916
20
-99.8043339999999972
11
96.3387559999999894
21
-99.8387539999999944
0
LINE
8
BLACK
6
CONTINUOUS
10
100.1487559999999917
20
-99.8387539999999944
11
100.3117570000000001
21
-99.9062709999999896
0
LINE
8
BLACK
6
CONTINUOUS
10
100.3117570000000001
20
-99.9062709999999896
11
100.458453999999989
21
-100.0042909999999949
0
LINE
8
BLACK
6
CONTINUOUS
10
100.458453999999989
20
-100.0042909999999949
11
100.5832089999999965
21
-100.1290460000000024
0
LINE
8
BLACK
6
CONTINUOUS
10
100.5832089999999965
20
-100.1290460000000024
11
100.6812290000000019
21
-100.2757429999999914
0
LINE
8
BLACK
6
CONTINUOUS
10
100.6812290000000019
20
-100.2757429999999914
11
100.748745999999997
21
-100.4387439999999998
0
LINE
8
BLACK
6
CONTINUOUS
10
100.748745999999997
20
-100.4387439999999998
11
100.7831659999999943
21
-100.6117849999999976
0
LINE
8
BLACK
6
CONTINUOUS
10
100.7831659999999943
20
-100.6117849999999976
11
100.7874999999999943
21
-100.6999999999999886
0
LINE
8
BLACK
6
CONTINUOUS
10
100.7874999999999943
20
-100.6999999999999886
11
100.7874999999999943
21
-102.5
0
LINE
8
BLACK
6
CONTINUOUS
10
100.7874999999999943
20
-102.5
11
100.7831659999999943
21
-102.5882149999999911
0
LINE
8
BLACK
6
CONTINUOUS
10
100.7831659999999943
20
-102.5882149999999911
11
100.748745999999997
21
-102.7612559999999888
0
LINE
8
BLACK
6
CONTINUOUS
10
100.748745999999997
20
-102.7612559999999888
11
100.6812290000000019
21
-102.9242569999999972
0
LINE
8
BLACK
6
CONTINUOUS
10
100.6812290000000019
20
-102.9242569999999972
11
100.5832089999999965
21
-103.0709540000000004
0
LINE
8
BLACK
6
CONTINUOUS
10
100.5832089999999965
20
-103.0709540000000004
11
100.458453999999989
21
-103.1957089999999937
0
LINE
8
BLACK
6
CONTINUOUS
10
100.458453999999989
20
-103.1957089999999937
11
100.3117570000000001
21
-103.293728999999999
0
LINE
8
BLACK
6
CONTINUOUS
10
100.3117570000000001
20
-103.293728999999999
11
100.1487559999999917
21
-103.3612459999999942
0
LINE
8
BLACK
6
CONTINUOUS
10
100.1487559999999917
20
-103.3612459999999942
11
99.9757149999999939
21
-103.3956659999999914
0
LINE
8
BLACK
6
CONTINUOUS
10
99.9757149999999939
20
-103.3956659999999914
11
99.7992849999999976
21
-103.3956659999999914
0
LINE
8
BLACK
6
CONTINUOUS
10
99.7992849999999976
20
-103.3956659999999914
11
99.6262439999999998
21
-103.3612459999999942
0
LINE
8
BLACK
6
CONTINUOUS
10
99.6262439999999998
20
-103.3612459999999942
11
99.4632429999999914
21
-103.293728999999999
0
LINE
8
BLACK
6
CONTINUOUS
10
99.4632429999999914
20
-103.293728999999999
11
99.3165460000000024
21
-103.1957089999999937
0
LINE
8
BLACK
6
CONTINUOUS
10
99.3165460000000024
20
-103.1957089999999937
11
99.1917909999999949
21
-103.0709540000000004
0
LINE
8
BLACK
6
CONTINUOUS
10
99.1917909999999949
20
-103.0709540000000004
11
99.0937709999999896
21
-102.9242569999999972
0
LINE
8
BLACK
6
CONTINUOUS
10
99.0937709999999896
20
-102.9242569999999972
11
99.0262539999999944
21
-102.7612559999999888
0
LINE
8
BLACK
6
CONTINUOUS
10
99.0262539999999944
20
-102.7612559999999888
11
98.9918339999999972
21
-102.5882149999999911
0
LINE
8
BLACK
6
CONTINUOUS
10
98.9918339999999972
20
-102.5882149999999911
11
98.9874999999999972
21
-102.5
0
LINE
8
BLACK
6
CONTINUOUS
10
98.9874999999999972
20
-102.5
11
98.9874999999999972
21
-100.6999999999999886
0
LINE
8
BLACK
6
CONTINUOUS
10
98.9874999999999972
20
-100.6999999999999886
11
98.9918339999999972
21
-100.6117849999999976
0
LINE
8
BLACK
6
CONTINUOUS
10
98.9918339999999972
20
-100.6117849999999976
11
99.0262539999999944
21
-100.4387439999999998
0
LINE
8
BLACK
6
CONTINUOUS
10
99.0262539999999944
20
-100.4387439999999998
11
99.0937709999999896
21
-100.2757429999999914
0
LINE
8
BLACK
6
CONTINUOUS
10
99.0937709999999896
20
-100.2757429999999914
11
99.1917909999999949
21
-100.1290460000000024
0
LINE
8
BLACK
6
CONTINUOUS
10
99.1917909999999949
20
-100.1290460000000024
11
99.3165460000000024
21
-100.0042909999999949
0
LINE
8
BLACK
6
CONTINUOUS
10
99.3165460000000024
20
-100.0042909999999949
11
99.4632429999999914
21
-99.9062709999999896
0
LINE
8
BLACK
6
CONTINUOUS
10
99.4632429999999914
20
-99.9062709999999896
11
99.6262439999999998
21
-99.8387539999999944
0
LINE
8
BLACK
6
CONTINUOUS
10
99.6262439999999998
20
-99.8387539999999944
11
99.7992849999999976
21
-99.8043339999999972
0
LINE
8
BLACK
6
CONTINUOUS
10
99.7992849999999976
20
-99.8043339999999972
11
99.9757149999999939
21
-99.8043339999999972
0
LINE
8
BLACK
6
CONTINUOUS
10
99.9757149999999939
20
-99.8043339999999972
11
100.1487559999999917
21
-99.8387539999999944
0
LINE
8
BLACK
6
CONTINUOUS
10
171.790284999999983
20
-101.2430599999999998
11
171.9713969999999961
21
-101.3180789999999973
0
LINE
8
BLACK
6
CONTINUOUS
10
171.9713969999999961
20
-101.3180789999999973
11
172.1343929999999887
21
-101.4269899999999893
0
LINE
8
BLACK
6
CONTINUOUS
10
172.1343929999999887
20
-101.4269899999999893
11
172.2730099999999993
21
-101.565607
0
LINE
8
BLACK
6
CONTINUOUS
10
172.2730099999999993
20
-101.565607
11
172.3819210000000055
21
-101.7286029999999926
0
LINE
8
BLACK
6
CONTINUOUS
10
172.3819210000000055
20
-101.7286029999999926
11
172.456940000000003
21
-101.9097149999999914
0
LINE
8
BLACK
6
CONTINUOUS
10
172.456940000000003
20
-101.9097149999999914
11
172.4951849999999922
21
-102.1019829999999899
0
LINE
8
BLACK
6
CONTINUOUS
10
172.4951849999999922
20
-102.1019829999999899
11
172.4951849999999922
21
-102.2980170000000015
0
LINE
8
BLACK
6
CONTINUOUS
10
172.4951849999999922
20
-102.2980170000000015
11
172.456940000000003
21
-102.4902850000000001
0
LINE
8
BLACK
6
CONTINUOUS
10
172.456940000000003
20
-102.4902850000000001
11
172.3819210000000055
21
-102.6713969999999989
0
LINE
8
BLACK
6
CONTINUOUS
10
172.3819210000000055
20
-102.6713969999999989
11
172.2730099999999993
21
-102.8343929999999915
0
LINE
8
BLACK
6
CONTINUOUS
10
172.2730099999999993
20
-102.8343929999999915
11
172.1343929999999887
21
-102.9730100000000022
0
LINE
8
BLACK
6
CONTINUOUS
10
172.1343929999999887
20
-102.9730100000000022
11
171.9713969999999961
21
-103.0819209999999941
0
LINE
8
BLACK
6
CONTINUOUS
10
171.9713969999999961
20
-103.0819209999999941
11
171.790284999999983
21
-103.1569399999999916
0
LINE
8
BLACK
6
CONTINUOUS
10
171.790284999999983
20
-103.1569399999999916
11
171.5980169999999987
21
-103.1951849999999951
0
LINE
8
BLACK
6
CONTINUOUS
10
171.5980169999999987
20
-103.1951849999999951
11
171.4019830000000013
21
-103.1951849999999951
0
LINE
8
BLACK
6
CONTINUOUS
10
171.4019830000000013
20
-103.1951849999999951
11
171.2097149999999885
21
-103.1569399999999916
0
LINE
8
BLACK
6
CONTINUOUS
10
171.2097149999999885
20
-103.1569399999999916
11
171.0286030000000039
21
-103.0819209999999941
0
LINE
8
BLACK
6
CONTINUOUS
10
171.0286030000000039
20
-103.0819209999999941
11
170.8656069999999829
21
-102.9730100000000022
0
LINE
8
BLACK
6
CONTINUOUS
10
170.8656069999999829
20
-102.9730100000000022
11
170.7269900000000007
21
-102.8343929999999915
0
LINE
8
BLACK
6
CONTINUOUS
10
170.7269900000000007
20
-102.8343929999999915
11
170.6180789999999945
21
-102.6713969999999989
0
LINE
8
BLACK
6
CONTINUOUS
10
170.6180789999999945
20
-102.6713969999999989
11
170.543059999999997
21
-102.4902850000000001
0
LINE
8
BLACK
6
CONTINUOUS
10
170.543059999999997
20
-102.4902850000000001
11
170.5048149999999794
21
-102.2980170000000015
0
LINE
8
BLACK
6
CONTINUOUS
10
170.5048149999999794
20
-102.2980170000000015
11
170.5048149999999794
21
-102.1019829999999899
0
LINE
8
BLACK
6
CONTINUOUS
10
170.5048149999999794
20
-102.1019829999999899
11
170.543059999999997
21
-101.9097149999999914
0
LINE
8
BLACK
6
CONTINUOUS
10
170.543059999999997
20
-101.9097149999999914
11
170.6180789999999945
21
-101.7286029999999926
0
LINE
8
BLACK
6
CONTINUOUS
10
170.6180789999999945
20
-101.7286029999999926
11
170.7269900000000007
21
-101.565607
0
LINE
8
BLACK
6
CONTINUOUS
10
170.7269900000000007
20
-101.565607
11
170.8656069999999829
21
-101.4269899999999893
0
LINE
8
BLACK
6
CONTINUOUS
10
170.8656069999999829
20
-101.4269899999999893
11
171.0286030000000039
21
-101.3180789999999973
0
LINE
8
BLACK
6
CONTINUOUS
10
171.0286030000000039
20
-101.3180789999999973
11
171.2097149999999885
21
-101.2430599999999998
0
LINE
8
BLACK
6
CONTINUOUS
10
171.2097149999999885
20
-101.2430599999999998
11
171.4019830000000013
21
-101.2048149999999964
0
LINE
8
BLACK
6
CONTINUOUS
10
171.4019830000000013
20
-101.2048149999999964
11
171.5980169999999987
21
-101.2048149999999964
0
LINE
8
BLACK
6
CONTINUOUS
10
171.5980169999999987
20
-101.2048149999999964
11
171.790284999999983
21
-101.2430599999999998
0
LINE
8
BLACK
6
CONTINUOUS
10
156.6500000000000057
20
-103.0749999999999886
11
154.9499999999999886
21
-103.0749999999999886
0
LINE
8
BLACK
6
CONTINUOUS
10
154.9499999999999886
20
-103.0749999999999886
11
154.9499999999999886
21
-101.375
0
LINE
8
BLACK
6
CONTINUOUS
10
154.9499999999999886
20
-101.375
11
156.6500000000000057
21
-101.375
0
LINE
8
BLACK
6
CONTINUOUS
10
156.6500000000000057
20
-101.375
11
156.6500000000000057
21
-103.0749999999999886
0
LINE
8
BLACK
6
CONTINUOUS
10
148.4267419999999902
20
-101.4116009999999903
11
148.5806869999999833
21
-101.4753669999999914
0
LINE
8
BLACK
6
CONTINUOUS
10
148.5806869999999833
20
-101.4753669999999914
11
148.7192340000000002
21
-101.5679409999999905
0
LINE
8
BLACK
6
CONTINUOUS
10
148.7192340000000002
20
-101.5679409999999905
11
148.8370589999999822
21
-101.685766000000001
0
LINE
8
BLACK
6
CONTINUOUS
10
148.8370589999999822
20
-101.685766000000001
11
148.9296329999999955
21
-101.8243129999999894
0
LINE
8
BLACK
6
CONTINUOUS
10
148.9296329999999955
20
-101.8243129999999894
11
148.9933989999999824
21
-101.9782579999999967
0
LINE
8
BLACK
6
CONTINUOUS
10
148.9933989999999824
20
-101.9782579999999967
11
149.0259069999999895
21
-102.1416849999999954
0
LINE
8
BLACK
6
CONTINUOUS
10
149.0259069999999895
20
-102.1416849999999954
11
149.0259069999999895
21
-102.3083149999999932
0
LINE
8
BLACK
6
CONTINUOUS
10
149.0259069999999895
20
-102.3083149999999932
11
148.9933989999999824
21
-102.4717419999999919
0
LINE
8
BLACK
6
CONTINUOUS
10
148.9933989999999824
20
-102.4717419999999919
11
148.9296329999999955
21
-102.6256869999999992
0
LINE
8
BLACK
6
CONTINUOUS
10
148.9296329999999955
20
-102.6256869999999992
11
148.8370589999999822
21
-102.7642340000000019
0
LINE
8
BLACK
6
CONTINUOUS
10
148.8370589999999822
20
-102.7642340000000019
11
148.7192340000000002
21
-102.8820589999999982
0
LINE
8
BLACK
6
CONTINUOUS
10
148.7192340000000002
20
-102.8820589999999982
11
148.5806869999999833
21
-102.9746329999999972
0
LINE
8
BLACK
6
CONTINUOUS
10
148.5806869999999833
20
-102.9746329999999972
11
148.4267419999999902
21
-103.0383989999999983
0
LINE
8
BLACK
6
CONTINUOUS
10
148.4267419999999902
20
-103.0383989999999983
11
148.2633150000000057
21
-103.0709069999999912
0
LINE
8
BLACK
6
CONTINUOUS
10
148.2633150000000057
20
-103.0709069999999912
11
148.0966849999999795
21
-103.0709069999999912
0
LINE
8
BLACK
6
CONTINUOUS
10
148.0966849999999795
20
-103.0709069999999912
11
147.933257999999995
21
-103.0383989999999983
0
LINE
8
BLACK
6
CONTINUOUS
10
147.933257999999995
20
-103.0383989999999983
11
147.7793130000000019
21
-102.9746329999999972
0
LINE
8
BLACK
6
CONTINUOUS
10
147.7793130000000019
20
-102.9746329999999972
11
147.6407659999999851
21
-102.8820589999999982
0
LINE
8
BLACK
6
CONTINUOUS
10
147.6407659999999851
20
-102.8820589999999982
11
147.522941000000003
21
-102.7642340000000019
0
LINE
8
BLACK
6
CONTINUOUS
10
147.522941000000003
20
-102.7642340000000019
11
147.4303669999999897
21
-102.6256869999999992
0
LINE
8
BLACK
6
CONTINUOUS
10
147.4303669999999897
20
-102.6256869999999992
11
147.3666010000000028
21
-102.4717419999999919
0
LINE
8
BLACK
6
CONTINUOUS
10
147.3666010000000028
20
-102.4717419999999919
11
147.3340929999999958
21
-102.3083149999999932
0
LINE
8
BLACK
6
CONTINUOUS
10
147.3340929999999958
20
-102.3083149999999932
11
147.3340929999999958
21
-102.1416849999999954
0
LINE
8
BLACK
6
CONTINUOUS
10
147.3340929999999958
20
-102.1416849999999954
11
147.3666010000000028
21
-101.9782579999999967
0
LINE
8
BLACK
6
CONTINUOUS
10
147.3666010000000028
20
-101.9782579999999967
11
147.4303669999999897
21
-101.8243129999999894
0
LINE
8
BLACK
6
CONTINUOUS
10
147.4303669999999897
20
-101.8243129999999894
11
147.522941000000003
21
-101.685766000000001
0
LINE
8
BLACK
6
CONTINUOUS
10
147.522941000000003
20
-101.685766000000001
11
147.6407659999999851
21
-101.5679409999999905
0
LINE
8
BLACK
6
CONTINUOUS
10
147.6407659999999851
20
-101.5679409999999905
11
147.7793130000000019
21
-101.4753669999999914
0
LINE
8
BLACK
6
CONTINUOUS
10
147.7793130000000019
20
-101.4753669999999914
11
147.933257999999995
21
-101.4116009999999903
0
LINE
8
BLACK
6
CONTINUOUS
10
147.933257999999995
20
-101.4116009999999903
11
148.0966849999999795
21
-101.3790929999999975
0
LINE
8
BLACK
6
CONTINUOUS
10
148.0966849999999795
20
-101.3790929999999975
11
148.2633150000000057
21
-101.3790929999999975
0
LINE
8
BLACK
6
CONTINUOUS
10
148.2633150000000057
20
-101.3790929999999975
11
148.4267419999999902
21
-101.4116009999999903
0
LINE
8
BLACK
6
CONTINUOUS
10
150.9667419999999822
20
-101.4116009999999903
11
151.1206870000000038
21
-101.4753669999999914
0
LINE
8
BLACK
6
CONTINUOUS
10
151.1206870000000038
20
-101.4753669999999914
11
151.2592339999999922
21
-101.5679409999999905
0
LINE
8
BLACK
6
CONTINUOUS
10
151.2592339999999922
20
-101.5679409999999905
11
151.3770590000000027
21
-101.685766000000001
0
LINE
8
BLACK
6
CONTINUOUS
10
151.3770590000000027
20
-101.685766000000001
11
151.4696329999999875
21
-101.8243129999999894
0
LINE
8
BLACK
6
CONTINUOUS
10
151.4696329999999875
20
-101.8243129999999894
11
151.5333990000000028
21
-101.9782579999999967
0
LINE
8
BLACK
6
CONTINUOUS
10
151.5333990000000028
20
-101.9782579999999967
11
151.5659069999999815
21
-102.1416849999999954
0
LINE
8
BLACK
6
CONTINUOUS
10
151.5659069999999815
20
-102.1416849999999954
11
151.5659069999999815
21
-102.3083149999999932
0
LINE
8
BLACK
6
CONTINUOUS
10
151.5659069999999815
20
-102.3083149999999932
11
151.5333990000000028
21
-102.4717419999999919
0
LINE
8
BLACK
6
CONTINUOUS
10
151.5333990000000028
20
-102.4717419999999919
11
151.4696329999999875
21
-102.6256869999999992
0
LINE
8
BLACK
6
CONTINUOUS
10
151.4696329999999875
20
-102.6256869999999992
11
151.3770590000000027
21
-102.7642340000000019
0
LINE
8
BLACK
6
CONTINUOUS
10
151.3770590000000027
20
-102.7642340000000019
11
151.2592339999999922
21
-102.8820589999999982
0
LINE
8
BLACK
6
CONTINUOUS
10
151.2592339999999922
20
-102.8820589999999982
11
151.1206870000000038
21
-102.9746329999999972
0
LINE
8
BLACK
6
CONTINUOUS
10
151.1206870000000038
20
-102.9746329999999972
11
150.9667419999999822
21
-103.0383989999999983
0
LINE
8
BLACK
6
CONTINUOUS
10
150.9667419999999822
20
-103.0383989999999983
11
150.8033149999999978
21
-103.0709069999999912
0
LINE
8
BLACK
6
CONTINUOUS
10
150.8033149999999978
20
-103.0709069999999912
11
150.6366849999999999
21
-103.0709069999999912
0
LINE
8
BLACK
6
CONTINUOUS
10
150.6366849999999999
20
-103.0709069999999912
11
150.4732579999999871
21
-103.0383989999999983
0
LINE
8
BLACK
6
CONTINUOUS
10
150.4732579999999871
20
-103.0383989999999983
11
150.319312999999994
21
-102.9746329999999972
0
LINE
8
BLACK
6
CONTINUOUS
10
150.319312999999994
20
-102.9746329999999972
11
150.1807660000000055
21
-102.8820589999999982
0
LINE
8
BLACK
6
CONTINUOUS
10
150.1807660000000055
20
-102.8820589999999982
11
150.062940999999995
21
-102.7642340000000019
0
LINE
8
BLACK
6
CONTINUOUS
10
150.062940999999995
20
-102.7642340000000019
11
149.9703669999999818
21
-102.6256869999999992
0
LINE
8
BLACK
6
CONTINUOUS
10
149.9703669999999818
20
-102.6256869999999992
11
149.9066009999999949
21
-102.4717419999999919
0
LINE
8
BLACK
6
CONTINUOUS
10
149.9066009999999949
20
-102.4717419999999919
11
149.8740929999999878
21
-102.3083149999999932
0
LINE
8
BLACK
6
CONTINUOUS
10
149.8740929999999878
20
-102.3083149999999932
11
149.8740929999999878
21
-102.1416849999999954
0
LINE
8
BLACK
6
CONTINUOUS
10
149.8740929999999878
20
-102.1416849999999954
11
149.9066009999999949
21
-101.9782579999999967
0
LINE
8
BLACK
6
CONTINUOUS
10
149.9066009999999949
20
-101.9782579999999967
11
149.9703669999999818
21
-101.8243129999999894
0
LINE
8
BLACK
6
CONTINUOUS
10
149.9703669999999818
20
-101.8243129999999894
11
150.062940999999995
21
-101.685766000000001
0
LINE
8
BLACK
6
CONTINUOUS
10
150.062940999999995
20
-101.685766000000001
11
150.1807660000000055
21
-101.5679409999999905
0
LINE
8
BLACK
6
CONTINUOUS
10
150.1807660000000055
20
-101.5679409999999905
11
150.319312999999994
21
-101.4753669999999914
0
LINE
8
BLACK
6
CONTINUOUS
10
150.319312999999994
20
-101.4753669999999914
11
150.4732579999999871
21
-101.4116009999999903
0
LINE
8
BLACK
6
CONTINUOUS
10
150.4732579999999871
20
-101.4116009999999903
11
150.6366849999999999
21
-101.3790929999999975
0
LINE
8
BLACK
6
CONTINUOUS
10
150.6366849999999999
20
-101.3790929999999975
11
150.8033149999999978
21
-101.3790929999999975
0
LINE
8
BLACK
6
CONTINUOUS
10
150.8033149999999978
20
-101.3790929999999975
11
150.9667419999999822
21
-101.4116009999999903
0
LINE
8
BLACK
6
CONTINUOUS
10
153.5067420000000027
20
-101.4116009999999903
11
153.6606869999999958
21
-101.4753669999999914
0
LINE
8
BLACK
6
CONTINUOUS
10
153.6606869999999958
20
-101.4753669999999914
11
153.7992339999999842
21
-101.5679409999999905
0
LINE
8
BLACK
6
CONTINUOUS
10
153.7992339999999842
20
-101.5679409999999905
11
153.9170589999999947
21
-101.685766000000001
0
LINE
8
BLACK
6
CONTINUOUS
10
153.9170589999999947
20
-101.685766000000001
11
154.0096329999999796
21
-101.8243129999999894
0
LINE
8
BLACK
6
CONTINUOUS
10
154.0096329999999796
20
-101.8243129999999894
11
154.0733989999999949
21
-101.9782579999999967
0
LINE
8
BLACK
6
CONTINUOUS
10
154.0733989999999949
20
-101.9782579999999967
11
154.105907000000002
21
-102.1416849999999954
0
LINE
8
BLACK
6
CONTINUOUS
10
154.105907000000002
20
-102.1416849999999954
11
154.105907000000002
21
-102.3083149999999932
0
LINE
8
BLACK
6
CONTINUOUS
10
154.105907000000002
20
-102.3083149999999932
11
154.0733989999999949
21
-102.4717419999999919
0
LINE
8
BLACK
6
CONTINUOUS
10
154.0733989999999949
20
-102.4717419999999919
11
154.0096329999999796
21
-102.6256869999999992
0
LINE
8
BLACK
6
CONTINUOUS
10
154.0096329999999796
20
-102.6256869999999992
11
153.9170589999999947
21
-102.7642340000000019
0
LINE
8
BLACK
6
CONTINUOUS
10
153.9170589999999947
20
-102.7642340000000019
11
153.7992339999999842
21
-102.8820589999999982
0
LINE
8
BLACK
6
CONTINUOUS
10
153.7992339999999842
20
-102.8820589999999982
11
153.6606869999999958
21
-102.9746329999999972
0
LINE
8
BLACK
6
CONTINUOUS
10
153.6606869999999958
20
-102.9746329999999972
11
153.5067420000000027
21
-103.0383989999999983
0
LINE
8
BLACK
6
CONTINUOUS
10
153.5067420000000027
20
-103.0383989999999983
11
153.3433149999999898
21
-103.0709069999999912
0
LINE
8
BLACK
6
CONTINUOUS
10
153.3433149999999898
20
-103.0709069999999912
11
153.176684999999992
21
-103.0709069999999912
0
LINE
8
BLACK
6
CONTINUOUS
10
153.176684999999992
20
-103.0709069999999912
11
153.0132579999999791
21
-103.0383989999999983
0
LINE
8
BLACK
6
CONTINUOUS
10
153.0132579999999791
20
-103.0383989999999983
11
152.859312999999986
21
-102.9746329999999972
0
LINE
8
BLACK
6
CONTINUOUS
10
152.859312999999986
20
-102.9746329999999972
11
152.7207659999999976
21
-102.8820589999999982
0
LINE
8
BLACK
6
CONTINUOUS
10
152.7207659999999976
20
-102.8820589999999982
11
152.6029409999999871
21
-102.7642340000000019
0
LINE
8
BLACK
6
CONTINUOUS
10
152.6029409999999871
20
-102.7642340000000019
11
152.5103670000000022
21
-102.6256869999999992
0
LINE
8
BLACK
6
CONTINUOUS
10
152.5103670000000022
20
-102.6256869999999992
11
152.4466009999999869
21
-102.4717419999999919
0
LINE
8
BLACK
6
CONTINUOUS
10
152.4466009999999869
20
-102.4717419999999919
11
152.4140929999999798
21
-102.3083149999999932
0
LINE
8
BLACK
6
CONTINUOUS
10
152.4140929999999798
20
-102.3083149999999932
11
152.4140929999999798
21
-102.1416849999999954
0
LINE
8
BLACK
6
CONTINUOUS
10
152.4140929999999798
20
-102.1416849999999954
11
152.4466009999999869
21
-101.9782579999999967
0
LINE
8
BLACK
6
CONTINUOUS
10
152.4466009999999869
20
-101.9782579999999967
11
152.5103670000000022
21
-101.8243129999999894
0
LINE
8
BLACK
6
CONTINUOUS
10
152.5103670000000022
20
-101.8243129999999894
11
152.6029409999999871
21
-101.685766000000001
0
LINE
8
BLACK
6
CONTINUOUS
10
152.6029409999999871
20
-101.685766000000001
11
152.7207659999999976
21
-101.5679409999999905
0
LINE
8
BLACK
6
CONTINUOUS
10
152.7207659999999976
20
-101.5679409999999905
11
152.859312999999986
21
-101.4753669999999914
0
LINE
8
BLACK
6
CONTINUOUS
10
152.859312999999986
20
-101.4753669999999914
11
153.0132579999999791
21
-101.4116009999999903
0
LINE
8
BLACK
6
CONTINUOUS
10
153.0132579999999791
20
-101.4116009999999903
11
153.176684999999992
21
-101.3790929999999975
0
LINE
8
BLACK
6
CONTINUOUS
10
153.176684999999992
20
-101.3790929999999975
11
153.3433149999999898
21
-101.3790929999999975
0
LINE
8
BLACK
6
CONTINUOUS
10
153.3433149999999898
20
-101.3790929999999975
11
153.5067420000000027
21
-101.4116009999999903
0
LINE
8
BLACK
6
CONTINUOUS
10
112.3499999999999943
20
-102.6999999999999886
11
111.8499999999999943
21
-102.1999999999999886
0
LINE
8
BLACK
6
CONTINUOUS
10
111.8499999999999943
20
-102.1999999999999886
11
111.3499999999999943
21
-102.6999999999999886
0
LINE
8
BLACK
6
CONTINUOUS
10
111.3499999999999943
20
-102.6999999999999886
11
111.3499999999999943
21
-101.5499999999999972
0
LINE
8
BLACK
6
CONTINUOUS
10
111.3499999999999943
20
-101.5499999999999972
11
112.3499999999999943
21
-101.5499999999999972
0
LINE
8
BLACK
6
CONTINUOUS
10
112.3499999999999943
20
-101.5499999999999972
11
112.3499999999999943
21
-102.6999999999999886
0
LINE
8
BLACK
6
CONTINUOUS
10
175.2754740000000027
20
-100.6036359999999945
11
175.3826399999999808
21
-100.6323509999999999
0
LINE
8
BLACK
6
CONTINUOUS
10
175.3826399999999808
20
-100.6323509999999999
11
175.4787239999999997
21
-100.6878249999999895
0
LINE
8
BLACK
6
CONTINUOUS
10
175.4787239999999997
20
-100.6878249999999895
11
175.5571750000000009
21
-100.7662759999999906
0
LINE
8
BLACK
6
CONTINUOUS
10
175.5571750000000009
20
-100.7662759999999906
11
175.6126490000000047
21
-100.8623599999999954
0
LINE
8
BLACK
6
CONTINUOUS
10
175.6126490000000047
20
-100.8623599999999954
11
175.6413639999999816
21
-100.9695260000000019
0
LINE
8
BLACK
6
CONTINUOUS
10
175.6413639999999816
20
-100.9695260000000019
11
175.6413639999999816
21
-101.0804739999999953
0
LINE
8
BLACK
6
CONTINUOUS
10
175.6413639999999816
20
-101.0804739999999953
11
175.6126490000000047
21
-101.1876400000000018
0
LINE
8
BLACK
6
CONTINUOUS
10
175.6126490000000047
20
-101.1876400000000018
11
175.5571750000000009
21
-101.2837239999999923
0
LINE
8
BLACK
6
CONTINUOUS
10
175.5571750000000009
20
-101.2837239999999923
11
175.4787239999999997
21
-101.3621749999999935
0
LINE
8
BLACK
6
CONTINUOUS
10
175.4787239999999997
20
-101.3621749999999935
11
175.3826399999999808
21
-101.4176489999999973
0
LINE
8
BLACK
6
CONTINUOUS
10
175.3826399999999808
20
-101.4176489999999973
11
175.2754740000000027
21
-101.4463639999999884
0
LINE
8
BLACK
6
CONTINUOUS
10
175.2754740000000027
20
-101.4463639999999884
11
175.2199999999999989
21
-101.4499999999999886
0
LINE
8
BLACK
6
CONTINUOUS
10
175.2199999999999989
20
-101.4499999999999886
11
174.2199999999999989
21
-101.4499999999999886
0
LINE
8
BLACK
6
CONTINUOUS
10
174.2199999999999989
20
-101.4499999999999886
11
174.1645259999999951
21
-101.4463639999999884
0
LINE
8
BLACK
6
CONTINUOUS
10
174.1645259999999951
20
-101.4463639999999884
11
174.0573599999999885
21
-101.4176489999999973
0
LINE
8
BLACK
6
CONTINUOUS
10
174.0573599999999885
20
-101.4176489999999973
11
173.961275999999998
21
-101.3621749999999935
0
LINE
8
BLACK
6
CONTINUOUS
10
173.961275999999998
20
-101.3621749999999935
11
173.8828249999999969
21
-101.2837239999999923
0
LINE
8
BLACK
6
CONTINUOUS
10
173.8828249999999969
20
-101.2837239999999923
11
173.8273509999999931
21
-101.1876400000000018
0
LINE
8
BLACK
6
CONTINUOUS
10
173.8273509999999931
20
-101.1876400000000018
11
173.7986359999999877
21
-101.0804739999999953
0
LINE
8
BLACK
6
CONTINUOUS
10
173.7986359999999877
20
-101.0804739999999953
11
173.7986359999999877
21
-100.9695260000000019
0
LINE
8
BLACK
6
CONTINUOUS
10
173.7986359999999877
20
-100.9695260000000019
11
173.8273509999999931
21
-100.8623599999999954
0
LINE
8
BLACK
6
CONTINUOUS
10
173.8273509999999931
20
-100.8623599999999954
11
173.8828249999999969
21
-100.7662759999999906
0
LINE
8
BLACK
6
CONTINUOUS
10
173.8828249999999969
20
-100.7662759999999906
11
173.961275999999998
21
-100.6878249999999895
0
LINE
8
BLACK
6
CONTINUOUS
10
173.961275999999998
20
-100.6878249999999895
11
174.0573599999999885
21
-100.6323509999999999
0
LINE
8
BLACK
6
CONTINUOUS
10
174.0573599999999885
20
-100.6323509999999999
11
174.1645259999999951
21
-100.6036359999999945
0
LINE
8
BLACK
6
CONTINUOUS
10
174.1645259999999951
20
-100.6036359999999945
11
174.2199999999999989
21
-100.5999999999999943
0
LINE
8
BLACK
6
CONTINUOUS
10
174.2199999999999989
20
-100.5999999999999943
11
175.2199999999999989
21
-100.5999999999999943
0
LINE
8
BLACK
6
CONTINUOUS
10
175.2199999999999989
20
-100.5999999999999943
11
175.2754740000000027
21
-100.6036359999999945
0
LINE
8
BLACK
6
CONTINUOUS
10
174.9199999999999875
20
-99.1700000000000017
11
174.0799999999999841
21
-99.1700000000000017
0
LINE
8
BLACK
6
CONTINUOUS
10
174.0799999999999841
20
-99.1700000000000017
11
174.0799999999999841
21
-98.3299999999999983
0
LINE
8
BLACK
6
CONTINUOUS
10
174.0799999999999841
20
-98.3299999999999983
11
174.9199999999999875
21
-98.3299999999999983
0
LINE
8
BLACK
6
CONTINUOUS
10
174.9199999999999875
20
-98.3299999999999983
11
174.9199999999999875
21
-99.1700000000000017
0
LINE
8
BLACK
6
CONTINUOUS
10
175.6607269999999801
20
-97.7119709999999912
11
175.7556799999999839
21
-97.7667919999999953
0
LINE
8
BLACK
6
CONTINUOUS
10
175.7556799999999839
20
-97.7667919999999953
11
175.8332079999999848
21
-97.8443199999999962
0
LINE
8
BLACK
6
CONTINUOUS
10
175.8332079999999848
20
-97.8443199999999962
11
175.8880289999999889
21
-97.939273
0
LINE
8
BLACK
6
CONTINUOUS
10
175.8880289999999889
20
-97.939273
11
175.9164069999999924
21
-98.0451789999999903
0
LINE
8
BLACK
6
CONTINUOUS
10
175.9164069999999924
20
-98.0451789999999903
11
175.9164069999999924
21
-98.1548209999999983
0
LINE
8
BLACK
6
CONTINUOUS
10
175.9164069999999924
20
-98.1548209999999983
11
175.8880289999999889
21
-98.2607269999999886
0
LINE
8
BLACK
6
CONTINUOUS
10
175.8880289999999889
20
-98.2607269999999886
11
175.8332079999999848
21
-98.3556799999999924
0
LINE
8
BLACK
6
CONTINUOUS
10
175.8332079999999848
20
-98.3556799999999924
11
175.7556799999999839
21
-98.4332079999999934
0
LINE
8
BLACK
6
CONTINUOUS
10
175.7556799999999839
20
-98.4332079999999934
11
175.6607269999999801
21
-98.4880289999999974
0
LINE
8
BLACK
6
CONTINUOUS
10
175.6607269999999801
20
-98.4880289999999974
11
175.554821000000004
21
-98.5164070000000009
0
LINE
8
BLACK
6
CONTINUOUS
10
175.554821000000004
20
-98.5164070000000009
11
175.445178999999996
21
-98.5164070000000009
0
LINE
8
BLACK
6
CONTINUOUS
10
175.445178999999996
20
-98.5164070000000009
11
175.3392729999999915
21
-98.4880289999999974
0
LINE
8
BLACK
6
CONTINUOUS
10
175.3392729999999915
20
-98.4880289999999974
11
175.2443199999999877
21
-98.4332079999999934
0
LINE
8
BLACK
6
CONTINUOUS
10
175.2443199999999877
20
-98.4332079999999934
11
175.1667919999999867
21
-98.3556799999999924
0
LINE
8
BLACK
6
CONTINUOUS
10
175.1667919999999867
20
-98.3556799999999924
11
175.1119709999999827
21
-98.2607269999999886
0
LINE
8
BLACK
6
CONTINUOUS
10
175.1119709999999827
20
-98.2607269999999886
11
175.0835929999999792
21
-98.1548209999999983
0
LINE
8
BLACK
6
CONTINUOUS
10
175.0835929999999792
20
-98.1548209999999983
11
175.0835929999999792
21
-98.0451789999999903
0
LINE
8
BLACK
6
CONTINUOUS
10
175.0835929999999792
20
-98.0451789999999903
11
175.1119709999999827
21
-97.939273
0
LINE
8
BLACK
6
CONTINUOUS
10
175.1119709999999827
20
-97.939273
11
175.1667919999999867
21
-97.8443199999999962
0
LINE
8
BLACK
6
CONTINUOUS
10
175.1667919999999867
20
-97.8443199999999962
11
175.2443199999999877
21
-97.7667919999999953
0
LINE
8
BLACK
6
CONTINUOUS
10
175.2443199999999877
20
-97.7667919999999953
11
175.3392729999999915
21
-97.7119709999999912
0
LINE
8
BLACK
6
CONTINUOUS
10
175.3392729999999915
20
-97.7119709999999912
11
175.445178999999996
21
-97.6835930000000019
0
LINE
8
BLACK
6
CONTINUOUS
10
175.445178999999996
20
-97.6835930000000019
11
175.554821000000004
21
-97.6835930000000019
0
LINE
8
BLACK
6
CONTINUOUS
10
175.554821000000004
20
-97.6835930000000019
11
175.6607269999999801
21
-97.7119709999999912
0
LINE
8
BLACK
6
CONTINUOUS
10
174.6607269999999801
20
-97.0619709999999998
11
174.7556799999999839
21
-97.1167919999999896
0
LINE
8
BLACK
6
CONTINUOUS
10
174.7556799999999839
20
-97.1167919999999896
11
174.8332079999999848
21
-97.1943199999999905
0
LINE
8
BLACK
6
CONTINUOUS
10
174.8332079999999848
20
-97.1943199999999905
11
174.8880289999999889
21
-97.2892729999999943
0
LINE
8
BLACK
6
CONTINUOUS
10
174.8880289999999889
20
-97.2892729999999943
11
174.9164069999999924
21
-97.3951789999999988
0
LINE
8
BLACK
6
CONTINUOUS
10
174.9164069999999924
20
-97.3951789999999988
11
174.9164069999999924
21
-97.5048209999999926
0
LINE
8
BLACK
6
CONTINUOUS
10
174.9164069999999924
20
-97.5048209999999926
11
174.8880289999999889
21
-97.6107269999999971
0
LINE
8
BLACK
6
CONTINUOUS
10
174.8880289999999889
20
-97.6107269999999971
11
174.8332079999999848
21
-97.705680000000001
0
LINE
8
BLACK
6
CONTINUOUS
10
174.8332079999999848
20
-97.705680000000001
11
174.7556799999999839
21
-97.7832080000000019
0
LINE
8
BLACK
6
CONTINUOUS
10
174.7556799999999839
20
-97.7832080000000019
11
174.6607269999999801
21
-97.8380289999999917
0
LINE
8
BLACK
6
CONTINUOUS
10
174.6607269999999801
20
-97.8380289999999917
11
174.554821000000004
21
-97.8664069999999953
0
LINE
8
BLACK
6
CONTINUOUS
10
174.554821000000004
20
-97.8664069999999953
11
174.445178999999996
21
-97.8664069999999953
0
LINE
8
BLACK
6
CONTINUOUS
10
174.445178999999996
20
-97.8664069999999953
11
174.3392729999999915
21
-97.8380289999999917
0
LINE
8
BLACK
6
CONTINUOUS
10
174.3392729999999915
20
-97.8380289999999917
11
174.2443199999999877
21
-97.7832080000000019
0
LINE
8
BLACK
6
CONTINUOUS
10
174.2443199999999877
20
-97.7832080000000019
11
174.1667919999999867
21
-97.705680000000001
0
LINE
8
BLACK
6
CONTINUOUS
10
174.1667919999999867
20
-97.705680000000001
11
174.1119709999999827
21
-97.6107269999999971
0
LINE
8
BLACK
6
CONTINUOUS
10
174.1119709999999827
20
-97.6107269999999971
11
174.0835929999999792
21
-97.5048209999999926
0
LINE
8
BLACK
6
CONTINUOUS
10
174.0835929999999792
20
-97.5048209999999926
11
174.0835929999999792
21
-97.3951789999999988
0
LINE
8
BLACK
6
CONTINUOUS
10
174.0835929999999792
20
-97.3951789999999988
11
174.1119709999999827
21
-97.2892729999999943
0
LINE
8
BLACK
6
CONTINUOUS
10
174.1119709999999827
20
-97.2892729999999943
11
174.1667919999999867
21
-97.1943199999999905
0
LINE
8
BLACK
6
CONTINUOUS
10
174.1667919999999867
20
-97.1943199999999905
11
174.2443199999999877
21
-97.1167919999999896
0
LINE
8
BLACK
6
CONTINUOUS
10
174.2443199999999877
20
-97.1167919999999896
11
174.3392729999999915
21
-97.0619709999999998
0
LINE
8
BLACK
6
CONTINUOUS
10
174.3392729999999915
20
-97.0619709999999998
11
174.445178999999996
21
-97.0335929999999962
0
LINE
8
BLACK
6
CONTINUOUS
10
174.445178999999996
20
-97.0335929999999962
11
174.554821000000004
21
-97.0335929999999962
0
LINE
8
BLACK
6
CONTINUOUS
10
174.554821000000004
20
-97.0335929999999962
11
174.6607269999999801
21
-97.0619709999999998
0
LINE
8
BLACK
6
CONTINUOUS
10
175.6607269999999801
20
-96.4119709999999941
11
175.7556799999999839
21
-96.4667919999999981
0
LINE
8
BLACK
6
CONTINUOUS
10
175.7556799999999839
20
-96.4667919999999981
11
175.8332079999999848
21
-96.544319999999999
0
LINE
8
BLACK
6
CONTINUOUS
10
175.8332079999999848
20
-96.544319999999999
11
175.8880289999999889
21
-96.6392729999999887
0
LINE
8
BLACK
6
CONTINUOUS
10
175.8880289999999889
20
-96.6392729999999887
11
175.9164069999999924
21
-96.7451789999999932
0
LINE
8
BLACK
6
CONTINUOUS
10
175.9164069999999924
20
-96.7451789999999932
11
175.9164069999999924
21
-96.8548210000000012
0
LINE
8
BLACK
6
CONTINUOUS
10
175.9164069999999924
20
-96.8548210000000012
11
175.8880289999999889
21
-96.9607269999999914
0
LINE
8
BLACK
6
CONTINUOUS
10
175.8880289999999889
20
-96.9607269999999914
11
175.8332079999999848
21
-97.0556799999999953
0
LINE
8
BLACK
6
CONTINUOUS
10
175.8332079999999848
20
-97.0556799999999953
11
175.7556799999999839
21
-97.1332079999999962
0
LINE
8
BLACK
6
CONTINUOUS
10
175.7556799999999839
20
-97.1332079999999962
11
175.6607269999999801
21
-97.1880290000000002
0
LINE
8
BLACK
6
CONTINUOUS
10
175.6607269999999801
20
-97.1880290000000002
11
175.554821000000004
21
-97.2164069999999896
0
LINE
8
BLACK
6
CONTINUOUS
10
175.554821000000004
20
-97.2164069999999896
11
175.445178999999996
21
-97.2164069999999896
0
LINE
8
BLACK
6
CONTINUOUS
10
175.445178999999996
20
-97.2164069999999896
11
175.3392729999999915
21
-97.1880290000000002
0
LINE
8
BLACK
6
CONTINUOUS
10
175.3392729999999915
20
-97.1880290000000002
11
175.2443199999999877
21
-97.1332079999999962
0
LINE
8
BLACK
6
CONTINUOUS
10
175.2443199999999877
20
-97.1332079999999962
11
175.1667919999999867
21
-97.0556799999999953
0
LINE
8
BLACK
6
CONTINUOUS
10
175.1667919999999867
20
-97.0556799999999953
11
175.1119709999999827
21
-96.9607269999999914
0
LINE
8
BLACK
6
CONTINUOUS
10
175.1119709999999827
20
-96.9607269999999914
11
175.0835929999999792
21
-96.8548210000000012
0
LINE
8
BLACK
6
CONTINUOUS
10
175.0835929999999792
20
-96.8548210000000012
11
175.0835929999999792
21
-96.7451789999999932
0
LINE
8
BLACK
6
CONTINUOUS
10
175.0835929999999792
20
-96.7451789999999932
11
175.1119709999999827
21
-96.6392729999999887
0
LINE
8
BLACK
6
CONTINUOUS
10
175.1119709999999827
20
-96.6392729999999887
11
175.1667919999999867
21
-96.544319999999999
0
LINE
8
BLACK
6
CONTINUOUS
10
175.1667919999999867
20
-96.544319999999999
11
175.2443199999999877
21
-96.4667919999999981
0
LINE
8
BLACK
6
CONTINUOUS
10
175.2443199999999877
20
-96.4667919999999981
11
175.3392729999999915
21
-96.4119709999999941
0
LINE
8
BLACK
6
CONTINUOUS
10
175.3392729999999915
20
-96.4119709999999941
11
175.445178999999996
21
-96.3835929999999905
0
LINE
8
BLACK
6
CONTINUOUS
10
175.445178999999996
20
-96.3835929999999905
11
175.554821000000004
21
-96.3835929999999905
0
LINE
8
BLACK
6
CONTINUOUS
10
175.554821000000004
20
-96.3835929999999905
11
175.6607269999999801
21
-96.4119709999999941
0
LINE
8
BLACK
6
CONTINUOUS
10
174.6607269999999801
20
-95.7619710000000026
11
174.7556799999999839
21
-95.8167919999999924
0
LINE
8
BLACK
6
CONTINUOUS
10
174.7556799999999839
20
-95.8167919999999924
11
174.8332079999999848
21
-95.8943199999999933
0
LINE
8
BLACK
6
CONTINUOUS
10
174.8332079999999848
20
-95.8943199999999933
11
174.8880289999999889
21
-95.9892729999999972
0
LINE
8
BLACK
6
CONTINUOUS
10
174.8880289999999889
20
-95.9892729999999972
11
174.9164069999999924
21
-96.0951790000000017
0
LINE
8
BLACK
6
CONTINUOUS
10
174.9164069999999924
20
-96.0951790000000017
11
174.9164069999999924
21
-96.2048209999999955
0
LINE
8
BLACK
6
CONTINUOUS
10
174.9164069999999924
20
-96.2048209999999955
11
174.8880289999999889
21
-96.310727
0
LINE
8
BLACK
6
CONTINUOUS
10
174.8880289999999889
20
-96.310727
11
174.8332079999999848
21
-96.4056799999999896
0
LINE
8
BLACK
6
CONTINUOUS
10
174.8332079999999848
20
-96.4056799999999896
11
174.7556799999999839
21
-96.4832079999999905
0
LINE
8
BLACK
6
CONTINUOUS
10
174.7556799999999839
20
-96.4832079999999905
11
174.6607269999999801
21
-96.5380289999999945
0
LINE
8
BLACK
6
CONTINUOUS
10
174.6607269999999801
20
-96.5380289999999945
11
174.554821000000004
21
-96.5664069999999981
0
LINE
8
BLACK
6
CONTINUOUS
10
174.554821000000004
20
-96.5664069999999981
11
174.445178999999996
21
-96.5664069999999981
0
LINE
8
BLACK
6
CONTINUOUS
10
174.445178999999996
20
-96.5664069999999981
11
174.3392729999999915
21
-96.5380289999999945
0
LINE
8
BLACK
6
CONTINUOUS
10
174.3392729999999915
20
-96.5380289999999945
11
174.2443199999999877
21
-96.4832079999999905
0
LINE
8
BLACK
6
CONTINUOUS
10
174.2443199999999877
20
-96.4832079999999905
11
174.1667919999999867
21
-96.4056799999999896
0
LINE
8
BLACK
6
CONTINUOUS
10
174.1667919999999867
20
-96.4056799999999896
11
174.1119709999999827
21
-96.310727
0
LINE
8
BLACK
6
CONTINUOUS
10
174.1119709999999827
20
-96.310727
11
174.0835929999999792
21
-96.2048209999999955
0
LINE
8
BLACK
6
CONTINUOUS
10
174.0835929999999792
20
-96.2048209999999955
11
174.0835929999999792
21
-96.0951790000000017
0
LINE
8
BLACK
6
CONTINUOUS
10
174.0835929999999792
20
-96.0951790000000017
11
174.1119709999999827
21
-95.9892729999999972
0
LINE
8
BLACK
6
CONTINUOUS
10
174.1119709999999827
20
-95.9892729999999972
11
174.1667919999999867
21
-95.8943199999999933
0
LINE
8
BLACK
6
CONTINUOUS
10
174.1667919999999867
20
-95.8943199999999933
11
174.2443199999999877
21
-95.8167919999999924
0
LINE
8
BLACK
6
CONTINUOUS
10
174.2443199999999877
20
-95.8167919999999924
11
174.3392729999999915
21
-95.7619710000000026
0
LINE
8
BLACK
6
CONTINUOUS
10
174.3392729999999915
20
-95.7619710000000026
11
174.445178999999996
21
-95.7335929999999991
0
LINE
8
BLACK
6
CONTINUOUS
10
174.445178999999996
20
-95.7335929999999991
11
174.554821000000004
21
-95.7335929999999991
0
LINE
8
BLACK
6
CONTINUOUS
10
174.554821000000004
20
-95.7335929999999991
11
174.6607269999999801
21
-95.7619710000000026
0
LINE
8
BLACK
6
CONTINUOUS
10
126.9499999999999886
20
-94.3499999999999943
11
126.4499999999999886
21
-94.8499999999999943
0
LINE
8
BLACK
6
CONTINUOUS
10
126.4499999999999886
20
-94.8499999999999943
11
125.4499999999999886
21
-94.8499999999999943
0
LINE
8
BLACK
6
CONTINUOUS
10
125.4499999999999886
20
-94.8499999999999943
11
125.4499999999999886
21
-93.8499999999999943
0
LINE
8
BLACK
6
CONTINUOUS
10
125.4499999999999886
20
-93.8499999999999943
11
126.4499999999999886
21
-93.8499999999999943
0
LINE
8
BLACK
6
CONTINUOUS
10
126.4499999999999886
20
-93.8499999999999943
11
126.9499999999999886
21
-94.3499999999999943
0
LINE
8
BLACK
6
CONTINUOUS
10
127.875
20
-94.8499999999999943
11
126.7249999999999943
21
-94.8499999999999943
0
LINE
8
BLACK
6
CONTINUOUS
10
126.7249999999999943
20
-94.8499999999999943
11
127.2249999999999943
21
-94.3499999999999943
0
LINE
8
BLACK
6
CONTINUOUS
10
127.2249999999999943
20
-94.3499999999999943
11
126.7249999999999943
21
-93.8499999999999943
0
LINE
8
BLACK
6
CONTINUOUS
10
126.7249999999999943
20
-93.8499999999999943
11
127.875
21
-93.8499999999999943
0
LINE
8
BLACK
6
CONTINUOUS
10
127.875
20
-93.8499999999999943
11
127.875
21
-94.8499999999999943
0
LINE
8
BLACK
6
CONTINUOUS
10
96.3999999999999915
20
-94.2999999999999972
11
95.8999999999999915
21
-94.7999999999999972
0
LINE
8
BLACK
6
CONTINUOUS
10
95.8999999999999915
20
-94.7999999999999972
11
94.8999999999999915
21
-94.7999999999999972
0
LINE
8
BLACK
6
CONTINUOUS
10
94.8999999999999915
20
-94.7999999999999972
11
94.8999999999999915
21
-93.7999999999999972
0
LINE
8
BLACK
6
CONTINUOUS
10
94.8999999999999915
20
-93.7999999999999972
11
95.8999999999999915
21
-93.7999999999999972
0
LINE
8
BLACK
6
CONTINUOUS
10
95.8999999999999915
20
-93.7999999999999972
11
96.3999999999999915
21
-94.2999999999999972
0
LINE
8
BLACK
6
CONTINUOUS
10
97.3249999999999886
20
-94.7999999999999972
11
96.1749999999999972
21
-94.7999999999999972
0
LINE
8
BLACK
6
CONTINUOUS
10
96.1749999999999972
20
-94.7999999999999972
11
96.6749999999999972
21
-94.2999999999999972
0
LINE
8
BLACK
6
CONTINUOUS
10
96.6749999999999972
20
-94.2999999999999972
11
96.1749999999999972
21
-93.7999999999999972
0
LINE
8
BLACK
6
CONTINUOUS
10
96.1749999999999972
20
-93.7999999999999972
11
97.3249999999999886
21
-93.7999999999999972
0
LINE
8
BLACK
6
CONTINUOUS
10
97.3249999999999886
20
-93.7999999999999972
11
97.3249999999999886
21
-94.7999999999999972
0
LINE
8
BLACK
6
CONTINUOUS
10
106.5999999999999943
20
-94.2999999999999972
11
106.0999999999999943
21
-94.7999999999999972
0
LINE
8
BLACK
6
CONTINUOUS
10
106.0999999999999943
20
-94.7999999999999972
11
105.0999999999999943
21
-94.7999999999999972
0
LINE
8
BLACK
6
CONTINUOUS
10
105.0999999999999943
20
-94.7999999999999972
11
105.0999999999999943
21
-93.7999999999999972
0
LINE
8
BLACK
6
CONTINUOUS
10
105.0999999999999943
20
-93.7999999999999972
11
106.0999999999999943
21
-93.7999999999999972
0
LINE
8
BLACK
6
CONTINUOUS
10
106.0999999999999943
20
-93.7999999999999972
11
106.5999999999999943
21
-94.2999999999999972
0
LINE
8
BLACK
6
CONTINUOUS
10
107.5249999999999915
20
-94.7999999999999972
11
106.375
21
-94.7999999999999972
0
LINE
8
BLACK
6
CONTINUOUS
10
106.375
20
-94.7999999999999972
11
106.875
21
-94.2999999999999972
0
LINE
8
BLACK
6
CONTINUOUS
10
106.875
20
-94.2999999999999972
11
106.375
21
-93.7999999999999972
0
LINE
8
BLACK
6
CONTINUOUS
10
106.375
20
-93.7999999999999972
11
107.5249999999999915
21
-93.7999999999999972
0
LINE
8
BLACK
6
CONTINUOUS
10
107.5249999999999915
20
-93.7999999999999972
11
107.5249999999999915
21
-94.7999999999999972
0
LINE
8
BLACK
6
CONTINUOUS
10
116.7749999999999915
20
-94.2999999999999972
11
116.2749999999999915
21
-94.7999999999999972
0
LINE
8
BLACK
6
CONTINUOUS
10
116.2749999999999915
20
-94.7999999999999972
11
115.2749999999999915
21
-94.7999999999999972
0
LINE
8
BLACK
6
CONTINUOUS
10
115.2749999999999915
20
-94.7999999999999972
11
115.2749999999999915
21
-93.7999999999999972
0
LINE
8
BLACK
6
CONTINUOUS
10
115.2749999999999915
20
-93.7999999999999972
11
116.2749999999999915
21
-93.7999999999999972
0
LINE
8
BLACK
6
CONTINUOUS
10
116.2749999999999915
20
-93.7999999999999972
11
116.7749999999999915
21
-94.2999999999999972
0
LINE
8
BLACK
6
CONTINUOUS
10
117.6999999999999886
20
-94.7999999999999972
11
116.5499999999999972
21
-94.7999999999999972
0
LINE
8
BLACK
6
CONTINUOUS
10
116.5499999999999972
20
-94.7999999999999972
11
117.0499999999999972
21
-94.2999999999999972
0
LINE
8
BLACK
6
CONTINUOUS
10
117.0499999999999972
20
-94.2999999999999972
11
116.5499999999999972
21
-93.7999999999999972
0
LINE
8
BLACK
6
CONTINUOUS
10
116.5499999999999972
20
-93.7999999999999972
11
117.6999999999999886
21
-93.7999999999999972
0
LINE
8
BLACK
6
CONTINUOUS
10
117.6999999999999886
20
-93.7999999999999972
11
117.6999999999999886
21
-94.7999999999999972
0
LINE
8
BLACK
6
CONTINUOUS
10
175.2754740000000027
20
-93.4536359999999888
11
175.3826399999999808
21
-93.4823509999999942
0
LINE
8
BLACK
6
CONTINUOUS
10
175.3826399999999808
20
-93.4823509999999942
11
175.4787239999999997
21
-93.537824999999998
0
LINE
8
BLACK
6
CONTINUOUS
10
175.4787239999999997
20
-93.537824999999998
11
175.5571750000000009
21
-93.6162759999999992
0
LINE
8
BLACK
6
CONTINUOUS
10
175.5571750000000009
20
-93.6162759999999992
11
175.6126490000000047
21
-93.7123599999999897
0
LINE
8
BLACK
6
CONTINUOUS
10
175.6126490000000047
20
-93.7123599999999897
11
175.6413639999999816
21
-93.8195259999999962
0
LINE
8
BLACK
6
CONTINUOUS
10
175.6413639999999816
20
-93.8195259999999962
11
175.6413639999999816
21
-93.9304739999999896
0
LINE
8
BLACK
6
CONTINUOUS
10
175.6413639999999816
20
-93.9304739999999896
11
175.6126490000000047
21
-94.0376399999999961
0
LINE
8
BLACK
6
CONTINUOUS
10
175.6126490000000047
20
-94.0376399999999961
11
175.5571750000000009
21
-94.1337240000000008
0
LINE
8
BLACK
6
CONTINUOUS
10
175.5571750000000009
20
-94.1337240000000008
11
175.4787239999999997
21
-94.212175000000002
0
LINE
8
BLACK
6
CONTINUOUS
10
175.4787239999999997
20
-94.212175000000002
11
175.3826399999999808
21
-94.2676489999999916
0
LINE
8
BLACK
6
CONTINUOUS
10
175.3826399999999808
20
-94.2676489999999916
11
175.2754740000000027
21
-94.296363999999997
0
LINE
8
BLACK
6
CONTINUOUS
10
175.2754740000000027
20
-94.296363999999997
11
175.2199999999999989
21
-94.2999999999999972
0
LINE
8
BLACK
6
CONTINUOUS
10
175.2199999999999989
20
-94.2999999999999972
11
174.2199999999999989
21
-94.2999999999999972
0
LINE
8
BLACK
6
CONTINUOUS
10
174.2199999999999989
20
-94.2999999999999972
11
174.1645259999999951
21
-94.296363999999997
0
LINE
8
BLACK
6
CONTINUOUS
10
174.1645259999999951
20
-94.296363999999997
11
174.0573599999999885
21
-94.2676489999999916
0
LINE
8
BLACK
6
CONTINUOUS
10
174.0573599999999885
20
-94.2676489999999916
11
173.961275999999998
21
-94.212175000000002
0
LINE
8
BLACK
6
CONTINUOUS
10
173.961275999999998
20
-94.212175000000002
11
173.8828249999999969
21
-94.1337240000000008
0
LINE
8
BLACK
6
CONTINUOUS
10
173.8828249999999969
20
-94.1337240000000008
11
173.8273509999999931
21
-94.0376399999999961
0
LINE
8
BLACK
6
CONTINUOUS
10
173.8273509999999931
20
-94.0376399999999961
11
173.7986359999999877
21
-93.9304739999999896
0
LINE
8
BLACK
6
CONTINUOUS
10
173.7986359999999877
20
-93.9304739999999896
11
173.7986359999999877
21
-93.8195259999999962
0
LINE
8
BLACK
6
CONTINUOUS
10
173.7986359999999877
20
-93.8195259999999962
11
173.8273509999999931
21
-93.7123599999999897
0
LINE
8
BLACK
6
CONTINUOUS
10
173.8273509999999931
20
-93.7123599999999897
11
173.8828249999999969
21
-93.6162759999999992
0
LINE
8
BLACK
6
CONTINUOUS
10
173.8828249999999969
20
-93.6162759999999992
11
173.961275999999998
21
-93.537824999999998
0
LINE
8
BLACK
6
CONTINUOUS
10
173.961275999999998
20
-93.537824999999998
11
174.0573599999999885
21
-93.4823509999999942
0
LINE
8
BLACK
6
CONTINUOUS
10
174.0573599999999885
20
-93.4823509999999942
11
174.1645259999999951
21
-93.4536359999999888
0
LINE
8
BLACK
6
CONTINUOUS
10
174.1645259999999951
20
-93.4536359999999888
11
174.2199999999999989
21
-93.4500000000000028
0
LINE
8
BLACK
6
CONTINUOUS
10
174.2199999999999989
20
-93.4500000000000028
11
175.2199999999999989
21
-93.4500000000000028
0
LINE
8
BLACK
6
CONTINUOUS
10
175.2199999999999989
20
-93.4500000000000028
11
175.2754740000000027
21
-93.4536359999999888
0
LINE
8
BLACK
6
CONTINUOUS
10
122.3499999999999943
20
-91.0249999999999915
11
122.8499999999999943
21
-91.5249999999999915
0
LINE
8
BLACK
6
CONTINUOUS
10
122.8499999999999943
20
-91.5249999999999915
11
121.6999999999999886
21
-91.5249999999999915
0
LINE
8
BLACK
6
CONTINUOUS
10
121.6999999999999886
20
-91.5249999999999915
11
121.6999999999999886
21
-90.5249999999999915
0
LINE
8
BLACK
6
CONTINUOUS
10
121.6999999999999886
20
-90.5249999999999915
11
122.8499999999999943
21
-90.5249999999999915
0
LINE
8
BLACK
6
CONTINUOUS
10
122.8499999999999943
20
-90.5249999999999915
11
122.3499999999999943
21
-91.0249999999999915
0
LINE
8
BLACK
6
CONTINUOUS
10
124.125
20
-91.5249999999999915
11
123.125
21
-91.5249999999999915
0
LINE
8
BLACK
6
CONTINUOUS
10
123.125
20
-91.5249999999999915
11
122.625
21
-91.0249999999999915
0
LINE
8
BLACK
6
CONTINUOUS
10
122.625
20
-91.0249999999999915
11
123.125
21
-90.5249999999999915
0
LINE
8
BLACK
6
CONTINUOUS
10
123.125
20
-90.5249999999999915
11
124.125
21
-90.5249999999999915
0
LINE
8
BLACK
6
CONTINUOUS
10
124.125
20
-90.5249999999999915
11
124.125
21
-91.5249999999999915
0
LINE
8
BLACK
6
CONTINUOUS
10
126.1499999999999915
20
-91.0249999999999915
11
126.6499999999999915
21
-91.5249999999999915
0
LINE
8
BLACK
6
CONTINUOUS
10
126.6499999999999915
20
-91.5249999999999915
11
125.5
21
-91.5249999999999915
0
LINE
8
BLACK
6
CONTINUOUS
10
125.5
20
-91.5249999999999915
11
125.5
21
-90.5249999999999915
0
LINE
8
BLACK
6
CONTINUOUS
10
125.5
20
-90.5249999999999915
11
126.6499999999999915
21
-90.5249999999999915
0
LINE
8
BLACK
6
CONTINUOUS
10
126.6499999999999915
20
-90.5249999999999915
11
126.1499999999999915
21
-91.0249999999999915
0
LINE
8
BLACK
6
CONTINUOUS
10
127.9249999999999972
20
-91.5249999999999915
11
126.9249999999999972
21
-91.5249999999999915
0
LINE
8
BLACK
6
CONTINUOUS
10
126.9249999999999972
20
-91.5249999999999915
11
126.4249999999999972
21
-91.0249999999999915
0
LINE
8
BLACK
6
CONTINUOUS
10
126.4249999999999972
20
-91.0249999999999915
11
126.9249999999999972
21
-90.5249999999999915
0
LINE
8
BLACK
6
CONTINUOUS
10
126.9249999999999972
20
-90.5249999999999915
11
127.9249999999999972
21
-90.5249999999999915
0
LINE
8
BLACK
6
CONTINUOUS
10
127.9249999999999972
20
-90.5249999999999915
11
127.9249999999999972
21
-91.5249999999999915
0
LINE
8
BLACK
6
CONTINUOUS
10
91.75
20
-91.
11
92.25
21
-91.5
0
LINE
8
BLACK
6
CONTINUOUS
10
92.25
20
-91.5
11
91.0999999999999943
21
-91.5
0
LINE
8
BLACK
6
CONTINUOUS
10
91.0999999999999943
20
-91.5
11
91.0999999999999943
21
-90.5
0
LINE
8
BLACK
6
CONTINUOUS
10
91.0999999999999943
20
-90.5
11
92.25
21
-90.5
0
LINE
8
BLACK
6
CONTINUOUS
10
92.25
20
-90.5
11
91.75
21
-91.
0
LINE
8
BLACK
6
CONTINUOUS
10
93.5249999999999915
20
-91.5
11
92.5249999999999915
21
-91.5
0
LINE
8
BLACK
6
CONTINUOUS
10
92.5249999999999915
20
-91.5
11
92.0249999999999915
21
-91.
0
LINE
8
BLACK
6
CONTINUOUS
10
92.0249999999999915
20
-91.
11
92.5249999999999915
21
-90.5
0
LINE
8
BLACK
6
CONTINUOUS
10
92.5249999999999915
20
-90.5
11
93.5249999999999915
21
-90.5
0
LINE
8
BLACK
6
CONTINUOUS
10
93.5249999999999915
20
-90.5
11
93.5249999999999915
21
-91.5
0
LINE
8
BLACK
6
CONTINUOUS
10
95.5999999999999943
20
-91.
11
96.0999999999999943
21
-91.5
0
LINE
8
BLACK
6
CONTINUOUS
10
96.0999999999999943
20
-91.5
11
94.9499999999999886
21
-91.5
0
LINE
8
BLACK
6
CONTINUOUS
10
94.9499999999999886
20
-91.5
11
94.9499999999999886
21
-90.5
0
LINE
8
BLACK
6
CONTINUOUS
10
94.9499999999999886
20
-90.5
11
96.0999999999999943
21
-90.5
0
LINE
8
BLACK
6
CONTINUOUS
10
96.0999999999999943
20
-90.5
11
95.5999999999999943
21
-91.
0
LINE
8
BLACK
6
CONTINUOUS
10
97.375
20
-91.5
11
96.375
21
-91.5
0
LINE
8
BLACK
6
CONTINUOUS
10
96.375
20
-91.5
11
95.875
21
-91.
0
LINE
8
BLACK
6
CONTINUOUS
10
95.875
20
-91.
11
96.375
21
-90.5
0
LINE
8
BLACK
6
CONTINUOUS
10
96.375
20
-90.5
11
97.375
21
-90.5
0
LINE
8
BLACK
6
CONTINUOUS
10
97.375
20
-90.5
11
97.375
21
-91.5
0
LINE
8
BLACK
6
CONTINUOUS
10
101.9249999999999972
20
-91.
11
102.4249999999999972
21
-91.5
0
LINE
8
BLACK
6
CONTINUOUS
10
102.4249999999999972
20
-91.5
11
101.2749999999999915
21
-91.5
0
LINE
8
BLACK
6
CONTINUOUS
10
101.2749999999999915
20
-91.5
11
101.2749999999999915
21
-90.5
0
LINE
8
BLACK
6
CONTINUOUS
10
101.2749999999999915
20
-90.5
11
102.4249999999999972
21
-90.5
0
LINE
8
BLACK
6
CONTINUOUS
10
102.4249999999999972
20
-90.5
11
101.9249999999999972
21
-91.
0
LINE
8
BLACK
6
CONTINUOUS
10
103.6999999999999886
20
-91.5
11
102.6999999999999886
21
-91.5
0
LINE
8
BLACK
6
CONTINUOUS
10
102.6999999999999886
20
-91.5
11
102.1999999999999886
21
-91.
0
LINE
8
BLACK
6
CONTINUOUS
10
102.1999999999999886
20
-91.
11
102.6999999999999886
21
-90.5
0
LINE
8
BLACK
6
CONTINUOUS
10
102.6999999999999886
20
-90.5
11
103.6999999999999886
21
-90.5
0
LINE
8
BLACK
6
CONTINUOUS
10
103.6999999999999886
20
-90.5
11
103.6999999999999886
21
-91.5
0
LINE
8
BLACK
6
CONTINUOUS
10
105.75
20
-91.
11
106.25
21
-91.5
0
LINE
8
BLACK
6
CONTINUOUS
10
106.25
20
-91.5
11
105.0999999999999943
21
-91.5
0
LINE
8
BLACK
6
CONTINUOUS
10
105.0999999999999943
20
-91.5
11
105.0999999999999943
21
-90.5
0
LINE
8
BLACK
6
CONTINUOUS
10
105.0999999999999943
20
-90.5
11
106.25
21
-90.5
0
LINE
8
BLACK
6
CONTINUOUS
10
106.25
20
-90.5
11
105.75
21
-91.
0
LINE
8
BLACK
6
CONTINUOUS
10
107.5249999999999915
20
-91.5
11
106.5249999999999915
21
-91.5
0
LINE
8
BLACK
6
CONTINUOUS
10
106.5249999999999915
20
-91.5
11
106.0249999999999915
21
-91.
0
LINE
8
BLACK
6
CONTINUOUS
10
106.0249999999999915
20
-91.
11
106.5249999999999915
21
-90.5
0
LINE
8
BLACK
6
CONTINUOUS
10
106.5249999999999915
20
-90.5
11
107.5249999999999915
21
-90.5
0
LINE
8
BLACK
6
CONTINUOUS
10
107.5249999999999915
20
-90.5
11
107.5249999999999915
21
-91.5
0
LINE
8
BLACK
6
CONTINUOUS
10
112.125
20
-91.
11
112.625
21
-91.5
0
LINE
8
BLACK
6
CONTINUOUS
10
112.625
20
-91.5
11
111.4749999999999943
21
-91.5
0
LINE
8
BLACK
6
CONTINUOUS
10
111.4749999999999943
20
-91.5
11
111.4749999999999943
21
-90.5
0
LINE
8
BLACK
6
CONTINUOUS
10
111.4749999999999943
20
-90.5
11
112.625
21
-90.5
0
LINE
8
BLACK
6
CONTINUOUS
10
112.625
20
-90.5
11
112.125
21
-91.
0
LINE
8
BLACK
6
CONTINUOUS
10
113.8999999999999915
20
-91.5
11
112.8999999999999915
21
-91.5
0
LINE
8
BLACK
6
CONTINUOUS
10
112.8999999999999915
20
-91.5
11
112.3999999999999915
21
-91.
0
LINE
8
BLACK
6
CONTINUOUS
10
112.3999999999999915
20
-91.
11
112.8999999999999915
21
-90.5
0
LINE
8
BLACK
6
CONTINUOUS
10
112.8999999999999915
20
-90.5
11
113.8999999999999915
21
-90.5
0
LINE
8
BLACK
6
CONTINUOUS
10
113.8999999999999915
20
-90.5
11
113.8999999999999915
21
-91.5
0
LINE
8
BLACK
6
CONTINUOUS
10
115.9499999999999886
20
-91.
11
116.4499999999999886
21
-91.5
0
LINE
8
BLACK
6
CONTINUOUS
10
116.4499999999999886
20
-91.5
11
115.2999999999999972
21
-91.5
0
LINE
8
BLACK
6
CONTINUOUS
10
115.2999999999999972
20
-91.5
11
115.2999999999999972
21
-90.5
0
LINE
8
BLACK
6
CONTINUOUS
10
115.2999999999999972
20
-90.5
11
116.4499999999999886
21
-90.5
0
LINE
8
BLACK
6
CONTINUOUS
10
116.4499999999999886
20
-90.5
11
115.9499999999999886
21
-91.
0
LINE
8
BLACK
6
CONTINUOUS
10
117.7249999999999943
20
-91.5
11
116.7249999999999943
21
-91.5
0
LINE
8
BLACK
6
CONTINUOUS
10
116.7249999999999943
20
-91.5
11
116.2249999999999943
21
-91.
0
LINE
8
BLACK
6
CONTINUOUS
10
116.2249999999999943
20
-91.
11
116.7249999999999943
21
-90.5
0
LINE
8
BLACK
6
CONTINUOUS
10
116.7249999999999943
20
-90.5
11
117.7249999999999943
21
-90.5
0
LINE
8
BLACK
6
CONTINUOUS
10
117.7249999999999943
20
-90.5
11
117.7249999999999943
21
-91.5
0
LINE
8
BLACK
6
CONTINUOUS
10
153.9249999999999829
20
-90.4499989999999912
11
152.2249999999999943
21
-90.4499989999999912
0
LINE
8
BLACK
6
CONTINUOUS
10
152.2249999999999943
20
-90.4499989999999912
11
152.2249999999999943
21
-88.7499990000000025
0
LINE
8
BLACK
6
CONTINUOUS
10
152.2249999999999943
20
-88.7499990000000025
11
153.9249999999999829
21
-88.7499990000000025
0
LINE
8
BLACK
6
CONTINUOUS
10
153.9249999999999829
20
-88.7499990000000025
11
153.9249999999999829
21
-90.4499989999999912
0
LINE
8
BLACK
6
CONTINUOUS
10
150.78174199999998
20
-88.7865999999999929
11
150.9356870000000015
21
-88.850365999999994
0
LINE
8
BLACK
6
CONTINUOUS
10
150.9356870000000015
20
-88.850365999999994
11
151.0742339999999899
21
-88.942939999999993
0
LINE
8
BLACK
6
CONTINUOUS
10
151.0742339999999899
20
-88.942939999999993
11
151.1920590000000004
21
-89.0607649999999893
0
LINE
8
BLACK
6
CONTINUOUS
10
151.1920590000000004
20
-89.0607649999999893
11
151.2846329999999853
21
-89.1993119999999919
0
LINE
8
BLACK
6
CONTINUOUS
10
151.2846329999999853
20
-89.1993119999999919
11
151.3483990000000006
21
-89.3532569999999993
0
LINE
8
BLACK
6
CONTINUOUS
10
151.3483990000000006
20
-89.3532569999999993
11
151.3809069999999792
21
-89.5166839999999979
0
LINE
8
BLACK
6
CONTINUOUS
10
151.3809069999999792
20
-89.5166839999999979
11
151.3809069999999792
21
-89.6833139999999958
0
LINE
8
BLACK
6
CONTINUOUS
10
151.3809069999999792
20
-89.6833139999999958
11
151.3483990000000006
21
-89.8467409999999944
0
LINE
8
BLACK
6
CONTINUOUS
10
151.3483990000000006
20
-89.8467409999999944
11
151.2846329999999853
21
-90.0006860000000017
0
LINE
8
BLACK
6
CONTINUOUS
10
151.2846329999999853
20
-90.0006860000000017
11
151.1920590000000004
21
-90.1392329999999902
0
LINE
8
BLACK
6
CONTINUOUS
10
151.1920590000000004
20
-90.1392329999999902
11
151.0742339999999899
21
-90.2570580000000007
0
LINE
8
BLACK
6
CONTINUOUS
10
151.0742339999999899
20
-90.2570580000000007
11
150.9356870000000015
21
-90.3496319999999997
0
LINE
8
BLACK
6
CONTINUOUS
10
150.9356870000000015
20
-90.3496319999999997
11
150.78174199999998
21
-90.4133980000000008
0
LINE
8
BLACK
6
CONTINUOUS
10
150.78174199999998
20
-90.4133980000000008
11
150.6183149999999955
21
-90.4459059999999937
0
LINE
8
BLACK
6
CONTINUOUS
10
150.6183149999999955
20
-90.4459059999999937
11
150.4516849999999977
21
-90.4459059999999937
0
LINE
8
BLACK
6
CONTINUOUS
10
150.4516849999999977
20
-90.4459059999999937
11
150.2882579999999848
21
-90.4133980000000008
0
LINE
8
BLACK
6
CONTINUOUS
10
150.2882579999999848
20
-90.4133980000000008
11
150.1343129999999917
21
-90.3496319999999997
0
LINE
8
BLACK
6
CONTINUOUS
10
150.1343129999999917
20
-90.3496319999999997
11
149.9957660000000033
21
-90.2570580000000007
0
LINE
8
BLACK
6
CONTINUOUS
10
149.9957660000000033
20
-90.2570580000000007
11
149.8779409999999928
21
-90.1392329999999902
0
LINE
8
BLACK
6
CONTINUOUS
10
149.8779409999999928
20
-90.1392329999999902
11
149.7853669999999795
21
-90.0006860000000017
0
LINE
8
BLACK
6
CONTINUOUS
10
149.7853669999999795
20
-90.0006860000000017
11
149.7216009999999926
21
-89.8467409999999944
0
LINE
8
BLACK
6
CONTINUOUS
10
149.7216009999999926
20
-89.8467409999999944
11
149.6890929999999855
21
-89.6833139999999958
0
LINE
8
BLACK
6
CONTINUOUS
10
149.6890929999999855
20
-89.6833139999999958
11
149.6890929999999855
21
-89.5166839999999979
0
LINE
8
BLACK
6
CONTINUOUS
10
149.6890929999999855
20
-89.5166839999999979
11
149.7216009999999926
21
-89.3532569999999993
0
LINE
8
BLACK
6
CONTINUOUS
10
149.7216009999999926
20
-89.3532569999999993
11
149.7853669999999795
21
-89.1993119999999919
0
LINE
8
BLACK
6
CONTINUOUS
10
149.7853669999999795
20
-89.1993119999999919
11
149.8779409999999928
21
-89.0607649999999893
0
LINE
8
BLACK
6
CONTINUOUS
10
149.8779409999999928
20
-89.0607649999999893
11
149.9957660000000033
21
-88.942939999999993
0
LINE
8
BLACK
6
CONTINUOUS
10
149.9957660000000033
20
-88.942939999999993
11
150.1343129999999917
21
-88.850365999999994
0
LINE
8
BLACK
6
CONTINUOUS
10
150.1343129999999917
20
-88.850365999999994
11
150.2882579999999848
21
-88.7865999999999929
0
LINE
8
BLACK
6
CONTINUOUS
10
150.2882579999999848
20
-88.7865999999999929
11
150.4516849999999977
21
-88.754092
0
LINE
8
BLACK
6
CONTINUOUS
10
150.4516849999999977
20
-88.754092
11
150.6183149999999955
21
-88.754092
0
LINE
8
BLACK
6
CONTINUOUS
10
150.6183149999999955
20
-88.754092
11
150.78174199999998
21
-88.7865999999999929
0
LINE
8
BLACK
6
CONTINUOUS
10
93.0581710000000015
20
-85.9190299999999922
11
93.1392769999999928
21
-85.9732229999999902
0
LINE
8
BLACK
6
CONTINUOUS
10
93.1392769999999928
20
-85.9732229999999902
11
93.1934699999999907
21
-86.0543289999999956
0
LINE
8
BLACK
6
CONTINUOUS
10
93.1934699999999907
20
-86.0543289999999956
11
93.2124999999999915
21
-86.1499999999999915
0
LINE
8
BLACK
6
CONTINUOUS
10
93.2124999999999915
20
-86.1499999999999915
11
93.2124999999999915
21
-89.25
0
LINE
8
BLACK
6
CONTINUOUS
10
93.2124999999999915
20
-89.25
11
93.1934699999999907
21
-89.3456709999999958
0
LINE
8
BLACK
6
CONTINUOUS
10
93.1934699999999907
20
-89.3456709999999958
11
93.1392769999999928
21
-89.4267770000000013
0
LINE
8
BLACK
6
CONTINUOUS
10
93.1392769999999928
20
-89.4267770000000013
11
93.0581710000000015
21
-89.4809699999999992
0
LINE
8
BLACK
6
CONTINUOUS
10
93.0581710000000015
20
-89.4809699999999992
11
92.9624999999999915
21
-89.5
0
LINE
8
BLACK
6
CONTINUOUS
10
92.9624999999999915
20
-89.5
11
91.6624999999999943
21
-89.5
0
LINE
8
BLACK
6
CONTINUOUS
10
91.6624999999999943
20
-89.5
11
91.5668289999999985
21
-89.4809699999999992
0
LINE
8
BLACK
6
CONTINUOUS
10
91.5668289999999985
20
-89.4809699999999992
11
91.485722999999993
21
-89.4267770000000013
0
LINE
8
BLACK
6
CONTINUOUS
10
91.485722999999993
20
-89.4267770000000013
11
91.4315299999999951
21
-89.3456709999999958
0
LINE
8
BLACK
6
CONTINUOUS
10
91.4315299999999951
20
-89.3456709999999958
11
91.4124999999999943
21
-89.25
0
LINE
8
BLACK
6
CONTINUOUS
10
91.4124999999999943
20
-89.25
11
91.4124999999999943
21
-86.1499999999999915
0
LINE
8
BLACK
6
CONTINUOUS
10
91.4124999999999943
20
-86.1499999999999915
11
91.4315299999999951
21
-86.0543289999999956
0
LINE
8
BLACK
6
CONTINUOUS
10
91.4315299999999951
20
-86.0543289999999956
11
91.485722999999993
21
-85.9732229999999902
0
LINE
8
BLACK
6
CONTINUOUS
10
91.485722999999993
20
-85.9732229999999902
11
91.5668289999999985
21
-85.9190299999999922
0
LINE
8
BLACK
6
CONTINUOUS
10
91.5668289999999985
20
-85.9190299999999922
11
91.6624999999999943
21
-85.8999999999999915
0
LINE
8
BLACK
6
CONTINUOUS
10
91.6624999999999943
20
-85.8999999999999915
11
92.9624999999999915
21
-85.8999999999999915
0
LINE
8
BLACK
6
CONTINUOUS
10
92.9624999999999915
20
-85.8999999999999915
11
93.0581710000000015
21
-85.9190299999999922
0
LINE
8
BLACK
6
CONTINUOUS
10
103.2231709999999936
20
-85.9190299999999922
11
103.304276999999999
21
-85.9732229999999902
0
LINE
8
BLACK
6
CONTINUOUS
10
103.304276999999999
20
-85.9732229999999902
11
103.358469999999997
21
-86.0543289999999956
0
LINE
8
BLACK
6
CONTINUOUS
10
103.358469999999997
20
-86.0543289999999956
11
103.3774999999999977
21
-86.1499999999999915
0
LINE
8
BLACK
6
CONTINUOUS
10
103.3774999999999977
20
-86.1499999999999915
11
103.3774999999999977
21
-89.25
0
LINE
8
BLACK
6
CONTINUOUS
10
103.3774999999999977
20
-89.25
11
103.358469999999997
21
-89.3456709999999958
0
LINE
8
BLACK
6
CONTINUOUS
10
103.358469999999997
20
-89.3456709999999958
11
103.304276999999999
21
-89.4267770000000013
0
LINE
8
BLACK
6
CONTINUOUS
10
103.304276999999999
20
-89.4267770000000013
11
103.2231709999999936
21
-89.4809699999999992
0
LINE
8
BLACK
6
CONTINUOUS
10
103.2231709999999936
20
-89.4809699999999992
11
103.1274999999999977
21
-89.5
0
LINE
8
BLACK
6
CONTINUOUS
10
103.1274999999999977
20
-89.5
11
101.8275000000000006
21
-89.5
0
LINE
8
BLACK
6
CONTINUOUS
10
101.8275000000000006
20
-89.5
11
101.7318289999999905
21
-89.4809699999999992
0
LINE
8
BLACK
6
CONTINUOUS
10
101.7318289999999905
20
-89.4809699999999992
11
101.6507229999999993
21
-89.4267770000000013
0
LINE
8
BLACK
6
CONTINUOUS
10
101.6507229999999993
20
-89.4267770000000013
11
101.5965300000000013
21
-89.3456709999999958
0
LINE
8
BLACK
6
CONTINUOUS
10
101.5965300000000013
20
-89.3456709999999958
11
101.5775000000000006
21
-89.25
0
LINE
8
BLACK
6
CONTINUOUS
10
101.5775000000000006
20
-89.25
11
101.5775000000000006
21
-86.1499999999999915
0
LINE
8
BLACK
6
CONTINUOUS
10
101.5775000000000006
20
-86.1499999999999915
11
101.5965300000000013
21
-86.0543289999999956
0
LINE
8
BLACK
6
CONTINUOUS
10
101.5965300000000013
20
-86.0543289999999956
11
101.6507229999999993
21
-85.9732229999999902
0
LINE
8
BLACK
6
CONTINUOUS
10
101.6507229999999993
20
-85.9732229999999902
11
101.7318289999999905
21
-85.9190299999999922
0
LINE
8
BLACK
6
CONTINUOUS
10
101.7318289999999905
20
-85.9190299999999922
11
101.8275000000000006
21
-85.8999999999999915
0
LINE
8
BLACK
6
CONTINUOUS
10
101.8275000000000006
20
-85.8999999999999915
11
103.1274999999999977
21
-85.8999999999999915
0
LINE
8
BLACK
6
CONTINUOUS
10
103.1274999999999977
20
-85.8999999999999915
11
103.2231709999999936
21
-85.9190299999999922
0
LINE
8
BLACK
6
CONTINUOUS
10
113.4231709999999964
20
-85.9190299999999922
11
113.5042770000000019
21
-85.9732229999999902
0
LINE
8
BLACK
6
CONTINUOUS
10
113.5042770000000019
20
-85.9732229999999902
11
113.5584699999999998
21
-86.0543289999999956
0
LINE
8
BLACK
6
CONTINUOUS
10
113.5584699999999998
20
-86.0543289999999956
11
113.5775000000000006
21
-86.1499999999999915
0
LINE
8
BLACK
6
CONTINUOUS
10
113.5775000000000006
20
-86.1499999999999915
11
113.5775000000000006
21
-89.25
0
LINE
8
BLACK
6
CONTINUOUS
10
113.5775000000000006
20
-89.25
11
113.5584699999999998
21
-89.3456709999999958
0
LINE
8
BLACK
6
CONTINUOUS
10
113.5584699999999998
20
-89.3456709999999958
11
113.5042770000000019
21
-89.4267770000000013
0
LINE
8
BLACK
6
CONTINUOUS
10
113.5042770000000019
20
-89.4267770000000013
11
113.4231709999999964
21
-89.4809699999999992
0
LINE
8
BLACK
6
CONTINUOUS
10
113.4231709999999964
20
-89.4809699999999992
11
113.3275000000000006
21
-89.5
0
LINE
8
BLACK
6
CONTINUOUS
10
113.3275000000000006
20
-89.5
11
112.0274999999999892
21
-89.5
0
LINE
8
BLACK
6
CONTINUOUS
10
112.0274999999999892
20
-89.5
11
111.9318289999999934
21
-89.4809699999999992
0
LINE
8
BLACK
6
CONTINUOUS
10
111.9318289999999934
20
-89.4809699999999992
11
111.8507229999999879
21
-89.4267770000000013
0
LINE
8
BLACK
6
CONTINUOUS
10
111.8507229999999879
20
-89.4267770000000013
11
111.79652999999999
21
-89.3456709999999958
0
LINE
8
BLACK
6
CONTINUOUS
10
111.79652999999999
20
-89.3456709999999958
11
111.7774999999999892
21
-89.25
0
LINE
8
BLACK
6
CONTINUOUS
10
111.7774999999999892
20
-89.25
11
111.7774999999999892
21
-86.1499999999999915
0
LINE
8
BLACK
6
CONTINUOUS
10
111.7774999999999892
20
-86.1499999999999915
11
111.79652999999999
21
-86.0543289999999956
0
LINE
8
BLACK
6
CONTINUOUS
10
111.79652999999999
20
-86.0543289999999956
11
111.8507229999999879
21
-85.9732229999999902
0
LINE
8
BLACK
6
CONTINUOUS
10
111.8507229999999879
20
-85.9732229999999902
11
111.9318289999999934
21
-85.9190299999999922
0
LINE
8
BLACK
6
CONTINUOUS
10
111.9318289999999934
20
-85.9190299999999922
11
112.0274999999999892
21
-85.8999999999999915
0
LINE
8
BLACK
6
CONTINUOUS
10
112.0274999999999892
20
-85.8999999999999915
11
113.3275000000000006
21
-85.8999999999999915
0
LINE
8
BLACK
6
CONTINUOUS
10
113.3275000000000006
20
-85.8999999999999915
11
113.4231709999999964
21
-85.9190299999999922
0
LINE
8
BLACK
6
CONTINUOUS
10
123.6231709999999993
20
-85.9190299999999922
11
123.7042769999999905
21
-85.9732229999999902
0
LINE
8
BLACK
6
CONTINUOUS
10
123.7042769999999905
20
-85.9732229999999902
11
123.7584699999999884
21
-86.0543289999999956
0
LINE
8
BLACK
6
CONTINUOUS
10
123.7584699999999884
20
-86.0543289999999956
11
123.7774999999999892
21
-86.1499999999999915
0
LINE
8
BLACK
6
CONTINUOUS
10
123.7774999999999892
20
-86.1499999999999915
11
123.7774999999999892
21
-89.25
0
LINE
8
BLACK
6
CONTINUOUS
10
123.7774999999999892
20
-89.25
11
123.7584699999999884
21
-89.3456709999999958
0
LINE
8
BLACK
6
CONTINUOUS
10
123.7584699999999884
20
-89.3456709999999958
11
123.7042769999999905
21
-89.4267770000000013
0
LINE
8
BLACK
6
CONTINUOUS
10
123.7042769999999905
20
-89.4267770000000013
11
123.6231709999999993
21
-89.4809699999999992
0
LINE
8
BLACK
6
CONTINUOUS
10
123.6231709999999993
20
-89.4809699999999992
11
123.5274999999999892
21
-89.5
0
LINE
8
BLACK
6
CONTINUOUS
10
123.5274999999999892
20
-89.5
11
122.227499999999992
21
-89.5
0
LINE
8
BLACK
6
CONTINUOUS
10
122.227499999999992
20
-89.5
11
122.1318289999999962
21
-89.4809699999999992
0
LINE
8
BLACK
6
CONTINUOUS
10
122.1318289999999962
20
-89.4809699999999992
11
122.0507229999999907
21
-89.4267770000000013
0
LINE
8
BLACK
6
CONTINUOUS
10
122.0507229999999907
20
-89.4267770000000013
11
121.9965299999999928
21
-89.3456709999999958
0
LINE
8
BLACK
6
CONTINUOUS
10
121.9965299999999928
20
-89.3456709999999958
11
121.977499999999992
21
-89.25
0
LINE
8
BLACK
6
CONTINUOUS
10
121.977499999999992
20
-89.25
11
121.977499999999992
21
-86.1499999999999915
0
LINE
8
BLACK
6
CONTINUOUS
10
121.977499999999992
20
-86.1499999999999915
11
121.9965299999999928
21
-86.0543289999999956
0
LINE
8
BLACK
6
CONTINUOUS
10
121.9965299999999928
20
-86.0543289999999956
11
122.0507229999999907
21
-85.9732229999999902
0
LINE
8
BLACK
6
CONTINUOUS
10
122.0507229999999907
20
-85.9732229999999902
11
122.1318289999999962
21
-85.9190299999999922
0
LINE
8
BLACK
6
CONTINUOUS
10
122.1318289999999962
20
-85.9190299999999922
11
122.227499999999992
21
-85.8999999999999915
0
LINE
8
BLACK
6
CONTINUOUS
10
122.227499999999992
20
-85.8999999999999915
11
123.5274999999999892
21
-85.8999999999999915
0
LINE
8
BLACK
6
CONTINUOUS
10
123.5274999999999892
20
-85.8999999999999915
11
123.6231709999999993
21
-85.9190299999999922
0
LINE
8
BLACK
6
CONTINUOUS
10
96.3837559999999911
20
-85.938754000000003
11
96.5467569999999995
21
-86.0062709999999981
0
LINE
8
BLACK
6
CONTINUOUS
10
96.5467569999999995
20
-86.0062709999999981
11
96.6934540000000027
21
-86.1042909999999893
0
LINE
8
BLACK
6
CONTINUOUS
10
96.6934540000000027
20
-86.1042909999999893
11
96.818208999999996
21
-86.2290459999999968
0
LINE
8
BLACK
6
CONTINUOUS
10
96.818208999999996
20
-86.2290459999999968
11
96.9162290000000013
21
-86.3757429999999999
0
LINE
8
BLACK
6
CONTINUOUS
10
96.9162290000000013
20
-86.3757429999999999
11
96.9837459999999965
21
-86.5387439999999941
0
LINE
8
BLACK
6
CONTINUOUS
10
96.9837459999999965
20
-86.5387439999999941
11
97.0181659999999937
21
-86.7117849999999919
0
LINE
8
BLACK
6
CONTINUOUS
10
97.0181659999999937
20
-86.7117849999999919
11
97.0224999999999937
21
-86.7999999999999972
0
LINE
8
BLACK
6
CONTINUOUS
10
97.0224999999999937
20
-86.7999999999999972
11
97.0224999999999937
21
-88.5999999999999943
0
LINE
8
BLACK
6
CONTINUOUS
10
97.0224999999999937
20
-88.5999999999999943
11
97.0181659999999937
21
-88.6882149999999996
0
LINE
8
BLACK
6
CONTINUOUS
10
97.0181659999999937
20
-88.6882149999999996
11
96.9837459999999965
21
-88.8612559999999974
0
LINE
8
BLACK
6
CONTINUOUS
10
96.9837459999999965
20
-88.8612559999999974
11
96.9162290000000013
21
-89.0242569999999915
0
LINE
8
BLACK
6
CONTINUOUS
10
96.9162290000000013
20
-89.0242569999999915
11
96.818208999999996
21
-89.1709539999999947
0
LINE
8
BLACK
6
CONTINUOUS
10
96.818208999999996
20
-89.1709539999999947
11
96.6934540000000027
21
-89.2957090000000022
0
LINE
8
BLACK
6
CONTINUOUS
10
96.6934540000000027
20
-89.2957090000000022
11
96.5467569999999995
21
-89.3937289999999933
0
LINE
8
BLACK
6
CONTINUOUS
10
96.5467569999999995
20
-89.3937289999999933
11
96.3837559999999911
21
-89.4612460000000027
0
LINE
8
BLACK
6
CONTINUOUS
10
96.3837559999999911
20
-89.4612460000000027
11
96.2107149999999933
21
-89.4956659999999999
0
LINE
8
BLACK
6
CONTINUOUS
10
96.2107149999999933
20
-89.4956659999999999
11
96.034284999999997
21
-89.4956659999999999
0
LINE
8
BLACK
6
CONTINUOUS
10
96.034284999999997
20
-89.4956659999999999
11
95.8612439999999992
21
-89.4612460000000027
0
LINE
8
BLACK
6
CONTINUOUS
10
95.8612439999999992
20
-89.4612460000000027
11
95.6982429999999908
21
-89.3937289999999933
0
LINE
8
BLACK
6
CONTINUOUS
10
95.6982429999999908
20
-89.3937289999999933
11
95.5515460000000019
21
-89.2957090000000022
0
LINE
8
BLACK
6
CONTINUOUS
10
95.5515460000000019
20
-89.2957090000000022
11
95.4267909999999944
21
-89.1709539999999947
0
LINE
8
BLACK
6
CONTINUOUS
10
95.4267909999999944
20
-89.1709539999999947
11
95.328770999999989
21
-89.0242569999999915
0
LINE
8
BLACK
6
CONTINUOUS
10
95.328770999999989
20
-89.0242569999999915
11
95.2612539999999939
21
-88.8612559999999974
0
LINE
8
BLACK
6
CONTINUOUS
10
95.2612539999999939
20
-88.8612559999999974
11
95.2268339999999966
21
-88.6882149999999996
0
LINE
8
BLACK
6
CONTINUOUS
10
95.2268339999999966
20
-88.6882149999999996
11
95.2224999999999966
21
-88.5999999999999943
0
LINE
8
BLACK
6
CONTINUOUS
10
95.2224999999999966
20
-88.5999999999999943
11
95.2224999999999966
21
-86.7999999999999972
0
LINE
8
BLACK
6
CONTINUOUS
10
95.2224999999999966
20
-86.7999999999999972
11
95.2268339999999966
21
-86.7117849999999919
0
LINE
8
BLACK
6
CONTINUOUS
10
95.2268339999999966
20
-86.7117849999999919
11
95.2612539999999939
21
-86.5387439999999941
0
LINE
8
BLACK
6
CONTINUOUS
10
95.2612539999999939
20
-86.5387439999999941
11
95.328770999999989
21
-86.3757429999999999
0
LINE
8
BLACK
6
CONTINUOUS
10
95.328770999999989
20
-86.3757429999999999
11
95.4267909999999944
21
-86.2290459999999968
0
LINE
8
BLACK
6
CONTINUOUS
10
95.4267909999999944
20
-86.2290459999999968
11
95.5515460000000019
21
-86.1042909999999893
0
LINE
8
BLACK
6
CONTINUOUS
10
95.5515460000000019
20
-86.1042909999999893
11
95.6982429999999908
21
-86.0062709999999981
0
LINE
8
BLACK
6
CONTINUOUS
10
95.6982429999999908
20
-86.0062709999999981
11
95.8612439999999992
21
-85.938754000000003
0
LINE
8
BLACK
6
CONTINUOUS
10
95.8612439999999992
20
-85.938754000000003
11
96.034284999999997
21
-85.9043339999999915
0
LINE
8
BLACK
6
CONTINUOUS
10
96.034284999999997
20
-85.9043339999999915
11
96.2107149999999933
21
-85.9043339999999915
0
LINE
8
BLACK
6
CONTINUOUS
10
96.2107149999999933
20
-85.9043339999999915
11
96.3837559999999911
21
-85.938754000000003
0
LINE
8
BLACK
6
CONTINUOUS
10
106.5487559999999974
20
-85.938754000000003
11
106.7117569999999915
21
-86.0062709999999981
0
LINE
8
BLACK
6
CONTINUOUS
10
106.7117569999999915
20
-86.0062709999999981
11
106.8584539999999947
21
-86.1042909999999893
0
LINE
8
BLACK
6
CONTINUOUS
10
106.8584539999999947
20
-86.1042909999999893
11
106.9832090000000022
21
-86.2290459999999968
0
LINE
8
BLACK
6
CONTINUOUS
10
106.9832090000000022
20
-86.2290459999999968
11
107.0812289999999933
21
-86.3757429999999999
0
LINE
8
BLACK
6
CONTINUOUS
10
107.0812289999999933
20
-86.3757429999999999
11
107.1487459999999885
21
-86.5387439999999941
0
LINE
8
BLACK
6
CONTINUOUS
10
107.1487459999999885
20
-86.5387439999999941
11
107.1831659999999999
21
-86.7117849999999919
0
LINE
8
BLACK
6
CONTINUOUS
10
107.1831659999999999
20
-86.7117849999999919
11
107.1875
21
-86.7999999999999972
0
LINE
8
BLACK
6
CONTINUOUS
10
107.1875
20
-86.7999999999999972
11
107.1875
21
-88.5999999999999943
0
LINE
8
BLACK
6
CONTINUOUS
10
107.1875
20
-88.5999999999999943
11
107.1831659999999999
21
-88.6882149999999996
0
LINE
8
BLACK
6
CONTINUOUS
10
107.1831659999999999
20
-88.6882149999999996
11
107.1487459999999885
21
-88.8612559999999974
0
LINE
8
BLACK
6
CONTINUOUS
10
107.1487459999999885
20
-88.8612559999999974
11
107.0812289999999933
21
-89.0242569999999915
0
LINE
8
BLACK
6
CONTINUOUS
10
107.0812289999999933
20
-89.0242569999999915
11
106.9832090000000022
21
-89.1709539999999947
0
LINE
8
BLACK
6
CONTINUOUS
10
106.9832090000000022
20
-89.1709539999999947
11
106.8584539999999947
21
-89.2957090000000022
0
LINE
8
BLACK
6
CONTINUOUS
10
106.8584539999999947
20
-89.2957090000000022
11
106.7117569999999915
21
-89.3937289999999933
0
LINE
8
BLACK
6
CONTINUOUS
10
106.7117569999999915
20
-89.3937289999999933
11
106.5487559999999974
21
-89.4612460000000027
0
LINE
8
BLACK
6
CONTINUOUS
10
106.5487559999999974
20
-89.4612460000000027
11
106.3757149999999996
21
-89.4956659999999999
0
LINE
8
BLACK
6
CONTINUOUS
10
106.3757149999999996
20
-89.4956659999999999
11
106.1992849999999891
21
-89.4956659999999999
0
LINE
8
BLACK
6
CONTINUOUS
10
106.1992849999999891
20
-89.4956659999999999
11
106.0262439999999913
21
-89.4612460000000027
0
LINE
8
BLACK
6
CONTINUOUS
10
106.0262439999999913
20
-89.4612460000000027
11
105.8632429999999971
21
-89.3937289999999933
0
LINE
8
BLACK
6
CONTINUOUS
10
105.8632429999999971
20
-89.3937289999999933
11
105.7165459999999939
21
-89.2957090000000022
0
LINE
8
BLACK
6
CONTINUOUS
10
105.7165459999999939
20
-89.2957090000000022
11
105.5917910000000006
21
-89.1709539999999947
0
LINE
8
BLACK
6
CONTINUOUS
10
105.5917910000000006
20
-89.1709539999999947
11
105.4937709999999953
21
-89.0242569999999915
0
LINE
8
BLACK
6
CONTINUOUS
10
105.4937709999999953
20
-89.0242569999999915
11
105.4262540000000001
21
-88.8612559999999974
0
LINE
8
BLACK
6
CONTINUOUS
10
105.4262540000000001
20
-88.8612559999999974
11
105.3918339999999887
21
-88.6882149999999996
0
LINE
8
BLACK
6
CONTINUOUS
10
105.3918339999999887
20
-88.6882149999999996
11
105.3874999999999886
21
-88.5999999999999943
0
LINE
8
BLACK
6
CONTINUOUS
10
105.3874999999999886
20
-88.5999999999999943
11
105.3874999999999886
21
-86.7999999999999972
0
LINE
8
BLACK
6
CONTINUOUS
10
105.3874999999999886
20
-86.7999999999999972
11
105.3918339999999887
21
-86.7117849999999919
0
LINE
8
BLACK
6
CONTINUOUS
10
105.3918339999999887
20
-86.7117849999999919
11
105.4262540000000001
21
-86.5387439999999941
0
LINE
8
BLACK
6
CONTINUOUS
10
105.4262540000000001
20
-86.5387439999999941
11
105.4937709999999953
21
-86.3757429999999999
0
LINE
8
BLACK
6
CONTINUOUS
10
105.4937709999999953
20
-86.3757429999999999
11
105.5917910000000006
21
-86.2290459999999968
0
LINE
8
BLACK
6
CONTINUOUS
10
105.5917910000000006
20
-86.2290459999999968
11
105.7165459999999939
21
-86.1042909999999893
0
LINE
8
BLACK
6
CONTINUOUS
10
105.7165459999999939
20
-86.1042909999999893
11
105.8632429999999971
21
-86.0062709999999981
0
LINE
8
BLACK
6
CONTINUOUS
10
105.8632429999999971
20
-86.0062709999999981
11
106.0262439999999913
21
-85.938754000000003
0
LINE
8
BLACK
6
CONTINUOUS
10
106.0262439999999913
20
-85.938754000000003
11
106.1992849999999891
21
-85.9043339999999915
0
LINE
8
BLACK
6
CONTINUOUS
10
106.1992849999999891
20
-85.9043339999999915
11
106.3757149999999996
21
-85.9043339999999915
0
LINE
8
BLACK
6
CONTINUOUS
10
106.3757149999999996
20
-85.9043339999999915
11
106.5487559999999974
21
-85.938754000000003
0
LINE
8
BLACK
6
CONTINUOUS
10
116.7487560000000002
20
-85.938754000000003
11
116.9117569999999944
21
-86.0062709999999981
0
LINE
8
BLACK
6
CONTINUOUS
10
116.9117569999999944
20
-86.0062709999999981
11
117.0584539999999976
21
-86.1042909999999893
0
LINE
8
BLACK
6
CONTINUOUS
10
117.0584539999999976
20
-86.1042909999999893
11
117.1832089999999909
21
-86.2290459999999968
0
LINE
8
BLACK
6
CONTINUOUS
10
117.1832089999999909
20
-86.2290459999999968
11
117.2812289999999962
21
-86.3757429999999999
0
LINE
8
BLACK
6
CONTINUOUS
10
117.2812289999999962
20
-86.3757429999999999
11
117.3487459999999913
21
-86.5387439999999941
0
LINE
8
BLACK
6
CONTINUOUS
10
117.3487459999999913
20
-86.5387439999999941
11
117.3831659999999886
21
-86.7117849999999919
0
LINE
8
BLACK
6
CONTINUOUS
10
117.3831659999999886
20
-86.7117849999999919
11
117.3874999999999886
21
-86.7999999999999972
0
LINE
8
BLACK
6
CONTINUOUS
10
117.3874999999999886
20
-86.7999999999999972
11
117.3874999999999886
21
-88.5999999999999943
0
LINE
8
BLACK
6
CONTINUOUS
10
117.3874999999999886
20
-88.5999999999999943
11
117.3831659999999886
21
-88.6882149999999996
0
LINE
8
BLACK
6
CONTINUOUS
10
117.3831659999999886
20
-88.6882149999999996
11
117.3487459999999913
21
-88.8612559999999974
0
LINE
8
BLACK
6
CONTINUOUS
10
117.3487459999999913
20
-88.8612559999999974
11
117.2812289999999962
21
-89.0242569999999915
0
LINE
8
BLACK
6
CONTINUOUS
10
117.2812289999999962
20
-89.0242569999999915
11
117.1832089999999909
21
-89.1709539999999947
0
LINE
8
BLACK
6
CONTINUOUS
10
117.1832089999999909
20
-89.1709539999999947
11
117.0584539999999976
21
-89.2957090000000022
0
LINE
8
BLACK
6
CONTINUOUS
10
117.0584539999999976
20
-89.2957090000000022
11
116.9117569999999944
21
-89.3937289999999933
0
LINE
8
BLACK
6
CONTINUOUS
10
116.9117569999999944
20
-89.3937289999999933
11
116.7487560000000002
21
-89.4612460000000027
0
LINE
8
BLACK
6
CONTINUOUS
10
116.7487560000000002
20
-89.4612460000000027
11
116.5757149999999882
21
-89.4956659999999999
0
LINE
8
BLACK
6
CONTINUOUS
10
116.5757149999999882
20
-89.4956659999999999
11
116.3992849999999919
21
-89.4956659999999999
0
LINE
8
BLACK
6
CONTINUOUS
10
116.3992849999999919
20
-89.4956659999999999
11
116.2262439999999941
21
-89.4612460000000027
0
LINE
8
BLACK
6
CONTINUOUS
10
116.2262439999999941
20
-89.4612460000000027
11
116.0632429999999999
21
-89.3937289999999933
0
LINE
8
BLACK
6
CONTINUOUS
10
116.0632429999999999
20
-89.3937289999999933
11
115.9165459999999968
21
-89.2957090000000022
0
LINE
8
BLACK
6
CONTINUOUS
10
115.9165459999999968
20
-89.2957090000000022
11
115.7917909999999893
21
-89.1709539999999947
0
LINE
8
BLACK
6
CONTINUOUS
10
115.7917909999999893
20
-89.1709539999999947
11
115.6937709999999981
21
-89.0242569999999915
0
LINE
8
BLACK
6
CONTINUOUS
10
115.6937709999999981
20
-89.0242569999999915
11
115.6262539999999888
21
-88.8612559999999974
0
LINE
8
BLACK
6
CONTINUOUS
10
115.6262539999999888
20
-88.8612559999999974
11
115.5918339999999915
21
-88.6882149999999996
0
LINE
8
BLACK
6
CONTINUOUS
10
115.5918339999999915
20
-88.6882149999999996
11
115.5874999999999915
21
-88.5999999999999943
0
LINE
8
BLACK
6
CONTINUOUS
10
115.5874999999999915
20
-88.5999999999999943
11
115.5874999999999915
21
-86.7999999999999972
0
LINE
8
BLACK
6
CONTINUOUS
10
115.5874999999999915
20
-86.7999999999999972
11
115.5918339999999915
21
-86.7117849999999919
0
LINE
8
BLACK
6
CONTINUOUS
10
115.5918339999999915
20
-86.7117849999999919
11
115.6262539999999888
21
-86.5387439999999941
0
LINE
8
BLACK
6
CONTINUOUS
10
115.6262539999999888
20
-86.5387439999999941
11
115.6937709999999981
21
-86.3757429999999999
0
LINE
8
BLACK
6
CONTINUOUS
10
115.6937709999999981
20
-86.3757429999999999
11
115.7917909999999893
21
-86.2290459999999968
0
LINE
8
BLACK
6
CONTINUOUS
10
115.7917909999999893
20
-86.2290459999999968
11
115.9165459999999968
21
-86.1042909999999893
0
LINE
8
BLACK
6
CONTINUOUS
10
115.9165459999999968
20
-86.1042909999999893
11
116.0632429999999999
21
-86.0062709999999981
0
LINE
8
BLACK
6
CONTINUOUS
10
116.0632429999999999
20
-86.0062709999999981
11
116.2262439999999941
21
-85.938754000000003
0
LINE
8
BLACK
6
CONTINUOUS
10
116.2262439999999941
20
-85.938754000000003
11
116.3992849999999919
21
-85.9043339999999915
0
LINE
8
BLACK
6
CONTINUOUS
10
116.3992849999999919
20
-85.9043339999999915
11
116.5757149999999882
21
-85.9043339999999915
0
LINE
8
BLACK
6
CONTINUOUS
10
116.5757149999999882
20
-85.9043339999999915
11
116.7487560000000002
21
-85.938754000000003
0
LINE
8
BLACK
6
CONTINUOUS
10
126.9487559999999888
20
-85.938754000000003
11
127.1117569999999972
21
-86.0062709999999981
0
LINE
8
BLACK
6
CONTINUOUS
10
127.1117569999999972
20
-86.0062709999999981
11
127.2584540000000004
21
-86.1042909999999893
0
LINE
8
BLACK
6
CONTINUOUS
10
127.2584540000000004
20
-86.1042909999999893
11
127.3832089999999937
21
-86.2290459999999968
0
LINE
8
BLACK
6
CONTINUOUS
10
127.3832089999999937
20
-86.2290459999999968
11
127.481228999999999
21
-86.3757429999999999
0
LINE
8
BLACK
6
CONTINUOUS
10
127.481228999999999
20
-86.3757429999999999
11
127.5487459999999942
21
-86.5387439999999941
0
LINE
8
BLACK
6
CONTINUOUS
10
127.5487459999999942
20
-86.5387439999999941
11
127.5831659999999914
21
-86.7117849999999919
0
LINE
8
BLACK
6
CONTINUOUS
10
127.5831659999999914
20
-86.7117849999999919
11
127.5874999999999915
21
-86.7999999999999972
0
LINE
8
BLACK
6
CONTINUOUS
10
127.5874999999999915
20
-86.7999999999999972
11
127.5874999999999915
21
-88.5999999999999943
0
LINE
8
BLACK
6
CONTINUOUS
10
127.5874999999999915
20
-88.5999999999999943
11
127.5831659999999914
21
-88.6882149999999996
0
LINE
8
BLACK
6
CONTINUOUS
10
127.5831659999999914
20
-88.6882149999999996
11
127.5487459999999942
21
-88.8612559999999974
0
LINE
8
BLACK
6
CONTINUOUS
10
127.5487459999999942
20
-88.8612559999999974
11
127.481228999999999
21
-89.0242569999999915
0
LINE
8
BLACK
6
CONTINUOUS
10
127.481228999999999
20
-89.0242569999999915
11
127.3832089999999937
21
-89.1709539999999947
0
LINE
8
BLACK
6
CONTINUOUS
10
127.3832089999999937
20
-89.1709539999999947
11
127.2584540000000004
21
-89.2957090000000022
0
LINE
8
BLACK
6
CONTINUOUS
10
127.2584540000000004
20
-89.2957090000000022
11
127.1117569999999972
21
-89.3937289999999933
0
LINE
8
BLACK
6
CONTINUOUS
10
127.1117569999999972
20
-89.3937289999999933
11
126.9487559999999888
21
-89.4612460000000027
0
LINE
8
BLACK
6
CONTINUOUS
10
126.9487559999999888
20
-89.4612460000000027
11
126.7757149999999911
21
-89.4956659999999999
0
LINE
8
BLACK
6
CONTINUOUS
10
126.7757149999999911
20
-89.4956659999999999
11
126.5992849999999947
21
-89.4956659999999999
0
LINE
8
BLACK
6
CONTINUOUS
10
126.5992849999999947
20
-89.4956659999999999
11
126.426243999999997
21
-89.4612460000000027
0
LINE
8
BLACK
6
CONTINUOUS
10
126.426243999999997
20
-89.4612460000000027
11
126.2632429999999886
21
-89.3937289999999933
0
LINE
8
BLACK
6
CONTINUOUS
10
126.2632429999999886
20
-89.3937289999999933
11
126.1165459999999996
21
-89.2957090000000022
0
LINE
8
BLACK
6
CONTINUOUS
10
126.1165459999999996
20
-89.2957090000000022
11
125.9917909999999921
21
-89.1709539999999947
0
LINE
8
BLACK
6
CONTINUOUS
10
125.9917909999999921
20
-89.1709539999999947
11
125.893771000000001
21
-89.0242569999999915
0
LINE
8
BLACK
6
CONTINUOUS
10
125.893771000000001
20
-89.0242569999999915
11
125.8262539999999916
21
-88.8612559999999974
0
LINE
8
BLACK
6
CONTINUOUS
10
125.8262539999999916
20
-88.8612559999999974
11
125.7918339999999944
21
-88.6882149999999996
0
LINE
8
BLACK
6
CONTINUOUS
10
125.7918339999999944
20
-88.6882149999999996
11
125.7874999999999943
21
-88.5999999999999943
0
LINE
8
BLACK
6
CONTINUOUS
10
125.7874999999999943
20
-88.5999999999999943
11
125.7874999999999943
21
-86.7999999999999972
0
LINE
8
BLACK
6
CONTINUOUS
10
125.7874999999999943
20
-86.7999999999999972
11
125.7918339999999944
21
-86.7117849999999919
0
LINE
8
BLACK
6
CONTINUOUS
10
125.7918339999999944
20
-86.7117849999999919
11
125.8262539999999916
21
-86.5387439999999941
0
LINE
8
BLACK
6
CONTINUOUS
10
125.8262539999999916
20
-86.5387439999999941
11
125.893771000000001
21
-86.3757429999999999
0
LINE
8
BLACK
6
CONTINUOUS
10
125.893771000000001
20
-86.3757429999999999
11
125.9917909999999921
21
-86.2290459999999968
0
LINE
8
BLACK
6
CONTINUOUS
10
125.9917909999999921
20
-86.2290459999999968
11
126.1165459999999996
21
-86.1042909999999893
0
LINE
8
BLACK
6
CONTINUOUS
10
126.1165459999999996
20
-86.1042909999999893
11
126.2632429999999886
21
-86.0062709999999981
0
LINE
8
BLACK
6
CONTINUOUS
10
126.2632429999999886
20
-86.0062709999999981
11
126.426243999999997
21
-85.938754000000003
0
LINE
8
BLACK
6
CONTINUOUS
10
126.426243999999997
20
-85.938754000000003
11
126.5992849999999947
21
-85.9043339999999915
0
LINE
8
BLACK
6
CONTINUOUS
10
126.5992849999999947
20
-85.9043339999999915
11
126.7757149999999911
21
-85.9043339999999915
0
LINE
8
BLACK
6
CONTINUOUS
10
126.7757149999999911
20
-85.9043339999999915
11
126.9487559999999888
21
-85.938754000000003
0
LINE
8
BLACK
6
CONTINUOUS
10
143.2824999999999989
20
-84.082499999999996
11
141.5324999999999989
21
-84.082499999999996
0
LINE
8
BLACK
6
CONTINUOUS
10
141.5324999999999989
20
-84.082499999999996
11
141.5324999999999989
21
-81.832499999999996
0
LINE
8
BLACK
6
CONTINUOUS
10
141.5324999999999989
20
-81.832499999999996
11
143.2824999999999989
21
-81.832499999999996
0
LINE
8
BLACK
6
CONTINUOUS
10
143.2824999999999989
20
-81.832499999999996
11
143.2824999999999989
21
-84.082499999999996
0
LINE
8
BLACK
6
CONTINUOUS
10
135.0414989999999875
20
-81.8701769999999982
11
135.1999720000000025
21
-81.9358189999999951
0
LINE
8
BLACK
6
CONTINUOUS
10
135.1999720000000025
20
-81.9358189999999951
11
135.3425939999999912
21
-82.0311159999999973
0
LINE
8
BLACK
6
CONTINUOUS
10
135.3425939999999912
20
-82.0311159999999973
11
135.4638840000000073
21
-82.1524059999999992
0
LINE
8
BLACK
6
CONTINUOUS
10
135.4638840000000073
20
-82.1524059999999992
11
135.5591809999999953
21
-82.2950280000000021
0
LINE
8
BLACK
6
CONTINUOUS
10
135.5591809999999953
20
-82.2950280000000021
11
135.6248229999999921
21
-82.4535010000000028
0
LINE
8
BLACK
6
CONTINUOUS
10
135.6248229999999921
20
-82.4535010000000028
11
135.6582870000000014
21
-82.621735000000001
0
LINE
8
BLACK
6
CONTINUOUS
10
135.6582870000000014
20
-82.621735000000001
11
135.6624999999999943
21
-82.707499999999996
0
LINE
8
BLACK
6
CONTINUOUS
10
135.6624999999999943
20
-82.707499999999996
11
135.6624999999999943
21
-83.207499999999996
0
LINE
8
BLACK
6
CONTINUOUS
10
135.6624999999999943
20
-83.207499999999996
11
135.6582870000000014
21
-83.293264999999991
0
LINE
8
BLACK
6
CONTINUOUS
10
135.6582870000000014
20
-83.293264999999991
11
135.6248229999999921
21
-83.4614989999999892
0
LINE
8
BLACK
6
CONTINUOUS
10
135.6248229999999921
20
-83.4614989999999892
11
135.5591809999999953
21
-83.61997199999999
0
LINE
8
BLACK
6
CONTINUOUS
10
135.5591809999999953
20
-83.61997199999999
11
135.4638840000000073
21
-83.7625939999999929
0
LINE
8
BLACK
6
CONTINUOUS
10
135.4638840000000073
20
-83.7625939999999929
11
135.3425939999999912
21
-83.8838839999999948
0
LINE
8
BLACK
6
CONTINUOUS
10
135.3425939999999912
20
-83.8838839999999948
11
135.1999720000000025
21
-83.979180999999997
0
LINE
8
BLACK
6
CONTINUOUS
10
135.1999720000000025
20
-83.979180999999997
11
135.0414989999999875
21
-84.0448229999999938
0
LINE
8
BLACK
6
CONTINUOUS
10
135.0414989999999875
20
-84.0448229999999938
11
134.8732650000000035
21
-84.0782870000000031
0
LINE
8
BLACK
6
CONTINUOUS
10
134.8732650000000035
20
-84.0782870000000031
11
134.7017349999999851
21
-84.0782870000000031
0
LINE
8
BLACK
6
CONTINUOUS
10
134.7017349999999851
20
-84.0782870000000031
11
134.5335010000000011
21
-84.0448229999999938
0
LINE
8
BLACK
6
CONTINUOUS
10
134.5335010000000011
20
-84.0448229999999938
11
134.3750279999999862
21
-83.979180999999997
0
LINE
8
BLACK
6
CONTINUOUS
10
134.3750279999999862
20
-83.979180999999997
11
134.2324059999999974
21
-83.8838839999999948
0
LINE
8
BLACK
6
CONTINUOUS
10
134.2324059999999974
20
-83.8838839999999948
11
134.1111159999999813
21
-83.7625939999999929
0
LINE
8
BLACK
6
CONTINUOUS
10
134.1111159999999813
20
-83.7625939999999929
11
134.0158189999999934
21
-83.61997199999999
0
LINE
8
BLACK
6
CONTINUOUS
10
134.0158189999999934
20
-83.61997199999999
11
133.9501769999999965
21
-83.4614989999999892
0
LINE
8
BLACK
6
CONTINUOUS
10
133.9501769999999965
20
-83.4614989999999892
11
133.9167129999999872
21
-83.293264999999991
0
LINE
8
BLACK
6
CONTINUOUS
10
133.9167129999999872
20
-83.293264999999991
11
133.9124999999999943
21
-83.207499999999996
0
LINE
8
BLACK
6
CONTINUOUS
10
133.9124999999999943
20
-83.207499999999996
11
133.9124999999999943
21
-82.707499999999996
0
LINE
8
BLACK
6
CONTINUOUS
10
133.9124999999999943
20
-82.707499999999996
11
133.9167129999999872
21
-82.621735000000001
0
LINE
8
BLACK
6
CONTINUOUS
10
133.9167129999999872
20
-82.621735000000001
11
133.9501769999999965
21
-82.4535010000000028
0
LINE
8
BLACK
6
CONTINUOUS
10
133.9501769999999965
20
-82.4535010000000028
11
134.0158189999999934
21
-82.2950280000000021
0
LINE
8
BLACK
6
CONTINUOUS
10
134.0158189999999934
20
-82.2950280000000021
11
134.1111159999999813
21
-82.1524059999999992
0
LINE
8
BLACK
6
CONTINUOUS
10
134.1111159999999813
20
-82.1524059999999992
11
134.2324059999999974
21
-82.0311159999999973
0
LINE
8
BLACK
6
CONTINUOUS
10
134.2324059999999974
20
-82.0311159999999973
11
134.3750279999999862
21
-81.9358189999999951
0
LINE
8
BLACK
6
CONTINUOUS
10
134.3750279999999862
20
-81.9358189999999951
11
134.5335010000000011
21
-81.8701769999999982
0
LINE
8
BLACK
6
CONTINUOUS
10
134.5335010000000011
20
-81.8701769999999982
11
134.7017349999999851
21
-81.8367130000000031
0
LINE
8
BLACK
6
CONTINUOUS
10
134.7017349999999851
20
-81.8367130000000031
11
134.8732650000000035
21
-81.8367130000000031
0
LINE
8
BLACK
6
CONTINUOUS
10
134.8732650000000035
20
-81.8367130000000031
11
135.0414989999999875
21
-81.8701769999999982
0
LINE
8
BLACK
6
CONTINUOUS
10
137.581499000000008
20
-81.8701769999999982
11
137.7399719999999945
21
-81.9358189999999951
0
LINE
8
BLACK
6
CONTINUOUS
10
137.7399719999999945
20
-81.9358189999999951
11
137.8825939999999832
21
-82.0311159999999973
0
LINE
8
BLACK
6
CONTINUOUS
10
137.8825939999999832
20
-82.0311159999999973
11
138.0038839999999993
21
-82.1524059999999992
0
LINE
8
BLACK
6
CONTINUOUS
10
138.0038839999999993
20
-82.1524059999999992
11
138.0991809999999873
21
-82.2950280000000021
0
LINE
8
BLACK
6
CONTINUOUS
10
138.0991809999999873
20
-82.2950280000000021
11
138.1648229999999842
21
-82.4535010000000028
0
LINE
8
BLACK
6
CONTINUOUS
10
138.1648229999999842
20
-82.4535010000000028
11
138.1982869999999934
21
-82.621735000000001
0
LINE
8
BLACK
6
CONTINUOUS
10
138.1982869999999934
20
-82.621735000000001
11
138.2024999999999864
21
-82.707499999999996
0
LINE
8
BLACK
6
CONTINUOUS
10
138.2024999999999864
20
-82.707499999999996
11
138.2024999999999864
21
-83.207499999999996
0
LINE
8
BLACK
6
CONTINUOUS
10
138.2024999999999864
20
-83.207499999999996
11
138.1982869999999934
21
-83.293264999999991
0
LINE
8
BLACK
6
CONTINUOUS
10
138.1982869999999934
20
-83.293264999999991
11
138.1648229999999842
21
-83.4614989999999892
0
LINE
8
BLACK
6
CONTINUOUS
10
138.1648229999999842
20
-83.4614989999999892
11
138.0991809999999873
21
-83.61997199999999
0
LINE
8
BLACK
6
CONTINUOUS
10
138.0991809999999873
20
-83.61997199999999
11
138.0038839999999993
21
-83.7625939999999929
0
LINE
8
BLACK
6
CONTINUOUS
10
138.0038839999999993
20
-83.7625939999999929
11
137.8825939999999832
21
-83.8838839999999948
0
LINE
8
BLACK
6
CONTINUOUS
10
137.8825939999999832
20
-83.8838839999999948
11
137.7399719999999945
21
-83.979180999999997
0
LINE
8
BLACK
6
CONTINUOUS
10
137.7399719999999945
20
-83.979180999999997
11
137.581499000000008
21
-84.0448229999999938
0
LINE
8
BLACK
6
CONTINUOUS
10
137.581499000000008
20
-84.0448229999999938
11
137.4132649999999956
21
-84.0782870000000031
0
LINE
8
BLACK
6
CONTINUOUS
10
137.4132649999999956
20
-84.0782870000000031
11
137.2417350000000056
21
-84.0782870000000031
0
LINE
8
BLACK
6
CONTINUOUS
10
137.2417350000000056
20
-84.0782870000000031
11
137.0735009999999932
21
-84.0448229999999938
0
LINE
8
BLACK
6
CONTINUOUS
10
137.0735009999999932
20
-84.0448229999999938
11
136.9150280000000066
21
-83.979180999999997
0
LINE
8
BLACK
6
CONTINUOUS
10
136.9150280000000066
20
-83.979180999999997
11
136.7724059999999895
21
-83.8838839999999948
0
LINE
8
BLACK
6
CONTINUOUS
10
136.7724059999999895
20
-83.8838839999999948
11
136.6511160000000018
21
-83.7625939999999929
0
LINE
8
BLACK
6
CONTINUOUS
10
136.6511160000000018
20
-83.7625939999999929
11
136.5558189999999854
21
-83.61997199999999
0
LINE
8
BLACK
6
CONTINUOUS
10
136.5558189999999854
20
-83.61997199999999
11
136.4901769999999885
21
-83.4614989999999892
0
LINE
8
BLACK
6
CONTINUOUS
10
136.4901769999999885
20
-83.4614989999999892
11
136.4567130000000077
21
-83.293264999999991
0
LINE
8
BLACK
6
CONTINUOUS
10
136.4567130000000077
20
-83.293264999999991
11
136.4524999999999864
21
-83.207499999999996
0
LINE
8
BLACK
6
CONTINUOUS
10
136.4524999999999864
20
-83.207499999999996
11
136.4524999999999864
21
-82.707499999999996
0
LINE
8
BLACK
6
CONTINUOUS
10
136.4524999999999864
20
-82.707499999999996
11
136.4567130000000077
21
-82.621735000000001
0
LINE
8
BLACK
6
CONTINUOUS
10
136.4567130000000077
20
-82.621735000000001
11
136.4901769999999885
21
-82.4535010000000028
0
LINE
8
BLACK
6
CONTINUOUS
10
136.4901769999999885
20
-82.4535010000000028
11
136.5558189999999854
21
-82.2950280000000021
0
LINE
8
BLACK
6
CONTINUOUS
10
136.5558189999999854
20
-82.2950280000000021
11
136.6511160000000018
21
-82.1524059999999992
0
LINE
8
BLACK
6
CONTINUOUS
10
136.6511160000000018
20
-82.1524059999999992
11
136.7724059999999895
21
-82.0311159999999973
0
LINE
8
BLACK
6
CONTINUOUS
10
136.7724059999999895
20
-82.0311159999999973
11
136.9150280000000066
21
-81.9358189999999951
0
LINE
8
BLACK
6
CONTINUOUS
10
136.9150280000000066
20
-81.9358189999999951
11
137.0735009999999932
21
-81.8701769999999982
0
LINE
8
BLACK
6
CONTINUOUS
10
137.0735009999999932
20
-81.8701769999999982
11
137.2417350000000056
21
-81.8367130000000031
0
LINE
8
BLACK
6
CONTINUOUS
10
137.2417350000000056
20
-81.8367130000000031
11
137.4132649999999956
21
-81.8367130000000031
0
LINE
8
BLACK
6
CONTINUOUS
10
137.4132649999999956
20
-81.8367130000000031
11
137.581499000000008
21
-81.8701769999999982
0
LINE
8
BLACK
6
CONTINUOUS
10
140.121499
20
-81.8701769999999982
11
140.2799719999999866
21
-81.9358189999999951
0
LINE
8
BLACK
6
CONTINUOUS
10
140.2799719999999866
20
-81.9358189999999951
11
140.4225940000000037
21
-82.0311159999999973
0
LINE
8
BLACK
6
CONTINUOUS
10
140.4225940000000037
20
-82.0311159999999973
11
140.5438839999999914
21
-82.1524059999999992
0
LINE
8
BLACK
6
CONTINUOUS
10
140.5438839999999914
20
-82.1524059999999992
11
140.6391810000000078
21
-82.2950280000000021
0
LINE
8
BLACK
6
CONTINUOUS
10
140.6391810000000078
20
-82.2950280000000021
11
140.7048230000000046
21
-82.4535010000000028
0
LINE
8
BLACK
6
CONTINUOUS
10
140.7048230000000046
20
-82.4535010000000028
11
140.7382869999999855
21
-82.621735000000001
0
LINE
8
BLACK
6
CONTINUOUS
10
140.7382869999999855
20
-82.621735000000001
11
140.7425000000000068
21
-82.707499999999996
0
LINE
8
BLACK
6
CONTINUOUS
10
140.7425000000000068
20
-82.707499999999996
11
140.7425000000000068
21
-83.207499999999996
0
LINE
8
BLACK
6
CONTINUOUS
10
140.7425000000000068
20
-83.207499999999996
11
140.7382869999999855
21
-83.293264999999991
0
LINE
8
BLACK
6
CONTINUOUS
10
140.7382869999999855
20
-83.293264999999991
11
140.7048230000000046
21
-83.4614989999999892
0
LINE
8
BLACK
6
CONTINUOUS
10
140.7048230000000046
20
-83.4614989999999892
11
140.6391810000000078
21
-83.61997199999999
0
LINE
8
BLACK
6
CONTINUOUS
10
140.6391810000000078
20
-83.61997199999999
11
140.5438839999999914
21
-83.7625939999999929
0
LINE
8
BLACK
6
CONTINUOUS
10
140.5438839999999914
20
-83.7625939999999929
11
140.4225940000000037
21
-83.8838839999999948
0
LINE
8
BLACK
6
CONTINUOUS
10
140.4225940000000037
20
-83.8838839999999948
11
140.2799719999999866
21
-83.979180999999997
0
LINE
8
BLACK
6
CONTINUOUS
10
140.2799719999999866
20
-83.979180999999997
11
140.121499
21
-84.0448229999999938
0
LINE
8
BLACK
6
CONTINUOUS
10
140.121499
20
-84.0448229999999938
11
139.9532649999999876
21
-84.0782870000000031
0
LINE
8
BLACK
6
CONTINUOUS
10
139.9532649999999876
20
-84.0782870000000031
11
139.7817349999999976
21
-84.0782870000000031
0
LINE
8
BLACK
6
CONTINUOUS
10
139.7817349999999976
20
-84.0782870000000031
11
139.6135009999999852
21
-84.0448229999999938
0
LINE
8
BLACK
6
CONTINUOUS
10
139.6135009999999852
20
-84.0448229999999938
11
139.4550279999999987
21
-83.979180999999997
0
LINE
8
BLACK
6
CONTINUOUS
10
139.4550279999999987
20
-83.979180999999997
11
139.3124059999999815
21
-83.8838839999999948
0
LINE
8
BLACK
6
CONTINUOUS
10
139.3124059999999815
20
-83.8838839999999948
11
139.1911159999999938
21
-83.7625939999999929
0
LINE
8
BLACK
6
CONTINUOUS
10
139.1911159999999938
20
-83.7625939999999929
11
139.0958190000000059
21
-83.61997199999999
0
LINE
8
BLACK
6
CONTINUOUS
10
139.0958190000000059
20
-83.61997199999999
11
139.0301769999999806
21
-83.4614989999999892
0
LINE
8
BLACK
6
CONTINUOUS
10
139.0301769999999806
20
-83.4614989999999892
11
138.9967129999999997
21
-83.293264999999991
0
LINE
8
BLACK
6
CONTINUOUS
10
138.9967129999999997
20
-83.293264999999991
11
138.9925000000000068
21
-83.207499999999996
0
LINE
8
BLACK
6
CONTINUOUS
10
138.9925000000000068
20
-83.207499999999996
11
138.9925000000000068
21
-82.707499999999996
0
LINE
8
BLACK
6
CONTINUOUS
10
138.9925000000000068
20
-82.707499999999996
11
138.9967129999999997
21
-82.621735000000001
0
LINE
8
BLACK
6
CONTINUOUS
10
138.9967129999999997
20
-82.621735000000001
11
139.0301769999999806
21
-82.4535010000000028
0
LINE
8
BLACK
6
CONTINUOUS
10
139.0301769999999806
20
-82.4535010000000028
11
139.0958190000000059
21
-82.2950280000000021
0
LINE
8
BLACK
6
CONTINUOUS
10
139.0958190000000059
20
-82.2950280000000021
11
139.1911159999999938
21
-82.1524059999999992
0
LINE
8
BLACK
6
CONTINUOUS
10
139.1911159999999938
20
-82.1524059999999992
11
139.3124059999999815
21
-82.0311159999999973
0
LINE
8
BLACK
6
CONTINUOUS
10
139.3124059999999815
20
-82.0311159999999973
11
139.4550279999999987
21
-81.9358189999999951
0
LINE
8
BLACK
6
CONTINUOUS
10
139.4550279999999987
20
-81.9358189999999951
11
139.6135009999999852
21
-81.8701769999999982
0
LINE
8
BLACK
6
CONTINUOUS
10
139.6135009999999852
20
-81.8701769999999982
11
139.7817349999999976
21
-81.8367130000000031
0
LINE
8
BLACK
6
CONTINUOUS
10
139.7817349999999976
20
-81.8367130000000031
11
139.9532649999999876
21
-81.8367130000000031
0
LINE
8
BLACK
6
CONTINUOUS
10
139.9532649999999876
20
-81.8367130000000031
11
140.121499
21
-81.8701769999999982
0
LINE
8
BLACK
6
CONTINUOUS
10
96.833170999999993
20
-75.6190299999999951
11
96.9142769999999985
21
-75.673222999999993
0
LINE
8
BLACK
6
CONTINUOUS
10
96.9142769999999985
20
-75.673222999999993
11
96.9684699999999964
21
-75.7543289999999985
0
LINE
8
BLACK
6
CONTINUOUS
10
96.9684699999999964
20
-75.7543289999999985
11
96.9874999999999972
21
-75.8499999999999943
0
LINE
8
BLACK
6
CONTINUOUS
10
96.9874999999999972
20
-75.8499999999999943
11
96.9874999999999972
21
-78.9500000000000028
0
LINE
8
BLACK
6
CONTINUOUS
10
96.9874999999999972
20
-78.9500000000000028
11
96.9684699999999964
21
-79.0456709999999987
0
LINE
8
BLACK
6
CONTINUOUS
10
96.9684699999999964
20
-79.0456709999999987
11
96.9142769999999985
21
-79.1267769999999899
0
LINE
8
BLACK
6
CONTINUOUS
10
96.9142769999999985
20
-79.1267769999999899
11
96.833170999999993
21
-79.1809700000000021
0
LINE
8
BLACK
6
CONTINUOUS
10
96.833170999999993
20
-79.1809700000000021
11
96.7374999999999972
21
-79.2000000000000028
0
LINE
8
BLACK
6
CONTINUOUS
10
96.7374999999999972
20
-79.2000000000000028
11
95.4375
21
-79.2000000000000028
0
LINE
8
BLACK
6
CONTINUOUS
10
95.4375
20
-79.2000000000000028
11
95.3418289999999899
21
-79.1809700000000021
0
LINE
8
BLACK
6
CONTINUOUS
10
95.3418289999999899
20
-79.1809700000000021
11
95.2607229999999987
21
-79.1267769999999899
0
LINE
8
BLACK
6
CONTINUOUS
10
95.2607229999999987
20
-79.1267769999999899
11
95.2065300000000008
21
-79.0456709999999987
0
LINE
8
BLACK
6
CONTINUOUS
10
95.2065300000000008
20
-79.0456709999999987
11
95.1875
21
-78.9500000000000028
0
LINE
8
BLACK
6
CONTINUOUS
10
95.1875
20
-78.9500000000000028
11
95.1875
21
-75.8499999999999943
0
LINE
8
BLACK
6
CONTINUOUS
10
95.1875
20
-75.8499999999999943
11
95.2065300000000008
21
-75.7543289999999985
0
LINE
8
BLACK
6
CONTINUOUS
10
95.2065300000000008
20
-75.7543289999999985
11
95.2607229999999987
21
-75.673222999999993
0
LINE
8
BLACK
6
CONTINUOUS
10
95.2607229999999987
20
-75.673222999999993
11
95.3418289999999899
21
-75.6190299999999951
0
LINE
8
BLACK
6
CONTINUOUS
10
95.3418289999999899
20
-75.6190299999999951
11
95.4375
21
-75.5999999999999943
0
LINE
8
BLACK
6
CONTINUOUS
10
95.4375
20
-75.5999999999999943
11
96.7374999999999972
21
-75.5999999999999943
0
LINE
8
BLACK
6
CONTINUOUS
10
96.7374999999999972
20
-75.5999999999999943
11
96.833170999999993
21
-75.6190299999999951
0
LINE
8
BLACK
6
CONTINUOUS
10
107.0331709999999958
20
-75.6190299999999951
11
107.1142770000000013
21
-75.673222999999993
0
LINE
8
BLACK
6
CONTINUOUS
10
107.1142770000000013
20
-75.673222999999993
11
107.1684699999999992
21
-75.7543289999999985
0
LINE
8
BLACK
6
CONTINUOUS
10
107.1684699999999992
20
-75.7543289999999985
11
107.1875
21
-75.8499999999999943
0
LINE
8
BLACK
6
CONTINUOUS
10
107.1875
20
-75.8499999999999943
11
107.1875
21
-78.9500000000000028
0
LINE
8
BLACK
6
CONTINUOUS
10
107.1875
20
-78.9500000000000028
11
107.1684699999999992
21
-79.0456709999999987
0
LINE
8
BLACK
6
CONTINUOUS
10
107.1684699999999992
20
-79.0456709999999987
11
107.1142770000000013
21
-79.1267769999999899
0
LINE
8
BLACK
6
CONTINUOUS
10
107.1142770000000013
20
-79.1267769999999899
11
107.0331709999999958
21
-79.1809700000000021
0
LINE
8
BLACK
6
CONTINUOUS
10
107.0331709999999958
20
-79.1809700000000021
11
106.9375
21
-79.2000000000000028
0
LINE
8
BLACK
6
CONTINUOUS
10
106.9375
20
-79.2000000000000028
11
105.6374999999999886
21
-79.2000000000000028
0
LINE
8
BLACK
6
CONTINUOUS
10
105.6374999999999886
20
-79.2000000000000028
11
105.5418289999999928
21
-79.1809700000000021
0
LINE
8
BLACK
6
CONTINUOUS
10
105.5418289999999928
20
-79.1809700000000021
11
105.4607230000000015
21
-79.1267769999999899
0
LINE
8
BLACK
6
CONTINUOUS
10
105.4607230000000015
20
-79.1267769999999899
11
105.4065299999999894
21
-79.0456709999999987
0
LINE
8
BLACK
6
CONTINUOUS
10
105.4065299999999894
20
-79.0456709999999987
11
105.3874999999999886
21
-78.9500000000000028
0
LINE
8
BLACK
6
CONTINUOUS
10
105.3874999999999886
20
-78.9500000000000028
11
105.3874999999999886
21
-75.8499999999999943
0
LINE
8
BLACK
6
CONTINUOUS
10
105.3874999999999886
20
-75.8499999999999943
11
105.4065299999999894
21
-75.7543289999999985
0
LINE
8
BLACK
6
CONTINUOUS
10
105.4065299999999894
20
-75.7543289999999985
11
105.4607230000000015
21
-75.673222999999993
0
LINE
8
BLACK
6
CONTINUOUS
10
105.4607230000000015
20
-75.673222999999993
11
105.5418289999999928
21
-75.6190299999999951
0
LINE
8
BLACK
6
CONTINUOUS
10
105.5418289999999928
20
-75.6190299999999951
11
105.6374999999999886
21
-75.5999999999999943
0
LINE
8
BLACK
6
CONTINUOUS
10
105.6374999999999886
20
-75.5999999999999943
11
106.9375
21
-75.5999999999999943
0
LINE
8
BLACK
6
CONTINUOUS
10
106.9375
20
-75.5999999999999943
11
107.0331709999999958
21
-75.6190299999999951
0
LINE
8
BLACK
6
CONTINUOUS
10
117.2331709999999987
20
-75.6190299999999951
11
117.3142769999999899
21
-75.673222999999993
0
LINE
8
BLACK
6
CONTINUOUS
10
117.3142769999999899
20
-75.673222999999993
11
117.3684699999999879
21
-75.7543289999999985
0
LINE
8
BLACK
6
CONTINUOUS
10
117.3684699999999879
20
-75.7543289999999985
11
117.3874999999999886
21
-75.8499999999999943
0
LINE
8
BLACK
6
CONTINUOUS
10
117.3874999999999886
20
-75.8499999999999943
11
117.3874999999999886
21
-78.9500000000000028
0
LINE
8
BLACK
6
CONTINUOUS
10
117.3874999999999886
20
-78.9500000000000028
11
117.3684699999999879
21
-79.0456709999999987
0
LINE
8
BLACK
6
CONTINUOUS
10
117.3684699999999879
20
-79.0456709999999987
11
117.3142769999999899
21
-79.1267769999999899
0
LINE
8
BLACK
6
CONTINUOUS
10
117.3142769999999899
20
-79.1267769999999899
11
117.2331709999999987
21
-79.1809700000000021
0
LINE
8
BLACK
6
CONTINUOUS
10
117.2331709999999987
20
-79.1809700000000021
11
117.1374999999999886
21
-79.2000000000000028
0
LINE
8
BLACK
6
CONTINUOUS
10
117.1374999999999886
20
-79.2000000000000028
11
115.8374999999999915
21
-79.2000000000000028
0
LINE
8
BLACK
6
CONTINUOUS
10
115.8374999999999915
20
-79.2000000000000028
11
115.7418289999999956
21
-79.1809700000000021
0
LINE
8
BLACK
6
CONTINUOUS
10
115.7418289999999956
20
-79.1809700000000021
11
115.6607229999999902
21
-79.1267769999999899
0
LINE
8
BLACK
6
CONTINUOUS
10
115.6607229999999902
20
-79.1267769999999899
11
115.6065299999999922
21
-79.0456709999999987
0
LINE
8
BLACK
6
CONTINUOUS
10
115.6065299999999922
20
-79.0456709999999987
11
115.5874999999999915
21
-78.9500000000000028
0
LINE
8
BLACK
6
CONTINUOUS
10
115.5874999999999915
20
-78.9500000000000028
11
115.5874999999999915
21
-75.8499999999999943
0
LINE
8
BLACK
6
CONTINUOUS
10
115.5874999999999915
20
-75.8499999999999943
11
115.6065299999999922
21
-75.7543289999999985
0
LINE
8
BLACK
6
CONTINUOUS
10
115.6065299999999922
20
-75.7543289999999985
11
115.6607229999999902
21
-75.673222999999993
0
LINE
8
BLACK
6
CONTINUOUS
10
115.6607229999999902
20
-75.673222999999993
11
115.7418289999999956
21
-75.6190299999999951
0
LINE
8
BLACK
6
CONTINUOUS
10
115.7418289999999956
20
-75.6190299999999951
11
115.8374999999999915
21
-75.5999999999999943
0
LINE
8
BLACK
6
CONTINUOUS
10
115.8374999999999915
20
-75.5999999999999943
11
117.1374999999999886
21
-75.5999999999999943
0
LINE
8
BLACK
6
CONTINUOUS
10
117.1374999999999886
20
-75.5999999999999943
11
117.2331709999999987
21
-75.6190299999999951
0
LINE
8
BLACK
6
CONTINUOUS
10
127.4231709999999964
20
-75.6190299999999951
11
127.5042769999999877
21
-75.673222999999993
0
LINE
8
BLACK
6
CONTINUOUS
10
127.5042769999999877
20
-75.673222999999993
11
127.5584699999999998
21
-75.7543289999999985
0
LINE
8
BLACK
6
CONTINUOUS
10
127.5584699999999998
20
-75.7543289999999985
11
127.5775000000000006
21
-75.8499999999999943
0
LINE
8
BLACK
6
CONTINUOUS
10
127.5775000000000006
20
-75.8499999999999943
11
127.5775000000000006
21
-78.9500000000000028
0
LINE
8
BLACK
6
CONTINUOUS
10
127.5775000000000006
20
-78.9500000000000028
11
127.5584699999999998
21
-79.0456709999999987
0
LINE
8
BLACK
6
CONTINUOUS
10
127.5584699999999998
20
-79.0456709999999987
11
127.5042769999999877
21
-79.1267769999999899
0
LINE
8
BLACK
6
CONTINUOUS
10
127.5042769999999877
20
-79.1267769999999899
11
127.4231709999999964
21
-79.1809700000000021
0
LINE
8
BLACK
6
CONTINUOUS
10
127.4231709999999964
20
-79.1809700000000021
11
127.3275000000000006
21
-79.2000000000000028
0
LINE
8
BLACK
6
CONTINUOUS
10
127.3275000000000006
20
-79.2000000000000028
11
126.0274999999999892
21
-79.2000000000000028
0
LINE
8
BLACK
6
CONTINUOUS
10
126.0274999999999892
20
-79.2000000000000028
11
125.9318289999999934
21
-79.1809700000000021
0
LINE
8
BLACK
6
CONTINUOUS
10
125.9318289999999934
20
-79.1809700000000021
11
125.8507229999999879
21
-79.1267769999999899
0
LINE
8
BLACK
6
CONTINUOUS
10
125.8507229999999879
20
-79.1267769999999899
11
125.79652999999999
21
-79.0456709999999987
0
LINE
8
BLACK
6
CONTINUOUS
10
125.79652999999999
20
-79.0456709999999987
11
125.7774999999999892
21
-78.9500000000000028
0
LINE
8
BLACK
6
CONTINUOUS
10
125.7774999999999892
20
-78.9500000000000028
11
125.7774999999999892
21
-75.8499999999999943
0
LINE
8
BLACK
6
CONTINUOUS
10
125.7774999999999892
20
-75.8499999999999943
11
125.79652999999999
21
-75.7543289999999985
0
LINE
8
BLACK
6
CONTINUOUS
10
125.79652999999999
20
-75.7543289999999985
11
125.8507229999999879
21
-75.673222999999993
0
LINE
8
BLACK
6
CONTINUOUS
10
125.8507229999999879
20
-75.673222999999993
11
125.9318289999999934
21
-75.6190299999999951
0
LINE
8
BLACK
6
CONTINUOUS
10
125.9318289999999934
20
-75.6190299999999951
11
126.0274999999999892
21
-75.5999999999999943
0
LINE
8
BLACK
6
CONTINUOUS
10
126.0274999999999892
20
-75.5999999999999943
11
127.3275000000000006
21
-75.5999999999999943
0
LINE
8
BLACK
6
CONTINUOUS
10
127.3275000000000006
20
-75.5999999999999943
11
127.4231709999999964
21
-75.6190299999999951
0
LINE
8
BLACK
6
CONTINUOUS
10
92.5387559999999922
20
-75.6387539999999916
11
92.7017570000000006
21
-75.706271000000001
0
LINE
8
BLACK
6
CONTINUOUS
10
92.7017570000000006
20
-75.706271000000001
11
92.8484539999999896
21
-75.8042909999999921
0
LINE
8
BLACK
6
CONTINUOUS
10
92.8484539999999896
20
-75.8042909999999921
11
92.9732089999999971
21
-75.9290459999999996
0
LINE
8
BLACK
6
CONTINUOUS
10
92.9732089999999971
20
-75.9290459999999996
11
93.0712290000000024
21
-76.0757430000000028
0
LINE
8
BLACK
6
CONTINUOUS
10
93.0712290000000024
20
-76.0757430000000028
11
93.1387459999999976
21
-76.238743999999997
0
LINE
8
BLACK
6
CONTINUOUS
10
93.1387459999999976
20
-76.238743999999997
11
93.1731659999999948
21
-76.4117849999999947
0
LINE
8
BLACK
6
CONTINUOUS
10
93.1731659999999948
20
-76.4117849999999947
11
93.1774999999999949
21
-76.5
0
LINE
8
BLACK
6
CONTINUOUS
10
93.1774999999999949
20
-76.5
11
93.1774999999999949
21
-78.2999999999999972
0
LINE
8
BLACK
6
CONTINUOUS
10
93.1774999999999949
20
-78.2999999999999972
11
93.1731659999999948
21
-78.3882150000000024
0
LINE
8
BLACK
6
CONTINUOUS
10
93.1731659999999948
20
-78.3882150000000024
11
93.1387459999999976
21
-78.5612560000000002
0
LINE
8
BLACK
6
CONTINUOUS
10
93.1387459999999976
20
-78.5612560000000002
11
93.0712290000000024
21
-78.7242569999999944
0
LINE
8
BLACK
6
CONTINUOUS
10
93.0712290000000024
20
-78.7242569999999944
11
92.9732089999999971
21
-78.8709539999999976
0
LINE
8
BLACK
6
CONTINUOUS
10
92.9732089999999971
20
-78.8709539999999976
11
92.8484539999999896
21
-78.9957089999999909
0
LINE
8
BLACK
6
CONTINUOUS
10
92.8484539999999896
20
-78.9957089999999909
11
92.7017570000000006
21
-79.0937289999999962
0
LINE
8
BLACK
6
CONTINUOUS
10
92.7017570000000006
20
-79.0937289999999962
11
92.5387559999999922
21
-79.1612459999999913
0
LINE
8
BLACK
6
CONTINUOUS
10
92.5387559999999922
20
-79.1612459999999913
11
92.3657149999999945
21
-79.1956660000000028
0
LINE
8
BLACK
6
CONTINUOUS
10
92.3657149999999945
20
-79.1956660000000028
11
92.1892849999999981
21
-79.1956660000000028
0
LINE
8
BLACK
6
CONTINUOUS
10
92.1892849999999981
20
-79.1956660000000028
11
92.0162440000000004
21
-79.1612459999999913
0
LINE
8
BLACK
6
CONTINUOUS
10
92.0162440000000004
20
-79.1612459999999913
11
91.853242999999992
21
-79.0937289999999962
0
LINE
8
BLACK
6
CONTINUOUS
10
91.853242999999992
20
-79.0937289999999962
11
91.7065459999999888
21
-78.9957089999999909
0
LINE
8
BLACK
6
CONTINUOUS
10
91.7065459999999888
20
-78.9957089999999909
11
91.5817909999999955
21
-78.8709539999999976
0
LINE
8
BLACK
6
CONTINUOUS
10
91.5817909999999955
20
-78.8709539999999976
11
91.4837709999999902
21
-78.7242569999999944
0
LINE
8
BLACK
6
CONTINUOUS
10
91.4837709999999902
20
-78.7242569999999944
11
91.416253999999995
21
-78.5612560000000002
0
LINE
8
BLACK
6
CONTINUOUS
10
91.416253999999995
20
-78.5612560000000002
11
91.3818339999999978
21
-78.3882150000000024
0
LINE
8
BLACK
6
CONTINUOUS
10
91.3818339999999978
20
-78.3882150000000024
11
91.3774999999999977
21
-78.2999999999999972
0
LINE
8
BLACK
6
CONTINUOUS
10
91.3774999999999977
20
-78.2999999999999972
11
91.3774999999999977
21
-76.5
0
LINE
8
BLACK
6
CONTINUOUS
10
91.3774999999999977
20
-76.5
11
91.3818339999999978
21
-76.4117849999999947
0
LINE
8
BLACK
6
CONTINUOUS
10
91.3818339999999978
20
-76.4117849999999947
11
91.416253999999995
21
-76.238743999999997
0
LINE
8
BLACK
6
CONTINUOUS
10
91.416253999999995
20
-76.238743999999997
11
91.4837709999999902
21
-76.0757430000000028
0
LINE
8
BLACK
6
CONTINUOUS
10
91.4837709999999902
20
-76.0757430000000028
11
91.5817909999999955
21
-75.9290459999999996
0
LINE
8
BLACK
6
CONTINUOUS
10
91.5817909999999955
20
-75.9290459999999996
11
91.7065459999999888
21
-75.8042909999999921
0
LINE
8
BLACK
6
CONTINUOUS
10
91.7065459999999888
20
-75.8042909999999921
11
91.853242999999992
21
-75.706271000000001
0
LINE
8
BLACK
6
CONTINUOUS
10
91.853242999999992
20
-75.706271000000001
11
92.0162440000000004
21
-75.6387539999999916
0
LINE
8
BLACK
6
CONTINUOUS
10
92.0162440000000004
20
-75.6387539999999916
11
92.1892849999999981
21
-75.6043339999999944
0
LINE
8
BLACK
6
CONTINUOUS
10
92.1892849999999981
20
-75.6043339999999944
11
92.3657149999999945
21
-75.6043339999999944
0
LINE
8
BLACK
6
CONTINUOUS
10
92.3657149999999945
20
-75.6043339999999944
11
92.5387559999999922
21
-75.6387539999999916
0
LINE
8
BLACK
6
CONTINUOUS
10
102.7387559999999951
20
-75.6387539999999916
11
102.9017569999999893
21
-75.706271000000001
0
LINE
8
BLACK
6
CONTINUOUS
10
102.9017569999999893
20
-75.706271000000001
11
103.0484539999999924
21
-75.8042909999999921
0
LINE
8
BLACK
6
CONTINUOUS
10
103.0484539999999924
20
-75.8042909999999921
11
103.1732089999999999
21
-75.9290459999999996
0
LINE
8
BLACK
6
CONTINUOUS
10
103.1732089999999999
20
-75.9290459999999996
11
103.2712289999999911
21
-76.0757430000000028
0
LINE
8
BLACK
6
CONTINUOUS
10
103.2712289999999911
20
-76.0757430000000028
11
103.3387460000000004
21
-76.238743999999997
0
LINE
8
BLACK
6
CONTINUOUS
10
103.3387460000000004
20
-76.238743999999997
11
103.3731659999999977
21
-76.4117849999999947
0
LINE
8
BLACK
6
CONTINUOUS
10
103.3731659999999977
20
-76.4117849999999947
11
103.3774999999999977
21
-76.5
0
LINE
8
BLACK
6
CONTINUOUS
10
103.3774999999999977
20
-76.5
11
103.3774999999999977
21
-78.2999999999999972
0
LINE
8
BLACK
6
CONTINUOUS
10
103.3774999999999977
20
-78.2999999999999972
11
103.3731659999999977
21
-78.3882150000000024
0
LINE
8
BLACK
6
CONTINUOUS
10
103.3731659999999977
20
-78.3882150000000024
11
103.3387460000000004
21
-78.5612560000000002
0
LINE
8
BLACK
6
CONTINUOUS
10
103.3387460000000004
20
-78.5612560000000002
11
103.2712289999999911
21
-78.7242569999999944
0
LINE
8
BLACK
6
CONTINUOUS
10
103.2712289999999911
20
-78.7242569999999944
11
103.1732089999999999
21
-78.8709539999999976
0
LINE
8
BLACK
6
CONTINUOUS
10
103.1732089999999999
20
-78.8709539999999976
11
103.0484539999999924
21
-78.9957089999999909
0
LINE
8
BLACK
6
CONTINUOUS
10
103.0484539999999924
20
-78.9957089999999909
11
102.9017569999999893
21
-79.0937289999999962
0
LINE
8
BLACK
6
CONTINUOUS
10
102.9017569999999893
20
-79.0937289999999962
11
102.7387559999999951
21
-79.1612459999999913
0
LINE
8
BLACK
6
CONTINUOUS
10
102.7387559999999951
20
-79.1612459999999913
11
102.5657149999999973
21
-79.1956660000000028
0
LINE
8
BLACK
6
CONTINUOUS
10
102.5657149999999973
20
-79.1956660000000028
11
102.389285000000001
21
-79.1956660000000028
0
LINE
8
BLACK
6
CONTINUOUS
10
102.389285000000001
20
-79.1956660000000028
11
102.216243999999989
21
-79.1612459999999913
0
LINE
8
BLACK
6
CONTINUOUS
10
102.216243999999989
20
-79.1612459999999913
11
102.0532429999999948
21
-79.0937289999999962
0
LINE
8
BLACK
6
CONTINUOUS
10
102.0532429999999948
20
-79.0937289999999962
11
101.9065459999999916
21
-78.9957089999999909
0
LINE
8
BLACK
6
CONTINUOUS
10
101.9065459999999916
20
-78.9957089999999909
11
101.7817909999999983
21
-78.8709539999999976
0
LINE
8
BLACK
6
CONTINUOUS
10
101.7817909999999983
20
-78.8709539999999976
11
101.683770999999993
21
-78.7242569999999944
0
LINE
8
BLACK
6
CONTINUOUS
10
101.683770999999993
20
-78.7242569999999944
11
101.6162539999999979
21
-78.5612560000000002
0
LINE
8
BLACK
6
CONTINUOUS
10
101.6162539999999979
20
-78.5612560000000002
11
101.5818340000000006
21
-78.3882150000000024
0
LINE
8
BLACK
6
CONTINUOUS
10
101.5818340000000006
20
-78.3882150000000024
11
101.5775000000000006
21
-78.2999999999999972
0
LINE
8
BLACK
6
CONTINUOUS
10
101.5775000000000006
20
-78.2999999999999972
11
101.5775000000000006
21
-76.5
0
LINE
8
BLACK
6
CONTINUOUS
10
101.5775000000000006
20
-76.5
11
101.5818340000000006
21
-76.4117849999999947
0
LINE
8
BLACK
6
CONTINUOUS
10
101.5818340000000006
20
-76.4117849999999947
11
101.6162539999999979
21
-76.238743999999997
0
LINE
8
BLACK
6
CONTINUOUS
10
101.6162539999999979
20
-76.238743999999997
11
101.683770999999993
21
-76.0757430000000028
0
LINE
8
BLACK
6
CONTINUOUS
10
101.683770999999993
20
-76.0757430000000028
11
101.7817909999999983
21
-75.9290459999999996
0
LINE
8
BLACK
6
CONTINUOUS
10
101.7817909999999983
20
-75.9290459999999996
11
101.9065459999999916
21
-75.8042909999999921
0
LINE
8
BLACK
6
CONTINUOUS
10
101.9065459999999916
20
-75.8042909999999921
11
102.0532429999999948
21
-75.706271000000001
0
LINE
8
BLACK
6
CONTINUOUS
10
102.0532429999999948
20
-75.706271000000001
11
102.216243999999989
21
-75.6387539999999916
0
LINE
8
BLACK
6
CONTINUOUS
10
102.216243999999989
20
-75.6387539999999916
11
102.389285000000001
21
-75.6043339999999944
0
LINE
8
BLACK
6
CONTINUOUS
10
102.389285000000001
20
-75.6043339999999944
11
102.5657149999999973
21
-75.6043339999999944
0
LINE
8
BLACK
6
CONTINUOUS
10
102.5657149999999973
20
-75.6043339999999944
11
102.7387559999999951
21
-75.6387539999999916
0
LINE
8
BLACK
6
CONTINUOUS
10
112.9387559999999979
20
-75.6387539999999916
11
113.1017569999999921
21
-75.706271000000001
0
LINE
8
BLACK
6
CONTINUOUS
10
113.1017569999999921
20
-75.706271000000001
11
113.2484539999999953
21
-75.8042909999999921
0
LINE
8
BLACK
6
CONTINUOUS
10
113.2484539999999953
20
-75.8042909999999921
11
113.3732089999999886
21
-75.9290459999999996
0
LINE
8
BLACK
6
CONTINUOUS
10
113.3732089999999886
20
-75.9290459999999996
11
113.4712289999999939
21
-76.0757430000000028
0
LINE
8
BLACK
6
CONTINUOUS
10
113.4712289999999939
20
-76.0757430000000028
11
113.5387459999999891
21
-76.238743999999997
0
LINE
8
BLACK
6
CONTINUOUS
10
113.5387459999999891
20
-76.238743999999997
11
113.5731660000000005
21
-76.4117849999999947
0
LINE
8
BLACK
6
CONTINUOUS
10
113.5731660000000005
20
-76.4117849999999947
11
113.5775000000000006
21
-76.5
0
LINE
8
BLACK
6
CONTINUOUS
10
113.5775000000000006
20
-76.5
11
113.5775000000000006
21
-78.2999999999999972
0
LINE
8
BLACK
6
CONTINUOUS
10
113.5775000000000006
20
-78.2999999999999972
11
113.5731660000000005
21
-78.3882150000000024
0
LINE
8
BLACK
6
CONTINUOUS
10
113.5731660000000005
20
-78.3882150000000024
11
113.5387459999999891
21
-78.5612560000000002
0
LINE
8
BLACK
6
CONTINUOUS
10
113.5387459999999891
20
-78.5612560000000002
11
113.4712289999999939
21
-78.7242569999999944
0
LINE
8
BLACK
6
CONTINUOUS
10
113.4712289999999939
20
-78.7242569999999944
11
113.3732089999999886
21
-78.8709539999999976
0
LINE
8
BLACK
6
CONTINUOUS
10
113.3732089999999886
20
-78.8709539999999976
11
113.2484539999999953
21
-78.9957089999999909
0
LINE
8
BLACK
6
CONTINUOUS
10
113.2484539999999953
20
-78.9957089999999909
11
113.1017569999999921
21
-79.0937289999999962
0
LINE
8
BLACK
6
CONTINUOUS
10
113.1017569999999921
20
-79.0937289999999962
11
112.9387559999999979
21
-79.1612459999999913
0
LINE
8
BLACK
6
CONTINUOUS
10
112.9387559999999979
20
-79.1612459999999913
11
112.7657150000000001
21
-79.1956660000000028
0
LINE
8
BLACK
6
CONTINUOUS
10
112.7657150000000001
20
-79.1956660000000028
11
112.5892849999999896
21
-79.1956660000000028
0
LINE
8
BLACK
6
CONTINUOUS
10
112.5892849999999896
20
-79.1956660000000028
11
112.4162439999999918
21
-79.1612459999999913
0
LINE
8
BLACK
6
CONTINUOUS
10
112.4162439999999918
20
-79.1612459999999913
11
112.2532429999999977
21
-79.0937289999999962
0
LINE
8
BLACK
6
CONTINUOUS
10
112.2532429999999977
20
-79.0937289999999962
11
112.1065459999999945
21
-78.9957089999999909
0
LINE
8
BLACK
6
CONTINUOUS
10
112.1065459999999945
20
-78.9957089999999909
11
111.9817910000000012
21
-78.8709539999999976
0
LINE
8
BLACK
6
CONTINUOUS
10
111.9817910000000012
20
-78.8709539999999976
11
111.8837709999999959
21
-78.7242569999999944
0
LINE
8
BLACK
6
CONTINUOUS
10
111.8837709999999959
20
-78.7242569999999944
11
111.8162540000000007
21
-78.5612560000000002
0
LINE
8
BLACK
6
CONTINUOUS
10
111.8162540000000007
20
-78.5612560000000002
11
111.7818339999999893
21
-78.3882150000000024
0
LINE
8
BLACK
6
CONTINUOUS
10
111.7818339999999893
20
-78.3882150000000024
11
111.7774999999999892
21
-78.2999999999999972
0
LINE
8
BLACK
6
CONTINUOUS
10
111.7774999999999892
20
-78.2999999999999972
11
111.7774999999999892
21
-76.5
0
LINE
8
BLACK
6
CONTINUOUS
10
111.7774999999999892
20
-76.5
11
111.7818339999999893
21
-76.4117849999999947
0
LINE
8
BLACK
6
CONTINUOUS
10
111.7818339999999893
20
-76.4117849999999947
11
111.8162540000000007
21
-76.238743999999997
0
LINE
8
BLACK
6
CONTINUOUS
10
111.8162540000000007
20
-76.238743999999997
11
111.8837709999999959
21
-76.0757430000000028
0
LINE
8
BLACK
6
CONTINUOUS
10
111.8837709999999959
20
-76.0757430000000028
11
111.9817910000000012
21
-75.9290459999999996
0
LINE
8
BLACK
6
CONTINUOUS
10
111.9817910000000012
20
-75.9290459999999996
11
112.1065459999999945
21
-75.8042909999999921
0
LINE
8
BLACK
6
CONTINUOUS
10
112.1065459999999945
20
-75.8042909999999921
11
112.2532429999999977
21
-75.706271000000001
0
LINE
8
BLACK
6
CONTINUOUS
10
112.2532429999999977
20
-75.706271000000001
11
112.4162439999999918
21
-75.6387539999999916
0
LINE
8
BLACK
6
CONTINUOUS
10
112.4162439999999918
20
-75.6387539999999916
11
112.5892849999999896
21
-75.6043339999999944
0
LINE
8
BLACK
6
CONTINUOUS
10
112.5892849999999896
20
-75.6043339999999944
11
112.7657150000000001
21
-75.6043339999999944
0
LINE
8
BLACK
6
CONTINUOUS
10
112.7657150000000001
20
-75.6043339999999944
11
112.9387559999999979
21
-75.6387539999999916
0
LINE
8
BLACK
6
CONTINUOUS
10
123.1287559999999957
20
-75.6387539999999916
11
123.2917569999999898
21
-75.706271000000001
0
LINE
8
BLACK
6
CONTINUOUS
10
123.2917569999999898
20
-75.706271000000001
11
123.438453999999993
21
-75.8042909999999921
0
LINE
8
BLACK
6
CONTINUOUS
10
123.438453999999993
20
-75.8042909999999921
11
123.5632090000000005
21
-75.9290459999999996
0
LINE
8
BLACK
6
CONTINUOUS
10
123.5632090000000005
20
-75.9290459999999996
11
123.6612289999999916
21
-76.0757430000000028
0
LINE
8
BLACK
6
CONTINUOUS
10
123.6612289999999916
20
-76.0757430000000028
11
123.728746000000001
21
-76.238743999999997
0
LINE
8
BLACK
6
CONTINUOUS
10
123.728746000000001
20
-76.238743999999997
11
123.7631659999999982
21
-76.4117849999999947
0
LINE
8
BLACK
6
CONTINUOUS
10
123.7631659999999982
20
-76.4117849999999947
11
123.7674999999999983
21
-76.5
0
LINE
8
BLACK
6
CONTINUOUS
10
123.7674999999999983
20
-76.5
11
123.7674999999999983
21
-78.2999999999999972
0
LINE
8
BLACK
6
CONTINUOUS
10
123.7674999999999983
20
-78.2999999999999972
11
123.7631659999999982
21
-78.3882150000000024
0
LINE
8
BLACK
6
CONTINUOUS
10
123.7631659999999982
20
-78.3882150000000024
11
123.728746000000001
21
-78.5612560000000002
0
LINE
8
BLACK
6
CONTINUOUS
10
123.728746000000001
20
-78.5612560000000002
11
123.6612289999999916
21
-78.7242569999999944
0
LINE
8
BLACK
6
CONTINUOUS
10
123.6612289999999916
20
-78.7242569999999944
11
123.5632090000000005
21
-78.8709539999999976
0
LINE
8
BLACK
6
CONTINUOUS
10
123.5632090000000005
20
-78.8709539999999976
11
123.438453999999993
21
-78.9957089999999909
0
LINE
8
BLACK
6
CONTINUOUS
10
123.438453999999993
20
-78.9957089999999909
11
123.2917569999999898
21
-79.0937289999999962
0
LINE
8
BLACK
6
CONTINUOUS
10
123.2917569999999898
20
-79.0937289999999962
11
123.1287559999999957
21
-79.1612459999999913
0
LINE
8
BLACK
6
CONTINUOUS
10
123.1287559999999957
20
-79.1612459999999913
11
122.9557149999999979
21
-79.1956660000000028
0
LINE
8
BLACK
6
CONTINUOUS
10
122.9557149999999979
20
-79.1956660000000028
11
122.7792849999999873
21
-79.1956660000000028
0
LINE
8
BLACK
6
CONTINUOUS
10
122.7792849999999873
20
-79.1956660000000028
11
122.6062439999999896
21
-79.1612459999999913
0
LINE
8
BLACK
6
CONTINUOUS
10
122.6062439999999896
20
-79.1612459999999913
11
122.4432429999999954
21
-79.0937289999999962
0
LINE
8
BLACK
6
CONTINUOUS
10
122.4432429999999954
20
-79.0937289999999962
11
122.2965459999999922
21
-78.9957089999999909
0
LINE
8
BLACK
6
CONTINUOUS
10
122.2965459999999922
20
-78.9957089999999909
11
122.1717909999999989
21
-78.8709539999999976
0
LINE
8
BLACK
6
CONTINUOUS
10
122.1717909999999989
20
-78.8709539999999976
11
122.0737709999999936
21
-78.7242569999999944
0
LINE
8
BLACK
6
CONTINUOUS
10
122.0737709999999936
20
-78.7242569999999944
11
122.0062539999999984
21
-78.5612560000000002
0
LINE
8
BLACK
6
CONTINUOUS
10
122.0062539999999984
20
-78.5612560000000002
11
121.9718340000000012
21
-78.3882150000000024
0
LINE
8
BLACK
6
CONTINUOUS
10
121.9718340000000012
20
-78.3882150000000024
11
121.9675000000000011
21
-78.2999999999999972
0
LINE
8
BLACK
6
CONTINUOUS
10
121.9675000000000011
20
-78.2999999999999972
11
121.9675000000000011
21
-76.5
0
LINE
8
BLACK
6
CONTINUOUS
10
121.9675000000000011
20
-76.5
11
121.9718340000000012
21
-76.4117849999999947
0
LINE
8
BLACK
6
CONTINUOUS
10
121.9718340000000012
20
-76.4117849999999947
11
122.0062539999999984
21
-76.238743999999997
0
LINE
8
BLACK
6
CONTINUOUS
10
122.0062539999999984
20
-76.238743999999997
11
122.0737709999999936
21
-76.0757430000000028
0
LINE
8
BLACK
6
CONTINUOUS
10
122.0737709999999936
20
-76.0757430000000028
11
122.1717909999999989
21
-75.9290459999999996
0
LINE
8
BLACK
6
CONTINUOUS
10
122.1717909999999989
20
-75.9290459999999996
11
122.2965459999999922
21
-75.8042909999999921
0
LINE
8
BLACK
6
CONTINUOUS
10
122.2965459999999922
20
-75.8042909999999921
11
122.4432429999999954
21
-75.706271000000001
0
LINE
8
BLACK
6
CONTINUOUS
10
122.4432429999999954
20
-75.706271000000001
11
122.6062439999999896
21
-75.6387539999999916
0
LINE
8
BLACK
6
CONTINUOUS
10
122.6062439999999896
20
-75.6387539999999916
11
122.7792849999999873
21
-75.6043339999999944
0
LINE
8
BLACK
6
CONTINUOUS
10
122.7792849999999873
20
-75.6043339999999944
11
122.9557149999999979
21
-75.6043339999999944
0
LINE
8
BLACK
6
CONTINUOUS
10
122.9557149999999979
20
-75.6043339999999944
11
123.1287559999999957
21
-75.6387539999999916
0
LINE
8
BLACK
6
CONTINUOUS
10
133.2467419999999834
20
-72.7516009999999937
11
133.4006870000000049
21
-72.8153669999999948
0
LINE
8
BLACK
6
CONTINUOUS
10
133.4006870000000049
20
-72.8153669999999948
11
133.5392339999999933
21
-72.9079409999999939
0
LINE
8
BLACK
6
CONTINUOUS
10
133.5392339999999933
20
-72.9079409999999939
11
133.6570590000000038
21
-73.0257659999999902
0
LINE
8
BLACK
6
CONTINUOUS
10
133.6570590000000038
20
-73.0257659999999902
11
133.7496329999999887
21
-73.1643129999999928
0
LINE
8
BLACK
6
CONTINUOUS
10
133.7496329999999887
20
-73.1643129999999928
11
133.813399000000004
21
-73.3182580000000002
0
LINE
8
BLACK
6
CONTINUOUS
10
133.813399000000004
20
-73.3182580000000002
11
133.8459069999999826
21
-73.4816849999999988
0
LINE
8
BLACK
6
CONTINUOUS
10
133.8459069999999826
20
-73.4816849999999988
11
133.8459069999999826
21
-73.6483149999999966
0
LINE
8
BLACK
6
CONTINUOUS
10
133.8459069999999826
20
-73.6483149999999966
11
133.813399000000004
21
-73.8117419999999953
0
LINE
8
BLACK
6
CONTINUOUS
10
133.813399000000004
20
-73.8117419999999953
11
133.7496329999999887
21
-73.9656870000000026
0
LINE
8
BLACK
6
CONTINUOUS
10
133.7496329999999887
20
-73.9656870000000026
11
133.6570590000000038
21
-74.1042339999999911
0
LINE
8
BLACK
6
CONTINUOUS
10
133.6570590000000038
20
-74.1042339999999911
11
133.5392339999999933
21
-74.2220590000000016
0
LINE
8
BLACK
6
CONTINUOUS
10
133.5392339999999933
20
-74.2220590000000016
11
133.4006870000000049
21
-74.3146330000000006
0
LINE
8
BLACK
6
CONTINUOUS
10
133.4006870000000049
20
-74.3146330000000006
11
133.2467419999999834
21
-74.3783990000000017
0
LINE
8
BLACK
6
CONTINUOUS
10
133.2467419999999834
20
-74.3783990000000017
11
133.0833149999999989
21
-74.4109069999999946
0
LINE
8
BLACK
6
CONTINUOUS
10
133.0833149999999989
20
-74.4109069999999946
11
132.9166850000000011
21
-74.4109069999999946
0
LINE
8
BLACK
6
CONTINUOUS
10
132.9166850000000011
20
-74.4109069999999946
11
132.7532579999999882
21
-74.3783990000000017
0
LINE
8
BLACK
6
CONTINUOUS
10
132.7532579999999882
20
-74.3783990000000017
11
132.5993129999999951
21
-74.3146330000000006
0
LINE
8
BLACK
6
CONTINUOUS
10
132.5993129999999951
20
-74.3146330000000006
11
132.4607660000000067
21
-74.2220590000000016
0
LINE
8
BLACK
6
CONTINUOUS
10
132.4607660000000067
20
-74.2220590000000016
11
132.3429409999999962
21
-74.1042339999999911
0
LINE
8
BLACK
6
CONTINUOUS
10
132.3429409999999962
20
-74.1042339999999911
11
132.2503669999999829
21
-73.9656870000000026
0
LINE
8
BLACK
6
CONTINUOUS
10
132.2503669999999829
20
-73.9656870000000026
11
132.186600999999996
21
-73.8117419999999953
0
LINE
8
BLACK
6
CONTINUOUS
10
132.186600999999996
20
-73.8117419999999953
11
132.1540929999999889
21
-73.6483149999999966
0
LINE
8
BLACK
6
CONTINUOUS
10
132.1540929999999889
20
-73.6483149999999966
11
132.1540929999999889
21
-73.4816849999999988
0
LINE
8
BLACK
6
CONTINUOUS
10
132.1540929999999889
20
-73.4816849999999988
11
132.186600999999996
21
-73.3182580000000002
0
LINE
8
BLACK
6
CONTINUOUS
10
132.186600999999996
20
-73.3182580000000002
11
132.2503669999999829
21
-73.1643129999999928
0
LINE
8
BLACK
6
CONTINUOUS
10
132.2503669999999829
20
-73.1643129999999928
11
132.3429409999999962
21
-73.0257659999999902
0
LINE
8
BLACK
6
CONTINUOUS
10
132.3429409999999962
20
-73.0257659999999902
11
132.4607660000000067
21
-72.9079409999999939
0
LINE
8
BLACK
6
CONTINUOUS
10
132.4607660000000067
20
-72.9079409999999939
11
132.5993129999999951
21
-72.8153669999999948
0
LINE
8
BLACK
6
CONTINUOUS
10
132.5993129999999951
20
-72.8153669999999948
11
132.7532579999999882
21
-72.7516009999999937
0
LINE
8
BLACK
6
CONTINUOUS
10
132.7532579999999882
20
-72.7516009999999937
11
132.9166850000000011
21
-72.7190930000000009
0
LINE
8
BLACK
6
CONTINUOUS
10
132.9166850000000011
20
-72.7190930000000009
11
133.0833149999999989
21
-72.7190930000000009
0
LINE
8
BLACK
6
CONTINUOUS
10
133.0833149999999989
20
-72.7190930000000009
11
133.2467419999999834
21
-72.7516009999999937
0
LINE
8
BLACK
6
CONTINUOUS
10
133.8499999999999943
20
-71.875
11
132.1500000000000057
21
-71.875
0
LINE
8
BLACK
6
CONTINUOUS
10
132.1500000000000057
20
-71.875
11
132.1500000000000057
21
-70.1749999999999972
0
LINE
8
BLACK
6
CONTINUOUS
10
132.1500000000000057
20
-70.1749999999999972
11
133.8499999999999943
21
-70.1749999999999972
0
LINE
8
BLACK
6
CONTINUOUS
10
133.8499999999999943
20
-70.1749999999999972
11
133.8499999999999943
21
-71.875
0
LINE
8
BLACK
6
CONTINUOUS
10
111.7203349999999915
20
-59.7795279999999991
11
112.0701889999999992
21
-59.8593799999999945
0
LINE
8
BLACK
6
CONTINUOUS
10
112.0701889999999992
20
-59.8593799999999945
11
112.4089019999999977
21
-59.9778999999999982
0
LINE
8
BLACK
6
CONTINUOUS
10
112.4089019999999977
20
-59.9778999999999982
11
112.7322149999999965
21
-60.1335999999999942
0
LINE
8
BLACK
6
CONTINUOUS
10
112.7322149999999965
20
-60.1335999999999942
11
113.0360629999999986
21
-60.3245199999999997
0
LINE
8
BLACK
6
CONTINUOUS
10
113.0360629999999986
20
-60.3245199999999997
11
113.3166239999999902
21
-60.5482599999999991
0
LINE
8
BLACK
6
CONTINUOUS
10
113.3166239999999902
20
-60.5482599999999991
11
113.4470570000000009
21
-60.6715729999999951
0
LINE
8
BLACK
6
CONTINUOUS
10
113.4470570000000009
20
-60.6715729999999951
11
114.5784269999999907
21
-61.8029429999999991
0
LINE
8
BLACK
6
CONTINUOUS
10
114.5784269999999907
20
-61.8029429999999991
11
114.7017400000000009
21
-61.9333759999999955
0
LINE
8
BLACK
6
CONTINUOUS
10
114.7017400000000009
20
-61.9333759999999955
11
114.9254799999999932
21
-62.2139369999999943
0
LINE
8
BLACK
6
CONTINUOUS
10
114.9254799999999932
20
-62.2139369999999943
11
115.1163999999999987
21
-62.5177849999999964
0
LINE
8
BLACK
6
CONTINUOUS
10
115.1163999999999987
20
-62.5177849999999964
11
115.2720999999999947
21
-62.8410979999999952
0
LINE
8
BLACK
6
CONTINUOUS
10
115.2720999999999947
20
-62.8410979999999952
11
115.3906199999999984
21
-63.1798109999999937
0
LINE
8
BLACK
6
CONTINUOUS
10
115.3906199999999984
20
-63.1798109999999937
11
115.4704720000000009
21
-63.5296649999999943
0
LINE
8
BLACK
6
CONTINUOUS
10
115.4704720000000009
20
-63.5296649999999943
11
115.5106509999999957
21
-63.88626
0
LINE
8
BLACK
6
CONTINUOUS
10
115.5106509999999957
20
-63.88626
11
115.5106509999999957
21
-64.2451109999999943
0
LINE
8
BLACK
6
CONTINUOUS
10
115.5106509999999957
20
-64.2451109999999943
11
115.4704720000000009
21
-64.6017049999999955
0
LINE
8
BLACK
6
CONTINUOUS
10
115.4704720000000009
20
-64.6017049999999955
11
115.3906199999999984
21
-64.9515590000000032
0
LINE
8
BLACK
6
CONTINUOUS
10
115.3906199999999984
20
-64.9515590000000032
11
115.2720999999999947
21
-65.2902720000000016
0
LINE
8
BLACK
6
CONTINUOUS
10
115.2720999999999947
20
-65.2902720000000016
11
115.1163999999999987
21
-65.6135850000000005
0
LINE
8
BLACK
6
CONTINUOUS
10
115.1163999999999987
20
-65.6135850000000005
11
114.9254799999999932
21
-65.9174330000000026
0
LINE
8
BLACK
6
CONTINUOUS
10
114.9254799999999932
20
-65.9174330000000026
11
114.7017400000000009
21
-66.1979949999999917
0
LINE
8
BLACK
6
CONTINUOUS
10
114.7017400000000009
20
-66.1979949999999917
11
114.4479949999999917
21
-66.4517400000000009
0
LINE
8
BLACK
6
CONTINUOUS
10
114.4479949999999917
20
-66.4517400000000009
11
114.1674329999999884
21
-66.6754799999999932
0
LINE
8
BLACK
6
CONTINUOUS
10
114.1674329999999884
20
-66.6754799999999932
11
113.8635850000000005
21
-66.8663999999999987
0
LINE
8
BLACK
6
CONTINUOUS
10
113.8635850000000005
20
-66.8663999999999987
11
113.5402720000000016
21
-67.0220999999999947
0
LINE
8
BLACK
6
CONTINUOUS
10
113.5402720000000016
20
-67.0220999999999947
11
113.2015589999999889
21
-67.1406199999999984
0
LINE
8
BLACK
6
CONTINUOUS
10
113.2015589999999889
20
-67.1406199999999984
11
112.8517049999999955
21
-67.2204720000000009
0
LINE
8
BLACK
6
CONTINUOUS
10
112.8517049999999955
20
-67.2204720000000009
11
112.4951109999999943
21
-67.2606509999999957
0
LINE
8
BLACK
6
CONTINUOUS
10
112.4951109999999943
20
-67.2606509999999957
11
112.1362599999999929
21
-67.2606509999999957
0
LINE
8
BLACK
6
CONTINUOUS
10
112.1362599999999929
20
-67.2606509999999957
11
111.7796649999999943
21
-67.2204720000000009
0
LINE
8
BLACK
6
CONTINUOUS
10
111.7796649999999943
20
-67.2204720000000009
11
111.4298110000000008
21
-67.1406199999999984
0
LINE
8
BLACK
6
CONTINUOUS
10
111.4298110000000008
20
-67.1406199999999984
11
111.0910979999999881
21
-67.0220999999999947
0
LINE
8
BLACK
6
CONTINUOUS
10
111.0910979999999881
20
-67.0220999999999947
11
110.7677849999999893
21
-66.8663999999999987
0
LINE
8
BLACK
6
CONTINUOUS
10
110.7677849999999893
20
-66.8663999999999987
11
110.4639370000000014
21
-66.6754799999999932
0
LINE
8
BLACK
6
CONTINUOUS
10
110.4639370000000014
20
-66.6754799999999932
11
110.1833759999999955
21
-66.4517400000000009
0
LINE
8
BLACK
6
CONTINUOUS
10
110.1833759999999955
20
-66.4517400000000009
11
110.0529429999999991
21
-66.3284269999999907
0
LINE
8
BLACK
6
CONTINUOUS
10
110.0529429999999991
20
-66.3284269999999907
11
108.9215729999999951
21
-65.1970570000000009
0
LINE
8
BLACK
6
CONTINUOUS
10
108.9215729999999951
20
-65.1970570000000009
11
108.7982599999999991
21
-65.0666239999999902
0
LINE
8
BLACK
6
CONTINUOUS
10
108.7982599999999991
20
-65.0666239999999902
11
108.5745199999999926
21
-64.7860629999999986
0
LINE
8
BLACK
6
CONTINUOUS
10
108.5745199999999926
20
-64.7860629999999986
11
108.3836000000000013
21
-64.4822149999999965
0
LINE
8
BLACK
6
CONTINUOUS
10
108.3836000000000013
20
-64.4822149999999965
11
108.2278999999999911
21
-64.1589019999999977
0
LINE
8
BLACK
6
CONTINUOUS
10
108.2278999999999911
20
-64.1589019999999977
11
108.1093800000000016
21
-63.8201889999999992
0
LINE
8
BLACK
6
CONTINUOUS
10
108.1093800000000016
20
-63.8201889999999992
11
108.0295279999999991
21
-63.4703349999999986
0
LINE
8
BLACK
6
CONTINUOUS
10
108.0295279999999991
20
-63.4703349999999986
11
107.98934899999999
21
-63.1137409999999974
0
LINE
8
BLACK
6
CONTINUOUS
10
107.98934899999999
20
-63.1137409999999974
11
107.98934899999999
21
-62.7548889999999986
0
LINE
8
BLACK
6
CONTINUOUS
10
107.98934899999999
20
-62.7548889999999986
11
108.0295279999999991
21
-62.3982949999999974
0
LINE
8
BLACK
6
CONTINUOUS
10
108.0295279999999991
20
-62.3982949999999974
11
108.1093800000000016
21
-62.0484409999999968
0
LINE
8
BLACK
6
CONTINUOUS
10
108.1093800000000016
20
-62.0484409999999968
11
108.2278999999999911
21
-61.7097279999999984
0
LINE
8
BLACK
6
CONTINUOUS
10
108.2278999999999911
20
-61.7097279999999984
11
108.3836000000000013
21
-61.3864149999999995
0
LINE
8
BLACK
6
CONTINUOUS
10
108.3836000000000013
20
-61.3864149999999995
11
108.5745199999999926
21
-61.0825669999999974
0
LINE
8
BLACK
6
CONTINUOUS
10
108.5745199999999926
20
-61.0825669999999974
11
108.7982599999999991
21
-60.8020059999999987
0
LINE
8
BLACK
6
CONTINUOUS
10
108.7982599999999991
20
-60.8020059999999987
11
109.0520059999999916
21
-60.5482599999999991
0
LINE
8
BLACK
6
CONTINUOUS
10
109.0520059999999916
20
-60.5482599999999991
11
109.3325669999999974
21
-60.3245199999999997
0
LINE
8
BLACK
6
CONTINUOUS
10
109.3325669999999974
20
-60.3245199999999997
11
109.6364149999999995
21
-60.1335999999999942
0
LINE
8
BLACK
6
CONTINUOUS
10
109.6364149999999995
20
-60.1335999999999942
11
109.9597279999999984
21
-59.9778999999999982
0
LINE
8
BLACK
6
CONTINUOUS
10
109.9597279999999984
20
-59.9778999999999982
11
110.2984409999999968
21
-59.8593799999999945
0
LINE
8
BLACK
6
CONTINUOUS
10
110.2984409999999968
20
-59.8593799999999945
11
110.6482949999999903
21
-59.7795279999999991
0
LINE
8
BLACK
6
CONTINUOUS
10
110.6482949999999903
20
-59.7795279999999991
11
111.0048889999999915
21
-59.7393489999999971
0
LINE
8
BLACK
6
CONTINUOUS
10
111.0048889999999915
20
-59.7393489999999971
11
111.3637409999999903
21
-59.7393489999999971
0
LINE
8
BLACK
6
CONTINUOUS
10
111.3637409999999903
20
-59.7393489999999971
11
111.7203349999999915
21
-59.7795279999999991
0
LINE
8
BLACK
6
CONTINUOUS
10
98.8499999999999943
20
-66.125
11
97.1499999999999915
21
-66.125
0
LINE
8
BLACK
6
CONTINUOUS
10
97.1499999999999915
20
-66.125
11
97.1499999999999915
21
-64.4249999999999972
0
LINE
8
BLACK
6
CONTINUOUS
10
97.1499999999999915
20
-64.4249999999999972
11
98.8499999999999943
21
-64.4249999999999972
0
LINE
8
BLACK
6
CONTINUOUS
10
98.8499999999999943
20
-64.4249999999999972
11
98.8499999999999943
21
-66.125
0
LINE
8
BLACK
6
CONTINUOUS
10
100.7867419999999896
20
-64.4616010000000017
11
100.9406869999999969
21
-64.5253670000000028
0
LINE
8
BLACK
6
CONTINUOUS
10
100.9406869999999969
20
-64.5253670000000028
11
101.0792339999999996
21
-64.6179410000000018
0
LINE
8
BLACK
6
CONTINUOUS
10
101.0792339999999996
20
-64.6179410000000018
11
101.1970589999999959
21
-64.7357659999999981
0
LINE
8
BLACK
6
CONTINUOUS
10
101.1970589999999959
20
-64.7357659999999981
11
101.2896329999999949
21
-64.8743130000000008
0
LINE
8
BLACK
6
CONTINUOUS
10
101.2896329999999949
20
-64.8743130000000008
11
101.353398999999996
21
-65.0282579999999939
0
LINE
8
BLACK
6
CONTINUOUS
10
101.353398999999996
20
-65.0282579999999939
11
101.3859069999999889
21
-65.1916849999999926
0
LINE
8
BLACK
6
CONTINUOUS
10
101.3859069999999889
20
-65.1916849999999926
11
101.3859069999999889
21
-65.3583149999999904
0
LINE
8
BLACK
6
CONTINUOUS
10
101.3859069999999889
20
-65.3583149999999904
11
101.353398999999996
21
-65.5217420000000033
0
LINE
8
BLACK
6
CONTINUOUS
10
101.353398999999996
20
-65.5217420000000033
11
101.2896329999999949
21
-65.6756869999999964
0
LINE
8
BLACK
6
CONTINUOUS
10
101.2896329999999949
20
-65.6756869999999964
11
101.1970589999999959
21
-65.814233999999999
0
LINE
8
BLACK
6
CONTINUOUS
10
101.1970589999999959
20
-65.814233999999999
11
101.0792339999999996
21
-65.9320589999999953
0
LINE
8
BLACK
6
CONTINUOUS
10
101.0792339999999996
20
-65.9320589999999953
11
100.9406869999999969
21
-66.0246329999999944
0
LINE
8
BLACK
6
CONTINUOUS
10
100.9406869999999969
20
-66.0246329999999944
11
100.7867419999999896
21
-66.0883989999999955
0
LINE
8
BLACK
6
CONTINUOUS
10
100.7867419999999896
20
-66.0883989999999955
11
100.623314999999991
21
-66.1209070000000025
0
LINE
8
BLACK
6
CONTINUOUS
10
100.623314999999991
20
-66.1209070000000025
11
100.4566849999999931
21
-66.1209070000000025
0
LINE
8
BLACK
6
CONTINUOUS
10
100.4566849999999931
20
-66.1209070000000025
11
100.2932579999999945
21
-66.0883989999999955
0
LINE
8
BLACK
6
CONTINUOUS
10
100.2932579999999945
20
-66.0883989999999955
11
100.1393130000000014
21
-66.0246329999999944
0
LINE
8
BLACK
6
CONTINUOUS
10
100.1393130000000014
20
-66.0246329999999944
11
100.0007659999999987
21
-65.9320589999999953
0
LINE
8
BLACK
6
CONTINUOUS
10
100.0007659999999987
20
-65.9320589999999953
11
99.8829410000000024
21
-65.814233999999999
0
LINE
8
BLACK
6
CONTINUOUS
10
99.8829410000000024
20
-65.814233999999999
11
99.7903669999999892
21
-65.6756869999999964
0
LINE
8
BLACK
6
CONTINUOUS
10
99.7903669999999892
20
-65.6756869999999964
11
99.7266010000000023
21
-65.5217420000000033
0
LINE
8
BLACK
6
CONTINUOUS
10
99.7266010000000023
20
-65.5217420000000033
11
99.6940929999999952
21
-65.3583149999999904
0
LINE
8
BLACK
6
CONTINUOUS
10
99.6940929999999952
20
-65.3583149999999904
11
99.6940929999999952
21
-65.1916849999999926
0
LINE
8
BLACK
6
CONTINUOUS
10
99.6940929999999952
20
-65.1916849999999926
11
99.7266010000000023
21
-65.0282579999999939
0
LINE
8
BLACK
6
CONTINUOUS
10
99.7266010000000023
20
-65.0282579999999939
11
99.7903669999999892
21
-64.8743130000000008
0
LINE
8
BLACK
6
CONTINUOUS
10
99.7903669999999892
20
-64.8743130000000008
11
99.8829410000000024
21
-64.7357659999999981
0
LINE
8
BLACK
6
CONTINUOUS
10
99.8829410000000024
20
-64.7357659999999981
11
100.0007659999999987
21
-64.6179410000000018
0
LINE
8
BLACK
6
CONTINUOUS
10
100.0007659999999987
20
-64.6179410000000018
11
100.1393130000000014
21
-64.5253670000000028
0
LINE
8
BLACK
6
CONTINUOUS
10
100.1393130000000014
20
-64.5253670000000028
11
100.2932579999999945
21
-64.4616010000000017
0
LINE
8
BLACK
6
CONTINUOUS
10
100.2932579999999945
20
-64.4616010000000017
11
100.4566849999999931
21
-64.4290929999999946
0
LINE
8
BLACK
6
CONTINUOUS
10
100.4566849999999931
20
-64.4290929999999946
11
100.623314999999991
21
-64.4290929999999946
0
LINE
8
BLACK
6
CONTINUOUS
10
100.623314999999991
20
-64.4290929999999946
11
100.7867419999999896
21
-64.4616010000000017
0
LINE
8
BLACK
6
CONTINUOUS
10
103.3267419999999959
20
-64.4616010000000017
11
103.480686999999989
21
-64.5253670000000028
0
LINE
8
BLACK
6
CONTINUOUS
10
103.480686999999989
20
-64.5253670000000028
11
103.6192339999999916
21
-64.6179410000000018
0
LINE
8
BLACK
6
CONTINUOUS
10
103.6192339999999916
20
-64.6179410000000018
11
103.7370590000000021
21
-64.7357659999999981
0
LINE
8
BLACK
6
CONTINUOUS
10
103.7370590000000021
20
-64.7357659999999981
11
103.8296330000000012
21
-64.8743130000000008
0
LINE
8
BLACK
6
CONTINUOUS
10
103.8296330000000012
20
-64.8743130000000008
11
103.8933990000000023
21
-65.0282579999999939
0
LINE
8
BLACK
6
CONTINUOUS
10
103.8933990000000023
20
-65.0282579999999939
11
103.9259069999999952
21
-65.1916849999999926
0
LINE
8
BLACK
6
CONTINUOUS
10
103.9259069999999952
20
-65.1916849999999926
11
103.9259069999999952
21
-65.3583149999999904
0
LINE
8
BLACK
6
CONTINUOUS
10
103.9259069999999952
20
-65.3583149999999904
11
103.8933990000000023
21
-65.5217420000000033
0
LINE
8
BLACK
6
CONTINUOUS
10
103.8933990000000023
20
-65.5217420000000033
11
103.8296330000000012
21
-65.6756869999999964
0
LINE
8
BLACK
6
CONTINUOUS
10
103.8296330000000012
20
-65.6756869999999964
11
103.7370590000000021
21
-65.814233999999999
0
LINE
8
BLACK
6
CONTINUOUS
10
103.7370590000000021
20
-65.814233999999999
11
103.6192339999999916
21
-65.9320589999999953
0
LINE
8
BLACK
6
CONTINUOUS
10
103.6192339999999916
20
-65.9320589999999953
11
103.480686999999989
21
-66.0246329999999944
0
LINE
8
BLACK
6
CONTINUOUS
10
103.480686999999989
20
-66.0246329999999944
11
103.3267419999999959
21
-66.0883989999999955
0
LINE
8
BLACK
6
CONTINUOUS
10
103.3267419999999959
20
-66.0883989999999955
11
103.1633149999999972
21
-66.1209070000000025
0
LINE
8
BLACK
6
CONTINUOUS
10
103.1633149999999972
20
-66.1209070000000025
11
102.9966849999999994
21
-66.1209070000000025
0
LINE
8
BLACK
6
CONTINUOUS
10
102.9966849999999994
20
-66.1209070000000025
11
102.8332580000000007
21
-66.0883989999999955
0
LINE
8
BLACK
6
CONTINUOUS
10
102.8332580000000007
20
-66.0883989999999955
11
102.6793129999999934
21
-66.0246329999999944
0
LINE
8
BLACK
6
CONTINUOUS
10
102.6793129999999934
20
-66.0246329999999944
11
102.5407659999999908
21
-65.9320589999999953
0
LINE
8
BLACK
6
CONTINUOUS
10
102.5407659999999908
20
-65.9320589999999953
11
102.4229409999999945
21
-65.814233999999999
0
LINE
8
BLACK
6
CONTINUOUS
10
102.4229409999999945
20
-65.814233999999999
11
102.3303669999999954
21
-65.6756869999999964
0
LINE
8
BLACK
6
CONTINUOUS
10
102.3303669999999954
20
-65.6756869999999964
11
102.2666009999999943
21
-65.5217420000000033
0
LINE
8
BLACK
6
CONTINUOUS
10
102.2666009999999943
20
-65.5217420000000033
11
102.2340930000000014
21
-65.3583149999999904
0
LINE
8
BLACK
6
CONTINUOUS
10
102.2340930000000014
20
-65.3583149999999904
11
102.2340930000000014
21
-65.1916849999999926
0
LINE
8
BLACK
6
CONTINUOUS
10
102.2340930000000014
20
-65.1916849999999926
11
102.2666009999999943
21
-65.0282579999999939
0
LINE
8
BLACK
6
CONTINUOUS
10
102.2666009999999943
20
-65.0282579999999939
11
102.3303669999999954
21
-64.8743130000000008
0
LINE
8
BLACK
6
CONTINUOUS
10
102.3303669999999954
20
-64.8743130000000008
11
102.4229409999999945
21
-64.7357659999999981
0
LINE
8
BLACK
6
CONTINUOUS
10
102.4229409999999945
20
-64.7357659999999981
11
102.5407659999999908
21
-64.6179410000000018
0
LINE
8
BLACK
6
CONTINUOUS
10
102.5407659999999908
20
-64.6179410000000018
11
102.6793129999999934
21
-64.5253670000000028
0
LINE
8
BLACK
6
CONTINUOUS
10
102.6793129999999934
20
-64.5253670000000028
11
102.8332580000000007
21
-64.4616010000000017
0
LINE
8
BLACK
6
CONTINUOUS
10
102.8332580000000007
20
-64.4616010000000017
11
102.9966849999999994
21
-64.4290929999999946
0
LINE
8
BLACK
6
CONTINUOUS
10
102.9966849999999994
20
-64.4290929999999946
11
103.1633149999999972
21
-64.4290929999999946
0
LINE
8
BLACK
6
CONTINUOUS
10
103.1633149999999972
20
-64.4290929999999946
11
103.3267419999999959
21
-64.4616010000000017
0
LINE
8
BLACK
6
CONTINUOUS
10
105.8667420000000021
20
-64.4616010000000017
11
106.0206869999999952
21
-64.5253670000000028
0
LINE
8
BLACK
6
CONTINUOUS
10
106.0206869999999952
20
-64.5253670000000028
11
106.1592339999999979
21
-64.6179410000000018
0
LINE
8
BLACK
6
CONTINUOUS
10
106.1592339999999979
20
-64.6179410000000018
11
106.2770589999999942
21
-64.7357659999999981
0
LINE
8
BLACK
6
CONTINUOUS
10
106.2770589999999942
20
-64.7357659999999981
11
106.3696329999999932
21
-64.8743130000000008
0
LINE
8
BLACK
6
CONTINUOUS
10
106.3696329999999932
20
-64.8743130000000008
11
106.4333989999999943
21
-65.0282579999999939
0
LINE
8
BLACK
6
CONTINUOUS
10
106.4333989999999943
20
-65.0282579999999939
11
106.4659070000000014
21
-65.1916849999999926
0
LINE
8
BLACK
6
CONTINUOUS
10
106.4659070000000014
20
-65.1916849999999926
11
106.4659070000000014
21
-65.3583149999999904
0
LINE
8
BLACK
6
CONTINUOUS
10
106.4659070000000014
20
-65.3583149999999904
11
106.4333989999999943
21
-65.5217420000000033
0
LINE
8
BLACK
6
CONTINUOUS
10
106.4333989999999943
20
-65.5217420000000033
11
106.3696329999999932
21
-65.6756869999999964
0
LINE
8
BLACK
6
CONTINUOUS
10
106.3696329999999932
20
-65.6756869999999964
11
106.2770589999999942
21
-65.814233999999999
0
LINE
8
BLACK
6
CONTINUOUS
10
106.2770589999999942
20
-65.814233999999999
11
106.1592339999999979
21
-65.9320589999999953
0
LINE
8
BLACK
6
CONTINUOUS
10
106.1592339999999979
20
-65.9320589999999953
11
106.0206869999999952
21
-66.0246329999999944
0
LINE
8
BLACK
6
CONTINUOUS
10
106.0206869999999952
20
-66.0246329999999944
11
105.8667420000000021
21
-66.0883989999999955
0
LINE
8
BLACK
6
CONTINUOUS
10
105.8667420000000021
20
-66.0883989999999955
11
105.7033149999999893
21
-66.1209070000000025
0
LINE
8
BLACK
6
CONTINUOUS
10
105.7033149999999893
20
-66.1209070000000025
11
105.5366849999999914
21
-66.1209070000000025
0
LINE
8
BLACK
6
CONTINUOUS
10
105.5366849999999914
20
-66.1209070000000025
11
105.3732579999999928
21
-66.0883989999999955
0
LINE
8
BLACK
6
CONTINUOUS
10
105.3732579999999928
20
-66.0883989999999955
11
105.2193129999999996
21
-66.0246329999999944
0
LINE
8
BLACK
6
CONTINUOUS
10
105.2193129999999996
20
-66.0246329999999944
11
105.080765999999997
21
-65.9320589999999953
0
LINE
8
BLACK
6
CONTINUOUS
10
105.080765999999997
20
-65.9320589999999953
11
104.9629410000000007
21
-65.814233999999999
0
LINE
8
BLACK
6
CONTINUOUS
10
104.9629410000000007
20
-65.814233999999999
11
104.8703670000000017
21
-65.6756869999999964
0
LINE
8
BLACK
6
CONTINUOUS
10
104.8703670000000017
20
-65.6756869999999964
11
104.8066010000000006
21
-65.5217420000000033
0
LINE
8
BLACK
6
CONTINUOUS
10
104.8066010000000006
20
-65.5217420000000033
11
104.7740929999999935
21
-65.3583149999999904
0
LINE
8
BLACK
6
CONTINUOUS
10
104.7740929999999935
20
-65.3583149999999904
11
104.7740929999999935
21
-65.1916849999999926
0
LINE
8
BLACK
6
CONTINUOUS
10
104.7740929999999935
20
-65.1916849999999926
11
104.8066010000000006
21
-65.0282579999999939
0
LINE
8
BLACK
6
CONTINUOUS
10
104.8066010000000006
20
-65.0282579999999939
11
104.8703670000000017
21
-64.8743130000000008
0
LINE
8
BLACK
6
CONTINUOUS
10
104.8703670000000017
20
-64.8743130000000008
11
104.9629410000000007
21
-64.7357659999999981
0
LINE
8
BLACK
6
CONTINUOUS
10
104.9629410000000007
20
-64.7357659999999981
11
105.080765999999997
21
-64.6179410000000018
0
LINE
8
BLACK
6
CONTINUOUS
10
105.080765999999997
20
-64.6179410000000018
11
105.2193129999999996
21
-64.5253670000000028
0
LINE
8
BLACK
6
CONTINUOUS
10
105.2193129999999996
20
-64.5253670000000028
11
105.3732579999999928
21
-64.4616010000000017
0
LINE
8
BLACK
6
CONTINUOUS
10
105.3732579999999928
20
-64.4616010000000017
11
105.5366849999999914
21
-64.4290929999999946
0
LINE
8
BLACK
6
CONTINUOUS
10
105.5366849999999914
20
-64.4290929999999946
11
105.7033149999999893
21
-64.4290929999999946
0
LINE
8
BLACK
6
CONTINUOUS
10
105.7033149999999893
20
-64.4290929999999946
11
105.8667420000000021
21
-64.4616010000000017
0
LINE
8
BLACK
6
CONTINUOUS
10
98.2467419999999976
20
-61.9216009999999955
11
98.4006869999999907
21
-61.9853669999999966
0
LINE
8
BLACK
6
CONTINUOUS
10
98.4006869999999907
20
-61.9853669999999966
11
98.5392339999999933
21
-62.0779409999999956
0
LINE
8
BLACK
6
CONTINUOUS
10
98.5392339999999933
20
-62.0779409999999956
11
98.6570589999999896
21
-62.195765999999999
0
LINE
8
BLACK
6
CONTINUOUS
10
98.6570589999999896
20
-62.195765999999999
11
98.7496329999999887
21
-62.3343129999999945
0
LINE
8
BLACK
6
CONTINUOUS
10
98.7496329999999887
20
-62.3343129999999945
11
98.8133989999999898
21
-62.4882579999999948
0
LINE
8
BLACK
6
CONTINUOUS
10
98.8133989999999898
20
-62.4882579999999948
11
98.8459069999999969
21
-62.6516850000000005
0
LINE
8
BLACK
6
CONTINUOUS
10
98.8459069999999969
20
-62.6516850000000005
11
98.8459069999999969
21
-62.8183149999999983
0
LINE
8
BLACK
6
CONTINUOUS
10
98.8459069999999969
20
-62.8183149999999983
11
98.8133989999999898
21
-62.981741999999997
0
LINE
8
BLACK
6
CONTINUOUS
10
98.8133989999999898
20
-62.981741999999997
11
98.7496329999999887
21
-63.1356869999999972
0
LINE
8
BLACK
6
CONTINUOUS
10
98.7496329999999887
20
-63.1356869999999972
11
98.6570589999999896
21
-63.2742339999999999
0
LINE
8
BLACK
6
CONTINUOUS
10
98.6570589999999896
20
-63.2742339999999999
11
98.5392339999999933
21
-63.3920589999999962
0
LINE
8
BLACK
6
CONTINUOUS
10
98.5392339999999933
20
-63.3920589999999962
11
98.4006869999999907
21
-63.4846329999999952
0
LINE
8
BLACK
6
CONTINUOUS
10
98.4006869999999907
20
-63.4846329999999952
11
98.2467419999999976
21
-63.5483989999999963
0
LINE
8
BLACK
6
CONTINUOUS
10
98.2467419999999976
20
-63.5483989999999963
11
98.0833149999999989
21
-63.5809069999999963
0
LINE
8
BLACK
6
CONTINUOUS
10
98.0833149999999989
20
-63.5809069999999963
11
97.9166850000000011
21
-63.5809069999999963
0
LINE
8
BLACK
6
CONTINUOUS
10
97.9166850000000011
20
-63.5809069999999963
11
97.7532580000000024
21
-63.5483989999999963
0
LINE
8
BLACK
6
CONTINUOUS
10
97.7532580000000024
20
-63.5483989999999963
11
97.5993129999999951
21
-63.4846329999999952
0
LINE
8
BLACK
6
CONTINUOUS
10
97.5993129999999951
20
-63.4846329999999952
11
97.4607659999999925
21
-63.3920589999999962
0
LINE
8
BLACK
6
CONTINUOUS
10
97.4607659999999925
20
-63.3920589999999962
11
97.3429409999999962
21
-63.2742339999999999
0
LINE
8
BLACK
6
CONTINUOUS
10
97.3429409999999962
20
-63.2742339999999999
11
97.2503669999999971
21
-63.1356869999999972
0
LINE
8
BLACK
6
CONTINUOUS
10
97.2503669999999971
20
-63.1356869999999972
11
97.186600999999996
21
-62.981741999999997
0
LINE
8
BLACK
6
CONTINUOUS
10
97.186600999999996
20
-62.981741999999997
11
97.1540929999999889
21
-62.8183149999999983
0
LINE
8
BLACK
6
CONTINUOUS
10
97.1540929999999889
20
-62.8183149999999983
11
97.1540929999999889
21
-62.6516850000000005
0
LINE
8
BLACK
6
CONTINUOUS
10
97.1540929999999889
20
-62.6516850000000005
11
97.186600999999996
21
-62.4882579999999948
0
LINE
8
BLACK
6
CONTINUOUS
10
97.186600999999996
20
-62.4882579999999948
11
97.2503669999999971
21
-62.3343129999999945
0
LINE
8
BLACK
6
CONTINUOUS
10
97.2503669999999971
20
-62.3343129999999945
11
97.3429409999999962
21
-62.195765999999999
0
LINE
8
BLACK
6
CONTINUOUS
10
97.3429409999999962
20
-62.195765999999999
11
97.4607659999999925
21
-62.0779409999999956
0
LINE
8
BLACK
6
CONTINUOUS
10
97.4607659999999925
20
-62.0779409999999956
11
97.5993129999999951
21
-61.9853669999999966
0
LINE
8
BLACK
6
CONTINUOUS
10
97.5993129999999951
20
-61.9853669999999966
11
97.7532580000000024
21
-61.9216009999999955
0
LINE
8
BLACK
6
CONTINUOUS
10
97.7532580000000024
20
-61.9216009999999955
11
97.9166850000000011
21
-61.8890929999999955
0
LINE
8
BLACK
6
CONTINUOUS
10
97.9166850000000011
20
-61.8890929999999955
11
98.0833149999999989
21
-61.8890929999999955
0
LINE
8
BLACK
6
CONTINUOUS
10
98.0833149999999989
20
-61.8890929999999955
11
98.2467419999999976
21
-61.9216009999999955
0
LINE
8
BLACK
6
CONTINUOUS
10
100.7867419999999896
20
-61.9216009999999955
11
100.9406869999999969
21
-61.9853669999999966
0
LINE
8
BLACK
6
CONTINUOUS
10
100.9406869999999969
20
-61.9853669999999966
11
101.0792339999999996
21
-62.0779409999999956
0
LINE
8
BLACK
6
CONTINUOUS
10
101.0792339999999996
20
-62.0779409999999956
11
101.1970589999999959
21
-62.195765999999999
0
LINE
8
BLACK
6
CONTINUOUS
10
101.1970589999999959
20
-62.195765999999999
11
101.2896329999999949
21
-62.3343129999999945
0
LINE
8
BLACK
6
CONTINUOUS
10
101.2896329999999949
20
-62.3343129999999945
11
101.353398999999996
21
-62.4882579999999948
0
LINE
8
BLACK
6
CONTINUOUS
10
101.353398999999996
20
-62.4882579999999948
11
101.3859069999999889
21
-62.6516850000000005
0
LINE
8
BLACK
6
CONTINUOUS
10
101.3859069999999889
20
-62.6516850000000005
11
101.3859069999999889
21
-62.8183149999999983
0
LINE
8
BLACK
6
CONTINUOUS
10
101.3859069999999889
20
-62.8183149999999983
11
101.353398999999996
21
-62.981741999999997
0
LINE
8
BLACK
6
CONTINUOUS
10
101.353398999999996
20
-62.981741999999997
11
101.2896329999999949
21
-63.1356869999999972
0
LINE
8
BLACK
6
CONTINUOUS
10
101.2896329999999949
20
-63.1356869999999972
11
101.1970589999999959
21
-63.2742339999999999
0
LINE
8
BLACK
6
CONTINUOUS
10
101.1970589999999959
20
-63.2742339999999999
11
101.0792339999999996
21
-63.3920589999999962
0
LINE
8
BLACK
6
CONTINUOUS
10
101.0792339999999996
20
-63.3920589999999962
11
100.9406869999999969
21
-63.4846329999999952
0
LINE
8
BLACK
6
CONTINUOUS
10
100.9406869999999969
20
-63.4846329999999952
11
100.7867419999999896
21
-63.5483989999999963
0
LINE
8
BLACK
6
CONTINUOUS
10
100.7867419999999896
20
-63.5483989999999963
11
100.623314999999991
21
-63.5809069999999963
0
LINE
8
BLACK
6
CONTINUOUS
10
100.623314999999991
20
-63.5809069999999963
11
100.4566849999999931
21
-63.5809069999999963
0
LINE
8
BLACK
6
CONTINUOUS
10
100.4566849999999931
20
-63.5809069999999963
11
100.2932579999999945
21
-63.5483989999999963
0
LINE
8
BLACK
6
CONTINUOUS
10
100.2932579999999945
20
-63.5483989999999963
11
100.1393130000000014
21
-63.4846329999999952
0
LINE
8
BLACK
6
CONTINUOUS
10
100.1393130000000014
20
-63.4846329999999952
11
100.0007659999999987
21
-63.3920589999999962
0
LINE
8
BLACK
6
CONTINUOUS
10
100.0007659999999987
20
-63.3920589999999962
11
99.8829410000000024
21
-63.2742339999999999
0
LINE
8
BLACK
6
CONTINUOUS
10
99.8829410000000024
20
-63.2742339999999999
11
99.7903669999999892
21
-63.1356869999999972
0
LINE
8
BLACK
6
CONTINUOUS
10
99.7903669999999892
20
-63.1356869999999972
11
99.7266010000000023
21
-62.981741999999997
0
LINE
8
BLACK
6
CONTINUOUS
10
99.7266010000000023
20
-62.981741999999997
11
99.6940929999999952
21
-62.8183149999999983
0
LINE
8
BLACK
6
CONTINUOUS
10
99.6940929999999952
20
-62.8183149999999983
11
99.6940929999999952
21
-62.6516850000000005
0
LINE
8
BLACK
6
CONTINUOUS
10
99.6940929999999952
20
-62.6516850000000005
11
99.7266010000000023
21
-62.4882579999999948
0
LINE
8
BLACK
6
CONTINUOUS
10
99.7266010000000023
20
-62.4882579999999948
11
99.7903669999999892
21
-62.3343129999999945
0
LINE
8
BLACK
6
CONTINUOUS
10
99.7903669999999892
20
-62.3343129999999945
11
99.8829410000000024
21
-62.195765999999999
0
LINE
8
BLACK
6
CONTINUOUS
10
99.8829410000000024
20
-62.195765999999999
11
100.0007659999999987
21
-62.0779409999999956
0
LINE
8
BLACK
6
CONTINUOUS
10
100.0007659999999987
20
-62.0779409999999956
11
100.1393130000000014
21
-61.9853669999999966
0
LINE
8
BLACK
6
CONTINUOUS
10
100.1393130000000014
20
-61.9853669999999966
11
100.2932579999999945
21
-61.9216009999999955
0
LINE
8
BLACK
6
CONTINUOUS
10
100.2932579999999945
20
-61.9216009999999955
11
100.4566849999999931
21
-61.8890929999999955
0
LINE
8
BLACK
6
CONTINUOUS
10
100.4566849999999931
20
-61.8890929999999955
11
100.623314999999991
21
-61.8890929999999955
0
LINE
8
BLACK
6
CONTINUOUS
10
100.623314999999991
20
-61.8890929999999955
11
100.7867419999999896
21
-61.9216009999999955
0
LINE
8
BLACK
6
CONTINUOUS
10
103.3267419999999959
20
-61.9216009999999955
11
103.480686999999989
21
-61.9853669999999966
0
LINE
8
BLACK
6
CONTINUOUS
10
103.480686999999989
20
-61.9853669999999966
11
103.6192339999999916
21
-62.0779409999999956
0
LINE
8
BLACK
6
CONTINUOUS
10
103.6192339999999916
20
-62.0779409999999956
11
103.7370590000000021
21
-62.195765999999999
0
LINE
8
BLACK
6
CONTINUOUS
10
103.7370590000000021
20
-62.195765999999999
11
103.8296330000000012
21
-62.3343129999999945
0
LINE
8
BLACK
6
CONTINUOUS
10
103.8296330000000012
20
-62.3343129999999945
11
103.8933990000000023
21
-62.4882579999999948
0
LINE
8
BLACK
6
CONTINUOUS
10
103.8933990000000023
20
-62.4882579999999948
11
103.9259069999999952
21
-62.6516850000000005
0
LINE
8
BLACK
6
CONTINUOUS
10
103.9259069999999952
20
-62.6516850000000005
11
103.9259069999999952
21
-62.8183149999999983
0
LINE
8
BLACK
6
CONTINUOUS
10
103.9259069999999952
20
-62.8183149999999983
11
103.8933990000000023
21
-62.981741999999997
0
LINE
8
BLACK
6
CONTINUOUS
10
103.8933990000000023
20
-62.981741999999997
11
103.8296330000000012
21
-63.1356869999999972
0
LINE
8
BLACK
6
CONTINUOUS
10
103.8296330000000012
20
-63.1356869999999972
11
103.7370590000000021
21
-63.2742339999999999
0
LINE
8
BLACK
6
CONTINUOUS
10
103.7370590000000021
20
-63.2742339999999999
11
103.6192339999999916
21
-63.3920589999999962
0
LINE
8
BLACK
6
CONTINUOUS
10
103.6192339999999916
20
-63.3920589999999962
11
103.480686999999989
21
-63.4846329999999952
0
LINE
8
BLACK
6
CONTINUOUS
10
103.480686999999989
20
-63.4846329999999952
11
103.3267419999999959
21
-63.5483989999999963
0
LINE
8
BLACK
6
CONTINUOUS
10
103.3267419999999959
20
-63.5483989999999963
11
103.1633149999999972
21
-63.5809069999999963
0
LINE
8
BLACK
6
CONTINUOUS
10
103.1633149999999972
20
-63.5809069999999963
11
102.9966849999999994
21
-63.5809069999999963
0
LINE
8
BLACK
6
CONTINUOUS
10
102.9966849999999994
20
-63.5809069999999963
11
102.8332580000000007
21
-63.5483989999999963
0
LINE
8
BLACK
6
CONTINUOUS
10
102.8332580000000007
20
-63.5483989999999963
11
102.6793129999999934
21
-63.4846329999999952
0
LINE
8
BLACK
6
CONTINUOUS
10
102.6793129999999934
20
-63.4846329999999952
11
102.5407659999999908
21
-63.3920589999999962
0
LINE
8
BLACK
6
CONTINUOUS
10
102.5407659999999908
20
-63.3920589999999962
11
102.4229409999999945
21
-63.2742339999999999
0
LINE
8
BLACK
6
CONTINUOUS
10
102.4229409999999945
20
-63.2742339999999999
11
102.3303669999999954
21
-63.1356869999999972
0
LINE
8
BLACK
6
CONTINUOUS
10
102.3303669999999954
20
-63.1356869999999972
11
102.2666009999999943
21
-62.981741999999997
0
LINE
8
BLACK
6
CONTINUOUS
10
102.2666009999999943
20
-62.981741999999997
11
102.2340930000000014
21
-62.8183149999999983
0
LINE
8
BLACK
6
CONTINUOUS
10
102.2340930000000014
20
-62.8183149999999983
11
102.2340930000000014
21
-62.6516850000000005
0
LINE
8
BLACK
6
CONTINUOUS
10
102.2340930000000014
20
-62.6516850000000005
11
102.2666009999999943
21
-62.4882579999999948
0
LINE
8
BLACK
6
CONTINUOUS
10
102.2666009999999943
20
-62.4882579999999948
11
102.3303669999999954
21
-62.3343129999999945
0
LINE
8
BLACK
6
CONTINUOUS
10
102.3303669999999954
20
-62.3343129999999945
11
102.4229409999999945
21
-62.195765999999999
0
LINE
8
BLACK
6
CONTINUOUS
10
102.4229409999999945
20
-62.195765999999999
11
102.5407659999999908
21
-62.0779409999999956
0
LINE
8
BLACK
6
CONTINUOUS
10
102.5407659999999908
20
-62.0779409999999956
11
102.6793129999999934
21
-61.9853669999999966
0
LINE
8
BLACK
6
CONTINUOUS
10
102.6793129999999934
20
-61.9853669999999966
11
102.8332580000000007
21
-61.9216009999999955
0
LINE
8
BLACK
6
CONTINUOUS
10
102.8332580000000007
20
-61.9216009999999955
11
102.9966849999999994
21
-61.8890929999999955
0
LINE
8
BLACK
6
CONTINUOUS
10
102.9966849999999994
20
-61.8890929999999955
11
103.1633149999999972
21
-61.8890929999999955
0
LINE
8
BLACK
6
CONTINUOUS
10
103.1633149999999972
20
-61.8890929999999955
11
103.3267419999999959
21
-61.9216009999999955
0
LINE
8
BLACK
6
CONTINUOUS
10
105.8667420000000021
20
-61.9216009999999955
11
106.0206869999999952
21
-61.9853669999999966
0
LINE
8
BLACK
6
CONTINUOUS
10
106.0206869999999952
20
-61.9853669999999966
11
106.1592339999999979
21
-62.0779409999999956
0
LINE
8
BLACK
6
CONTINUOUS
10
106.1592339999999979
20
-62.0779409999999956
11
106.2770589999999942
21
-62.195765999999999
0
LINE
8
BLACK
6
CONTINUOUS
10
106.2770589999999942
20
-62.195765999999999
11
106.3696329999999932
21
-62.3343129999999945
0
LINE
8
BLACK
6
CONTINUOUS
10
106.3696329999999932
20
-62.3343129999999945
11
106.4333989999999943
21
-62.4882579999999948
0
LINE
8
BLACK
6
CONTINUOUS
10
106.4333989999999943
20
-62.4882579999999948
11
106.4659070000000014
21
-62.6516850000000005
0
LINE
8
BLACK
6
CONTINUOUS
10
106.4659070000000014
20
-62.6516850000000005
11
106.4659070000000014
21
-62.8183149999999983
0
LINE
8
BLACK
6
CONTINUOUS
10
106.4659070000000014
20
-62.8183149999999983
11
106.4333989999999943
21
-62.981741999999997
0
LINE
8
BLACK
6
CONTINUOUS
10
106.4333989999999943
20
-62.981741999999997
11
106.3696329999999932
21
-63.1356869999999972
0
LINE
8
BLACK
6
CONTINUOUS
10
106.3696329999999932
20
-63.1356869999999972
11
106.2770589999999942
21
-63.2742339999999999
0
LINE
8
BLACK
6
CONTINUOUS
10
106.2770589999999942
20
-63.2742339999999999
11
106.1592339999999979
21
-63.3920589999999962
0
LINE
8
BLACK
6
CONTINUOUS
10
106.1592339999999979
20
-63.3920589999999962
11
106.0206869999999952
21
-63.4846329999999952
0
LINE
8
BLACK
6
CONTINUOUS
10
106.0206869999999952
20
-63.4846329999999952
11
105.8667420000000021
21
-63.5483989999999963
0
LINE
8
BLACK
6
CONTINUOUS
10
105.8667420000000021
20
-63.5483989999999963
11
105.7033149999999893
21
-63.5809069999999963
0
LINE
8
BLACK
6
CONTINUOUS
10
105.7033149999999893
20
-63.5809069999999963
11
105.5366849999999914
21
-63.5809069999999963
0
LINE
8
BLACK
6
CONTINUOUS
10
105.5366849999999914
20
-63.5809069999999963
11
105.3732579999999928
21
-63.5483989999999963
0
LINE
8
BLACK
6
CONTINUOUS
10
105.3732579999999928
20
-63.5483989999999963
11
105.2193129999999996
21
-63.4846329999999952
0
LINE
8
BLACK
6
CONTINUOUS
10
105.2193129999999996
20
-63.4846329999999952
11
105.080765999999997
21
-63.3920589999999962
0
LINE
8
BLACK
6
CONTINUOUS
10
105.080765999999997
20
-63.3920589999999962
11
104.9629410000000007
21
-63.2742339999999999
0
LINE
8
BLACK
6
CONTINUOUS
10
104.9629410000000007
20
-63.2742339999999999
11
104.8703670000000017
21
-63.1356869999999972
0
LINE
8
BLACK
6
CONTINUOUS
10
104.8703670000000017
20
-63.1356869999999972
11
104.8066010000000006
21
-62.981741999999997
0
LINE
8
BLACK
6
CONTINUOUS
10
104.8066010000000006
20
-62.981741999999997
11
104.7740929999999935
21
-62.8183149999999983
0
LINE
8
BLACK
6
CONTINUOUS
10
104.7740929999999935
20
-62.8183149999999983
11
104.7740929999999935
21
-62.6516850000000005
0
LINE
8
BLACK
6
CONTINUOUS
10
104.7740929999999935
20
-62.6516850000000005
11
104.8066010000000006
21
-62.4882579999999948
0
LINE
8
BLACK
6
CONTINUOUS
10
104.8066010000000006
20
-62.4882579999999948
11
104.8703670000000017
21
-62.3343129999999945
0
LINE
8
BLACK
6
CONTINUOUS
10
104.8703670000000017
20
-62.3343129999999945
11
104.9629410000000007
21
-62.195765999999999
0
LINE
8
BLACK
6
CONTINUOUS
10
104.9629410000000007
20
-62.195765999999999
11
105.080765999999997
21
-62.0779409999999956
0
LINE
8
BLACK
6
CONTINUOUS
10
105.080765999999997
20
-62.0779409999999956
11
105.2193129999999996
21
-61.9853669999999966
0
LINE
8
BLACK
6
CONTINUOUS
10
105.2193129999999996
20
-61.9853669999999966
11
105.3732579999999928
21
-61.9216009999999955
0
LINE
8
BLACK
6
CONTINUOUS
10
105.3732579999999928
20
-61.9216009999999955
11
105.5366849999999914
21
-61.8890929999999955
0
LINE
8
BLACK
6
CONTINUOUS
10
105.5366849999999914
20
-61.8890929999999955
11
105.7033149999999893
21
-61.8890929999999955
0
LINE
8
BLACK
6
CONTINUOUS
10
105.7033149999999893
20
-61.8890929999999955
11
105.8667420000000021
21
-61.9216009999999955
0
LINE
8
BLACK
6
CONTINUOUS
10
146.0250000000000057
20
-63.5249999999999986
11
144.3249999999999886
21
-63.5249999999999986
0
LINE
8
BLACK
6
CONTINUOUS
10
144.3249999999999886
20
-63.5249999999999986
11
144.3249999999999886
21
-61.8249999999999957
0
LINE
8
BLACK
6
CONTINUOUS
10
144.3249999999999886
20
-61.8249999999999957
11
146.0250000000000057
21
-61.8249999999999957
0
LINE
8
BLACK
6
CONTINUOUS
10
146.0250000000000057
20
-61.8249999999999957
11
146.0250000000000057
21
-63.5249999999999986
0
LINE
8
BLACK
6
CONTINUOUS
10
147.9617419999999868
20
-61.8616010000000003
11
148.1156869999999799
21
-61.9253669999999943
0
LINE
8
BLACK
6
CONTINUOUS
10
148.1156869999999799
20
-61.9253669999999943
11
148.2542339999999967
21
-62.0179410000000004
0
LINE
8
BLACK
6
CONTINUOUS
10
148.2542339999999967
20
-62.0179410000000004
11
148.3720590000000072
21
-62.1357659999999967
0
LINE
8
BLACK
6
CONTINUOUS
10
148.3720590000000072
20
-62.1357659999999967
11
148.4646329999999921
21
-62.2743129999999994
0
LINE
8
BLACK
6
CONTINUOUS
10
148.4646329999999921
20
-62.2743129999999994
11
148.5283990000000074
21
-62.4282579999999996
0
LINE
8
BLACK
6
CONTINUOUS
10
148.5283990000000074
20
-62.4282579999999996
11
148.5609069999999861
21
-62.5916849999999982
0
LINE
8
BLACK
6
CONTINUOUS
10
148.5609069999999861
20
-62.5916849999999982
11
148.5609069999999861
21
-62.7583149999999961
0
LINE
8
BLACK
6
CONTINUOUS
10
148.5609069999999861
20
-62.7583149999999961
11
148.5283990000000074
21
-62.9217419999999947
0
LINE
8
BLACK
6
CONTINUOUS
10
148.5283990000000074
20
-62.9217419999999947
11
148.4646329999999921
21
-63.075686999999995
0
LINE
8
BLACK
6
CONTINUOUS
10
148.4646329999999921
20
-63.075686999999995
11
148.3720590000000072
21
-63.2142339999999976
0
LINE
8
BLACK
6
CONTINUOUS
10
148.3720590000000072
20
-63.2142339999999976
11
148.2542339999999967
21
-63.3320589999999939
0
LINE
8
BLACK
6
CONTINUOUS
10
148.2542339999999967
20
-63.3320589999999939
11
148.1156869999999799
21
-63.424633
0
LINE
8
BLACK
6
CONTINUOUS
10
148.1156869999999799
20
-63.424633
11
147.9617419999999868
21
-63.488398999999994
0
LINE
8
BLACK
6
CONTINUOUS
10
147.9617419999999868
20
-63.488398999999994
11
147.7983150000000023
21
-63.520906999999994
0
LINE
8
BLACK
6
CONTINUOUS
10
147.7983150000000023
20
-63.520906999999994
11
147.6316850000000045
21
-63.520906999999994
0
LINE
8
BLACK
6
CONTINUOUS
10
147.6316850000000045
20
-63.520906999999994
11
147.4682579999999916
21
-63.488398999999994
0
LINE
8
BLACK
6
CONTINUOUS
10
147.4682579999999916
20
-63.488398999999994
11
147.3143129999999985
21
-63.424633
0
LINE
8
BLACK
6
CONTINUOUS
10
147.3143129999999985
20
-63.424633
11
147.1757659999999817
21
-63.3320589999999939
0
LINE
8
BLACK
6
CONTINUOUS
10
147.1757659999999817
20
-63.3320589999999939
11
147.0579409999999996
21
-63.2142339999999976
0
LINE
8
BLACK
6
CONTINUOUS
10
147.0579409999999996
20
-63.2142339999999976
11
146.9653669999999863
21
-63.075686999999995
0
LINE
8
BLACK
6
CONTINUOUS
10
146.9653669999999863
20
-63.075686999999995
11
146.9016009999999994
21
-62.9217419999999947
0
LINE
8
BLACK
6
CONTINUOUS
10
146.9016009999999994
20
-62.9217419999999947
11
146.8690929999999923
21
-62.7583149999999961
0
LINE
8
BLACK
6
CONTINUOUS
10
146.8690929999999923
20
-62.7583149999999961
11
146.8690929999999923
21
-62.5916849999999982
0
LINE
8
BLACK
6
CONTINUOUS
10
146.8690929999999923
20
-62.5916849999999982
11
146.9016009999999994
21
-62.4282579999999996
0
LINE
8
BLACK
6
CONTINUOUS
10
146.9016009999999994
20
-62.4282579999999996
11
146.9653669999999863
21
-62.2743129999999994
0
LINE
8
BLACK
6
CONTINUOUS
10
146.9653669999999863
20
-62.2743129999999994
11
147.0579409999999996
21
-62.1357659999999967
0
LINE
8
BLACK
6
CONTINUOUS
10
147.0579409999999996
20
-62.1357659999999967
11
147.1757659999999817
21
-62.0179410000000004
0
LINE
8
BLACK
6
CONTINUOUS
10
147.1757659999999817
20
-62.0179410000000004
11
147.3143129999999985
21
-61.9253669999999943
0
LINE
8
BLACK
6
CONTINUOUS
10
147.3143129999999985
20
-61.9253669999999943
11
147.4682579999999916
21
-61.8616010000000003
0
LINE
8
BLACK
6
CONTINUOUS
10
147.4682579999999916
20
-61.8616010000000003
11
147.6316850000000045
21
-61.8290930000000003
0
LINE
8
BLACK
6
CONTINUOUS
10
147.6316850000000045
20
-61.8290930000000003
11
147.7983150000000023
21
-61.8290930000000003
0
LINE
8
BLACK
6
CONTINUOUS
10
147.7983150000000023
20
-61.8290930000000003
11
147.9617419999999868
21
-61.8616010000000003
0
LINE
8
BLACK
6
CONTINUOUS
10
150.5017420000000072
20
-61.8616010000000003
11
150.6556870000000004
21
-61.9253669999999943
0
LINE
8
BLACK
6
CONTINUOUS
10
150.6556870000000004
20
-61.9253669999999943
11
150.7942339999999888
21
-62.0179410000000004
0
LINE
8
BLACK
6
CONTINUOUS
10
150.7942339999999888
20
-62.0179410000000004
11
150.9120589999999993
21
-62.1357659999999967
0
LINE
8
BLACK
6
CONTINUOUS
10
150.9120589999999993
20
-62.1357659999999967
11
151.0046329999999841
21
-62.2743129999999994
0
LINE
8
BLACK
6
CONTINUOUS
10
151.0046329999999841
20
-62.2743129999999994
11
151.0683989999999994
21
-62.4282579999999996
0
LINE
8
BLACK
6
CONTINUOUS
10
151.0683989999999994
20
-62.4282579999999996
11
151.1009070000000065
21
-62.5916849999999982
0
LINE
8
BLACK
6
CONTINUOUS
10
151.1009070000000065
20
-62.5916849999999982
11
151.1009070000000065
21
-62.7583149999999961
0
LINE
8
BLACK
6
CONTINUOUS
10
151.1009070000000065
20
-62.7583149999999961
11
151.0683989999999994
21
-62.9217419999999947
0
LINE
8
BLACK
6
CONTINUOUS
10
151.0683989999999994
20
-62.9217419999999947
11
151.0046329999999841
21
-63.075686999999995
0
LINE
8
BLACK
6
CONTINUOUS
10
151.0046329999999841
20
-63.075686999999995
11
150.9120589999999993
21
-63.2142339999999976
0
LINE
8
BLACK
6
CONTINUOUS
10
150.9120589999999993
20
-63.2142339999999976
11
150.7942339999999888
21
-63.3320589999999939
0
LINE
8
BLACK
6
CONTINUOUS
10
150.7942339999999888
20
-63.3320589999999939
11
150.6556870000000004
21
-63.424633
0
LINE
8
BLACK
6
CONTINUOUS
10
150.6556870000000004
20
-63.424633
11
150.5017420000000072
21
-63.488398999999994
0
LINE
8
BLACK
6
CONTINUOUS
10
150.5017420000000072
20
-63.488398999999994
11
150.3383149999999944
21
-63.520906999999994
0
LINE
8
BLACK
6
CONTINUOUS
10
150.3383149999999944
20
-63.520906999999994
11
150.1716849999999965
21
-63.520906999999994
0
LINE
8
BLACK
6
CONTINUOUS
10
150.1716849999999965
20
-63.520906999999994
11
150.0082579999999837
21
-63.488398999999994
0
LINE
8
BLACK
6
CONTINUOUS
10
150.0082579999999837
20
-63.488398999999994
11
149.8543129999999906
21
-63.424633
0
LINE
8
BLACK
6
CONTINUOUS
10
149.8543129999999906
20
-63.424633
11
149.7157660000000021
21
-63.3320589999999939
0
LINE
8
BLACK
6
CONTINUOUS
10
149.7157660000000021
20
-63.3320589999999939
11
149.5979409999999916
21
-63.2142339999999976
0
LINE
8
BLACK
6
CONTINUOUS
10
149.5979409999999916
20
-63.2142339999999976
11
149.5053670000000068
21
-63.075686999999995
0
LINE
8
BLACK
6
CONTINUOUS
10
149.5053670000000068
20
-63.075686999999995
11
149.4416009999999915
21
-62.9217419999999947
0
LINE
8
BLACK
6
CONTINUOUS
10
149.4416009999999915
20
-62.9217419999999947
11
149.4090929999999844
21
-62.7583149999999961
0
LINE
8
BLACK
6
CONTINUOUS
10
149.4090929999999844
20
-62.7583149999999961
11
149.4090929999999844
21
-62.5916849999999982
0
LINE
8
BLACK
6
CONTINUOUS
10
149.4090929999999844
20
-62.5916849999999982
11
149.4416009999999915
21
-62.4282579999999996
0
LINE
8
BLACK
6
CONTINUOUS
10
149.4416009999999915
20
-62.4282579999999996
11
149.5053670000000068
21
-62.2743129999999994
0
LINE
8
BLACK
6
CONTINUOUS
10
149.5053670000000068
20
-62.2743129999999994
11
149.5979409999999916
21
-62.1357659999999967
0
LINE
8
BLACK
6
CONTINUOUS
10
149.5979409999999916
20
-62.1357659999999967
11
149.7157660000000021
21
-62.0179410000000004
0
LINE
8
BLACK
6
CONTINUOUS
10
149.7157660000000021
20
-62.0179410000000004
11
149.8543129999999906
21
-61.9253669999999943
0
LINE
8
BLACK
6
CONTINUOUS
10
149.8543129999999906
20
-61.9253669999999943
11
150.0082579999999837
21
-61.8616010000000003
0
LINE
8
BLACK
6
CONTINUOUS
10
150.0082579999999837
20
-61.8616010000000003
11
150.1716849999999965
21
-61.8290930000000003
0
LINE
8
BLACK
6
CONTINUOUS
10
150.1716849999999965
20
-61.8290930000000003
11
150.3383149999999944
21
-61.8290930000000003
0
LINE
8
BLACK
6
CONTINUOUS
10
150.3383149999999944
20
-61.8290930000000003
11
150.5017420000000072
21
-61.8616010000000003
0
LINE
8
BLACK
6
CONTINUOUS
10
153.0417419999999993
20
-61.8616010000000003
11
153.1956869999999924
21
-61.9253669999999943
0
LINE
8
BLACK
6
CONTINUOUS
10
153.1956869999999924
20
-61.9253669999999943
11
153.3342339999999808
21
-62.0179410000000004
0
LINE
8
BLACK
6
CONTINUOUS
10
153.3342339999999808
20
-62.0179410000000004
11
153.4520589999999913
21
-62.1357659999999967
0
LINE
8
BLACK
6
CONTINUOUS
10
153.4520589999999913
20
-62.1357659999999967
11
153.5446330000000046
21
-62.2743129999999994
0
LINE
8
BLACK
6
CONTINUOUS
10
153.5446330000000046
20
-62.2743129999999994
11
153.6083989999999915
21
-62.4282579999999996
0
LINE
8
BLACK
6
CONTINUOUS
10
153.6083989999999915
20
-62.4282579999999996
11
153.6409069999999986
21
-62.5916849999999982
0
LINE
8
BLACK
6
CONTINUOUS
10
153.6409069999999986
20
-62.5916849999999982
11
153.6409069999999986
21
-62.7583149999999961
0
LINE
8
BLACK
6
CONTINUOUS
10
153.6409069999999986
20
-62.7583149999999961
11
153.6083989999999915
21
-62.9217419999999947
0
LINE
8
BLACK
6
CONTINUOUS
10
153.6083989999999915
20
-62.9217419999999947
11
153.5446330000000046
21
-63.075686999999995
0
LINE
8
BLACK
6
CONTINUOUS
10
153.5446330000000046
20
-63.075686999999995
11
153.4520589999999913
21
-63.2142339999999976
0
LINE
8
BLACK
6
CONTINUOUS
10
153.4520589999999913
20
-63.2142339999999976
11
153.3342339999999808
21
-63.3320589999999939
0
LINE
8
BLACK
6
CONTINUOUS
10
153.3342339999999808
20
-63.3320589999999939
11
153.1956869999999924
21
-63.424633
0
LINE
8
BLACK
6
CONTINUOUS
10
153.1956869999999924
20
-63.424633
11
153.0417419999999993
21
-63.488398999999994
0
LINE
8
BLACK
6
CONTINUOUS
10
153.0417419999999993
20
-63.488398999999994
11
152.8783149999999864
21
-63.520906999999994
0
LINE
8
BLACK
6
CONTINUOUS
10
152.8783149999999864
20
-63.520906999999994
11
152.7116849999999886
21
-63.520906999999994
0
LINE
8
BLACK
6
CONTINUOUS
10
152.7116849999999886
20
-63.520906999999994
11
152.5482580000000041
21
-63.488398999999994
0
LINE
8
BLACK
6
CONTINUOUS
10
152.5482580000000041
20
-63.488398999999994
11
152.3943129999999826
21
-63.424633
0
LINE
8
BLACK
6
CONTINUOUS
10
152.3943129999999826
20
-63.424633
11
152.2557659999999942
21
-63.3320589999999939
0
LINE
8
BLACK
6
CONTINUOUS
10
152.2557659999999942
20
-63.3320589999999939
11
152.1379409999999837
21
-63.2142339999999976
0
LINE
8
BLACK
6
CONTINUOUS
10
152.1379409999999837
20
-63.2142339999999976
11
152.0453669999999988
21
-63.075686999999995
0
LINE
8
BLACK
6
CONTINUOUS
10
152.0453669999999988
20
-63.075686999999995
11
151.9816009999999835
21
-62.9217419999999947
0
LINE
8
BLACK
6
CONTINUOUS
10
151.9816009999999835
20
-62.9217419999999947
11
151.9490930000000048
21
-62.7583149999999961
0
LINE
8
BLACK
6
CONTINUOUS
10
151.9490930000000048
20
-62.7583149999999961
11
151.9490930000000048
21
-62.5916849999999982
0
LINE
8
BLACK
6
CONTINUOUS
10
151.9490930000000048
20
-62.5916849999999982
11
151.9816009999999835
21
-62.4282579999999996
0
LINE
8
BLACK
6
CONTINUOUS
10
151.9816009999999835
20
-62.4282579999999996
11
152.0453669999999988
21
-62.2743129999999994
0
LINE
8
BLACK
6
CONTINUOUS
10
152.0453669999999988
20
-62.2743129999999994
11
152.1379409999999837
21
-62.1357659999999967
0
LINE
8
BLACK
6
CONTINUOUS
10
152.1379409999999837
20
-62.1357659999999967
11
152.2557659999999942
21
-62.0179410000000004
0
LINE
8
BLACK
6
CONTINUOUS
10
152.2557659999999942
20
-62.0179410000000004
11
152.3943129999999826
21
-61.9253669999999943
0
LINE
8
BLACK
6
CONTINUOUS
10
152.3943129999999826
20
-61.9253669999999943
11
152.5482580000000041
21
-61.8616010000000003
0
LINE
8
BLACK
6
CONTINUOUS
10
152.5482580000000041
20
-61.8616010000000003
11
152.7116849999999886
21
-61.8290930000000003
0
LINE
8
BLACK
6
CONTINUOUS
10
152.7116849999999886
20
-61.8290930000000003
11
152.8783149999999864
21
-61.8290930000000003
0
LINE
8
BLACK
6
CONTINUOUS
10
152.8783149999999864
20
-61.8290930000000003
11
153.0417419999999993
21
-61.8616010000000003
0
LINE
8
BLACK
6
CONTINUOUS
10
155.5817419999999913
20
-61.8616010000000003
11
155.7356869999999844
21
-61.9253669999999943
0
LINE
8
BLACK
6
CONTINUOUS
10
155.7356869999999844
20
-61.9253669999999943
11
155.8742340000000013
21
-62.0179410000000004
0
LINE
8
BLACK
6
CONTINUOUS
10
155.8742340000000013
20
-62.0179410000000004
11
155.9920589999999834
21
-62.1357659999999967
0
LINE
8
BLACK
6
CONTINUOUS
10
155.9920589999999834
20
-62.1357659999999967
11
156.0846329999999966
21
-62.2743129999999994
0
LINE
8
BLACK
6
CONTINUOUS
10
156.0846329999999966
20
-62.2743129999999994
11
156.1483989999999835
21
-62.4282579999999996
0
LINE
8
BLACK
6
CONTINUOUS
10
156.1483989999999835
20
-62.4282579999999996
11
156.1809069999999906
21
-62.5916849999999982
0
LINE
8
BLACK
6
CONTINUOUS
10
156.1809069999999906
20
-62.5916849999999982
11
156.1809069999999906
21
-62.7583149999999961
0
LINE
8
BLACK
6
CONTINUOUS
10
156.1809069999999906
20
-62.7583149999999961
11
156.1483989999999835
21
-62.9217419999999947
0
LINE
8
BLACK
6
CONTINUOUS
10
156.1483989999999835
20
-62.9217419999999947
11
156.0846329999999966
21
-63.075686999999995
0
LINE
8
BLACK
6
CONTINUOUS
10
156.0846329999999966
20
-63.075686999999995
11
155.9920589999999834
21
-63.2142339999999976
0
LINE
8
BLACK
6
CONTINUOUS
10
155.9920589999999834
20
-63.2142339999999976
11
155.8742340000000013
21
-63.3320589999999939
0
LINE
8
BLACK
6
CONTINUOUS
10
155.8742340000000013
20
-63.3320589999999939
11
155.7356869999999844
21
-63.424633
0
LINE
8
BLACK
6
CONTINUOUS
10
155.7356869999999844
20
-63.424633
11
155.5817419999999913
21
-63.488398999999994
0
LINE
8
BLACK
6
CONTINUOUS
10
155.5817419999999913
20
-63.488398999999994
11
155.4183150000000069
21
-63.520906999999994
0
LINE
8
BLACK
6
CONTINUOUS
10
155.4183150000000069
20
-63.520906999999994
11
155.2516849999999806
21
-63.520906999999994
0
LINE
8
BLACK
6
CONTINUOUS
10
155.2516849999999806
20
-63.520906999999994
11
155.0882579999999962
21
-63.488398999999994
0
LINE
8
BLACK
6
CONTINUOUS
10
155.0882579999999962
20
-63.488398999999994
11
154.9343130000000031
21
-63.424633
0
LINE
8
BLACK
6
CONTINUOUS
10
154.9343130000000031
20
-63.424633
11
154.7957659999999862
21
-63.3320589999999939
0
LINE
8
BLACK
6
CONTINUOUS
10
154.7957659999999862
20
-63.3320589999999939
11
154.6779410000000041
21
-63.2142339999999976
0
LINE
8
BLACK
6
CONTINUOUS
10
154.6779410000000041
20
-63.2142339999999976
11
154.5853669999999909
21
-63.075686999999995
0
LINE
8
BLACK
6
CONTINUOUS
10
154.5853669999999909
20
-63.075686999999995
11
154.521601000000004
21
-62.9217419999999947
0
LINE
8
BLACK
6
CONTINUOUS
10
154.521601000000004
20
-62.9217419999999947
11
154.4890929999999969
21
-62.7583149999999961
0
LINE
8
BLACK
6
CONTINUOUS
10
154.4890929999999969
20
-62.7583149999999961
11
154.4890929999999969
21
-62.5916849999999982
0
LINE
8
BLACK
6
CONTINUOUS
10
154.4890929999999969
20
-62.5916849999999982
11
154.521601000000004
21
-62.4282579999999996
0
LINE
8
BLACK
6
CONTINUOUS
10
154.521601000000004
20
-62.4282579999999996
11
154.5853669999999909
21
-62.2743129999999994
0
LINE
8
BLACK
6
CONTINUOUS
10
154.5853669999999909
20
-62.2743129999999994
11
154.6779410000000041
21
-62.1357659999999967
0
LINE
8
BLACK
6
CONTINUOUS
10
154.6779410000000041
20
-62.1357659999999967
11
154.7957659999999862
21
-62.0179410000000004
0
LINE
8
BLACK
6
CONTINUOUS
10
154.7957659999999862
20
-62.0179410000000004
11
154.9343130000000031
21
-61.9253669999999943
0
LINE
8
BLACK
6
CONTINUOUS
10
154.9343130000000031
20
-61.9253669999999943
11
155.0882579999999962
21
-61.8616010000000003
0
LINE
8
BLACK
6
CONTINUOUS
10
155.0882579999999962
20
-61.8616010000000003
11
155.2516849999999806
21
-61.8290930000000003
0
LINE
8
BLACK
6
CONTINUOUS
10
155.2516849999999806
20
-61.8290930000000003
11
155.4183150000000069
21
-61.8290930000000003
0
LINE
8
BLACK
6
CONTINUOUS
10
155.4183150000000069
20
-61.8290930000000003
11
155.5817419999999913
21
-61.8616010000000003
0
LINE
8
BLACK
6
CONTINUOUS
10
158.1217419999999834
20
-61.8616010000000003
11
158.2756870000000049
21
-61.9253669999999943
0
LINE
8
BLACK
6
CONTINUOUS
10
158.2756870000000049
20
-61.9253669999999943
11
158.4142339999999933
21
-62.0179410000000004
0
LINE
8
BLACK
6
CONTINUOUS
10
158.4142339999999933
20
-62.0179410000000004
11
158.5320590000000038
21
-62.1357659999999967
0
LINE
8
BLACK
6
CONTINUOUS
10
158.5320590000000038
20
-62.1357659999999967
11
158.6246329999999887
21
-62.2743129999999994
0
LINE
8
BLACK
6
CONTINUOUS
10
158.6246329999999887
20
-62.2743129999999994
11
158.688399000000004
21
-62.4282579999999996
0
LINE
8
BLACK
6
CONTINUOUS
10
158.688399000000004
20
-62.4282579999999996
11
158.7209069999999826
21
-62.5916849999999982
0
LINE
8
BLACK
6
CONTINUOUS
10
158.7209069999999826
20
-62.5916849999999982
11
158.7209069999999826
21
-62.7583149999999961
0
LINE
8
BLACK
6
CONTINUOUS
10
158.7209069999999826
20
-62.7583149999999961
11
158.688399000000004
21
-62.9217419999999947
0
LINE
8
BLACK
6
CONTINUOUS
10
158.688399000000004
20
-62.9217419999999947
11
158.6246329999999887
21
-63.075686999999995
0
LINE
8
BLACK
6
CONTINUOUS
10
158.6246329999999887
20
-63.075686999999995
11
158.5320590000000038
21
-63.2142339999999976
0
LINE
8
BLACK
6
CONTINUOUS
10
158.5320590000000038
20
-63.2142339999999976
11
158.4142339999999933
21
-63.3320589999999939
0
LINE
8
BLACK
6
CONTINUOUS
10
158.4142339999999933
20
-63.3320589999999939
11
158.2756870000000049
21
-63.424633
0
LINE
8
BLACK
6
CONTINUOUS
10
158.2756870000000049
20
-63.424633
11
158.1217419999999834
21
-63.488398999999994
0
LINE
8
BLACK
6
CONTINUOUS
10
158.1217419999999834
20
-63.488398999999994
11
157.9583149999999989
21
-63.520906999999994
0
LINE
8
BLACK
6
CONTINUOUS
10
157.9583149999999989
20
-63.520906999999994
11
157.7916850000000011
21
-63.520906999999994
0
LINE
8
BLACK
6
CONTINUOUS
10
157.7916850000000011
20
-63.520906999999994
11
157.6282579999999882
21
-63.488398999999994
0
LINE
8
BLACK
6
CONTINUOUS
10
157.6282579999999882
20
-63.488398999999994
11
157.4743129999999951
21
-63.424633
0
LINE
8
BLACK
6
CONTINUOUS
10
157.4743129999999951
20
-63.424633
11
157.3357660000000067
21
-63.3320589999999939
0
LINE
8
BLACK
6
CONTINUOUS
10
157.3357660000000067
20
-63.3320589999999939
11
157.2179409999999962
21
-63.2142339999999976
0
LINE
8
BLACK
6
CONTINUOUS
10
157.2179409999999962
20
-63.2142339999999976
11
157.1253669999999829
21
-63.075686999999995
0
LINE
8
BLACK
6
CONTINUOUS
10
157.1253669999999829
20
-63.075686999999995
11
157.061600999999996
21
-62.9217419999999947
0
LINE
8
BLACK
6
CONTINUOUS
10
157.061600999999996
20
-62.9217419999999947
11
157.0290929999999889
21
-62.7583149999999961
0
LINE
8
BLACK
6
CONTINUOUS
10
157.0290929999999889
20
-62.7583149999999961
11
157.0290929999999889
21
-62.5916849999999982
0
LINE
8
BLACK
6
CONTINUOUS
10
157.0290929999999889
20
-62.5916849999999982
11
157.061600999999996
21
-62.4282579999999996
0
LINE
8
BLACK
6
CONTINUOUS
10
157.061600999999996
20
-62.4282579999999996
11
157.1253669999999829
21
-62.2743129999999994
0
LINE
8
BLACK
6
CONTINUOUS
10
157.1253669999999829
20
-62.2743129999999994
11
157.2179409999999962
21
-62.1357659999999967
0
LINE
8
BLACK
6
CONTINUOUS
10
157.2179409999999962
20
-62.1357659999999967
11
157.3357660000000067
21
-62.0179410000000004
0
LINE
8
BLACK
6
CONTINUOUS
10
157.3357660000000067
20
-62.0179410000000004
11
157.4743129999999951
21
-61.9253669999999943
0
LINE
8
BLACK
6
CONTINUOUS
10
157.4743129999999951
20
-61.9253669999999943
11
157.6282579999999882
21
-61.8616010000000003
0
LINE
8
BLACK
6
CONTINUOUS
10
157.6282579999999882
20
-61.8616010000000003
11
157.7916850000000011
21
-61.8290930000000003
0
LINE
8
BLACK
6
CONTINUOUS
10
157.7916850000000011
20
-61.8290930000000003
11
157.9583149999999989
21
-61.8290930000000003
0
LINE
8
BLACK
6
CONTINUOUS
10
157.9583149999999989
20
-61.8290930000000003
11
158.1217419999999834
21
-61.8616010000000003
0
LINE
8
BLACK
6
CONTINUOUS
10
160.6617420000000038
20
-61.8616010000000003
11
160.8156869999999969
21
-61.9253669999999943
0
LINE
8
BLACK
6
CONTINUOUS
10
160.8156869999999969
20
-61.9253669999999943
11
160.9542339999999854
21
-62.0179410000000004
0
LINE
8
BLACK
6
CONTINUOUS
10
160.9542339999999854
20
-62.0179410000000004
11
161.0720589999999959
21
-62.1357659999999967
0
LINE
8
BLACK
6
CONTINUOUS
10
161.0720589999999959
20
-62.1357659999999967
11
161.1646329999999807
21
-62.2743129999999994
0
LINE
8
BLACK
6
CONTINUOUS
10
161.1646329999999807
20
-62.2743129999999994
11
161.228398999999996
21
-62.4282579999999996
0
LINE
8
BLACK
6
CONTINUOUS
10
161.228398999999996
20
-62.4282579999999996
11
161.2609070000000031
21
-62.5916849999999982
0
LINE
8
BLACK
6
CONTINUOUS
10
161.2609070000000031
20
-62.5916849999999982
11
161.2609070000000031
21
-62.7583149999999961
0
LINE
8
BLACK
6
CONTINUOUS
10
161.2609070000000031
20
-62.7583149999999961
11
161.228398999999996
21
-62.9217419999999947
0
LINE
8
BLACK
6
CONTINUOUS
10
161.228398999999996
20
-62.9217419999999947
11
161.1646329999999807
21
-63.075686999999995
0
LINE
8
BLACK
6
CONTINUOUS
10
161.1646329999999807
20
-63.075686999999995
11
161.0720589999999959
21
-63.2142339999999976
0
LINE
8
BLACK
6
CONTINUOUS
10
161.0720589999999959
20
-63.2142339999999976
11
160.9542339999999854
21
-63.3320589999999939
0
LINE
8
BLACK
6
CONTINUOUS
10
160.9542339999999854
20
-63.3320589999999939
11
160.8156869999999969
21
-63.424633
0
LINE
8
BLACK
6
CONTINUOUS
10
160.8156869999999969
20
-63.424633
11
160.6617420000000038
21
-63.488398999999994
0
LINE
8
BLACK
6
CONTINUOUS
10
160.6617420000000038
20
-63.488398999999994
11
160.498314999999991
21
-63.520906999999994
0
LINE
8
BLACK
6
CONTINUOUS
10
160.498314999999991
20
-63.520906999999994
11
160.3316849999999931
21
-63.520906999999994
0
LINE
8
BLACK
6
CONTINUOUS
10
160.3316849999999931
20
-63.520906999999994
11
160.1682579999999803
21
-63.488398999999994
0
LINE
8
BLACK
6
CONTINUOUS
10
160.1682579999999803
20
-63.488398999999994
11
160.0143129999999871
21
-63.424633
0
LINE
8
BLACK
6
CONTINUOUS
10
160.0143129999999871
20
-63.424633
11
159.8757659999999987
21
-63.3320589999999939
0
LINE
8
BLACK
6
CONTINUOUS
10
159.8757659999999987
20
-63.3320589999999939
11
159.7579409999999882
21
-63.2142339999999976
0
LINE
8
BLACK
6
CONTINUOUS
10
159.7579409999999882
20
-63.2142339999999976
11
159.6653670000000034
21
-63.075686999999995
0
LINE
8
BLACK
6
CONTINUOUS
10
159.6653670000000034
20
-63.075686999999995
11
159.6016009999999881
21
-62.9217419999999947
0
LINE
8
BLACK
6
CONTINUOUS
10
159.6016009999999881
20
-62.9217419999999947
11
159.569092999999981
21
-62.7583149999999961
0
LINE
8
BLACK
6
CONTINUOUS
10
159.569092999999981
20
-62.7583149999999961
11
159.569092999999981
21
-62.5916849999999982
0
LINE
8
BLACK
6
CONTINUOUS
10
159.569092999999981
20
-62.5916849999999982
11
159.6016009999999881
21
-62.4282579999999996
0
LINE
8
BLACK
6
CONTINUOUS
10
159.6016009999999881
20
-62.4282579999999996
11
159.6653670000000034
21
-62.2743129999999994
0
LINE
8
BLACK
6
CONTINUOUS
10
159.6653670000000034
20
-62.2743129999999994
11
159.7579409999999882
21
-62.1357659999999967
0
LINE
8
BLACK
6
CONTINUOUS
10
159.7579409999999882
20
-62.1357659999999967
11
159.8757659999999987
21
-62.0179410000000004
0
LINE
8
BLACK
6
CONTINUOUS
10
159.8757659999999987
20
-62.0179410000000004
11
160.0143129999999871
21
-61.9253669999999943
0
LINE
8
BLACK
6
CONTINUOUS
10
160.0143129999999871
20
-61.9253669999999943
11
160.1682579999999803
21
-61.8616010000000003
0
LINE
8
BLACK
6
CONTINUOUS
10
160.1682579999999803
20
-61.8616010000000003
11
160.3316849999999931
21
-61.8290930000000003
0
LINE
8
BLACK
6
CONTINUOUS
10
160.3316849999999931
20
-61.8290930000000003
11
160.498314999999991
21
-61.8290930000000003
0
LINE
8
BLACK
6
CONTINUOUS
10
160.498314999999991
20
-61.8290930000000003
11
160.6617420000000038
21
-61.8616010000000003
0
LINE
8
BLACK
6
CONTINUOUS
10
163.2017419999999959
20
-61.8616010000000003
11
163.355686999999989
21
-61.9253669999999943
0
LINE
8
BLACK
6
CONTINUOUS
10
163.355686999999989
20
-61.9253669999999943
11
163.4942340000000058
21
-62.0179410000000004
0
LINE
8
BLACK
6
CONTINUOUS
10
163.4942340000000058
20
-62.0179410000000004
11
163.6120589999999879
21
-62.1357659999999967
0
LINE
8
BLACK
6
CONTINUOUS
10
163.6120589999999879
20
-62.1357659999999967
11
163.7046330000000012
21
-62.2743129999999994
0
LINE
8
BLACK
6
CONTINUOUS
10
163.7046330000000012
20
-62.2743129999999994
11
163.7683989999999881
21
-62.4282579999999996
0
LINE
8
BLACK
6
CONTINUOUS
10
163.7683989999999881
20
-62.4282579999999996
11
163.8009069999999952
21
-62.5916849999999982
0
LINE
8
BLACK
6
CONTINUOUS
10
163.8009069999999952
20
-62.5916849999999982
11
163.8009069999999952
21
-62.7583149999999961
0
LINE
8
BLACK
6
CONTINUOUS
10
163.8009069999999952
20
-62.7583149999999961
11
163.7683989999999881
21
-62.9217419999999947
0
LINE
8
BLACK
6
CONTINUOUS
10
163.7683989999999881
20
-62.9217419999999947
11
163.7046330000000012
21
-63.075686999999995
0
LINE
8
BLACK
6
CONTINUOUS
10
163.7046330000000012
20
-63.075686999999995
11
163.6120589999999879
21
-63.2142339999999976
0
LINE
8
BLACK
6
CONTINUOUS
10
163.6120589999999879
20
-63.2142339999999976
11
163.4942340000000058
21
-63.3320589999999939
0
LINE
8
BLACK
6
CONTINUOUS
10
163.4942340000000058
20
-63.3320589999999939
11
163.355686999999989
21
-63.424633
0
LINE
8
BLACK
6
CONTINUOUS
10
163.355686999999989
20
-63.424633
11
163.2017419999999959
21
-63.488398999999994
0
LINE
8
BLACK
6
CONTINUOUS
10
163.2017419999999959
20
-63.488398999999994
11
163.038314999999983
21
-63.520906999999994
0
LINE
8
BLACK
6
CONTINUOUS
10
163.038314999999983
20
-63.520906999999994
11
162.8716849999999852
21
-63.520906999999994
0
LINE
8
BLACK
6
CONTINUOUS
10
162.8716849999999852
20
-63.520906999999994
11
162.7082580000000007
21
-63.488398999999994
0
LINE
8
BLACK
6
CONTINUOUS
10
162.7082580000000007
20
-63.488398999999994
11
162.5543129999999792
21
-63.424633
0
LINE
8
BLACK
6
CONTINUOUS
10
162.5543129999999792
20
-63.424633
11
162.4157659999999908
21
-63.3320589999999939
0
LINE
8
BLACK
6
CONTINUOUS
10
162.4157659999999908
20
-63.3320589999999939
11
162.2979409999999802
21
-63.2142339999999976
0
LINE
8
BLACK
6
CONTINUOUS
10
162.2979409999999802
20
-63.2142339999999976
11
162.2053669999999954
21
-63.075686999999995
0
LINE
8
BLACK
6
CONTINUOUS
10
162.2053669999999954
20
-63.075686999999995
11
162.1416009999999801
21
-62.9217419999999947
0
LINE
8
BLACK
6
CONTINUOUS
10
162.1416009999999801
20
-62.9217419999999947
11
162.1090930000000014
21
-62.7583149999999961
0
LINE
8
BLACK
6
CONTINUOUS
10
162.1090930000000014
20
-62.7583149999999961
11
162.1090930000000014
21
-62.5916849999999982
0
LINE
8
BLACK
6
CONTINUOUS
10
162.1090930000000014
20
-62.5916849999999982
11
162.1416009999999801
21
-62.4282579999999996
0
LINE
8
BLACK
6
CONTINUOUS
10
162.1416009999999801
20
-62.4282579999999996
11
162.2053669999999954
21
-62.2743129999999994
0
LINE
8
BLACK
6
CONTINUOUS
10
162.2053669999999954
20
-62.2743129999999994
11
162.2979409999999802
21
-62.1357659999999967
0
LINE
8
BLACK
6
CONTINUOUS
10
162.2979409999999802
20
-62.1357659999999967
11
162.4157659999999908
21
-62.0179410000000004
0
LINE
8
BLACK
6
CONTINUOUS
10
162.4157659999999908
20
-62.0179410000000004
11
162.5543129999999792
21
-61.9253669999999943
0
LINE
8
BLACK
6
CONTINUOUS
10
162.5543129999999792
20
-61.9253669999999943
11
162.7082580000000007
21
-61.8616010000000003
0
LINE
8
BLACK
6
CONTINUOUS
10
162.7082580000000007
20
-61.8616010000000003
11
162.8716849999999852
21
-61.8290930000000003
0
LINE
8
BLACK
6
CONTINUOUS
10
162.8716849999999852
20
-61.8290930000000003
11
163.038314999999983
21
-61.8290930000000003
0
LINE
8
BLACK
6
CONTINUOUS
10
163.038314999999983
20
-61.8290930000000003
11
163.2017419999999959
21
-61.8616010000000003
0
LINE
8
BLACK
6
CONTINUOUS
10
165.7417419999999879
20
-61.8616010000000003
11
165.895686999999981
21
-61.9253669999999943
0
LINE
8
BLACK
6
CONTINUOUS
10
165.895686999999981
20
-61.9253669999999943
11
166.0342339999999979
21
-62.0179410000000004
0
LINE
8
BLACK
6
CONTINUOUS
10
166.0342339999999979
20
-62.0179410000000004
11
166.15205899999998
21
-62.1357659999999967
0
LINE
8
BLACK
6
CONTINUOUS
10
166.15205899999998
20
-62.1357659999999967
11
166.2446329999999932
21
-62.2743129999999994
0
LINE
8
BLACK
6
CONTINUOUS
10
166.2446329999999932
20
-62.2743129999999994
11
166.3083989999999801
21
-62.4282579999999996
0
LINE
8
BLACK
6
CONTINUOUS
10
166.3083989999999801
20
-62.4282579999999996
11
166.3409069999999872
21
-62.5916849999999982
0
LINE
8
BLACK
6
CONTINUOUS
10
166.3409069999999872
20
-62.5916849999999982
11
166.3409069999999872
21
-62.7583149999999961
0
LINE
8
BLACK
6
CONTINUOUS
10
166.3409069999999872
20
-62.7583149999999961
11
166.3083989999999801
21
-62.9217419999999947
0
LINE
8
BLACK
6
CONTINUOUS
10
166.3083989999999801
20
-62.9217419999999947
11
166.2446329999999932
21
-63.075686999999995
0
LINE
8
BLACK
6
CONTINUOUS
10
166.2446329999999932
20
-63.075686999999995
11
166.15205899999998
21
-63.2142339999999976
0
LINE
8
BLACK
6
CONTINUOUS
10
166.15205899999998
20
-63.2142339999999976
11
166.0342339999999979
21
-63.3320589999999939
0
LINE
8
BLACK
6
CONTINUOUS
10
166.0342339999999979
20
-63.3320589999999939
11
165.895686999999981
21
-63.424633
0
LINE
8
BLACK
6
CONTINUOUS
10
165.895686999999981
20
-63.424633
11
165.7417419999999879
21
-63.488398999999994
0
LINE
8
BLACK
6
CONTINUOUS
10
165.7417419999999879
20
-63.488398999999994
11
165.5783150000000035
21
-63.520906999999994
0
LINE
8
BLACK
6
CONTINUOUS
10
165.5783150000000035
20
-63.520906999999994
11
165.4116850000000056
21
-63.520906999999994
0
LINE
8
BLACK
6
CONTINUOUS
10
165.4116850000000056
20
-63.520906999999994
11
165.2482579999999928
21
-63.488398999999994
0
LINE
8
BLACK
6
CONTINUOUS
10
165.2482579999999928
20
-63.488398999999994
11
165.0943129999999996
21
-63.424633
0
LINE
8
BLACK
6
CONTINUOUS
10
165.0943129999999996
20
-63.424633
11
164.9557659999999828
21
-63.3320589999999939
0
LINE
8
BLACK
6
CONTINUOUS
10
164.9557659999999828
20
-63.3320589999999939
11
164.8379410000000007
21
-63.2142339999999976
0
LINE
8
BLACK
6
CONTINUOUS
10
164.8379410000000007
20
-63.2142339999999976
11
164.7453669999999875
21
-63.075686999999995
0
LINE
8
BLACK
6
CONTINUOUS
10
164.7453669999999875
20
-63.075686999999995
11
164.6816010000000006
21
-62.9217419999999947
0
LINE
8
BLACK
6
CONTINUOUS
10
164.6816010000000006
20
-62.9217419999999947
11
164.6490929999999935
21
-62.7583149999999961
0
LINE
8
BLACK
6
CONTINUOUS
10
164.6490929999999935
20
-62.7583149999999961
11
164.6490929999999935
21
-62.5916849999999982
0
LINE
8
BLACK
6
CONTINUOUS
10
164.6490929999999935
20
-62.5916849999999982
11
164.6816010000000006
21
-62.4282579999999996
0
LINE
8
BLACK
6
CONTINUOUS
10
164.6816010000000006
20
-62.4282579999999996
11
164.7453669999999875
21
-62.2743129999999994
0
LINE
8
BLACK
6
CONTINUOUS
10
164.7453669999999875
20
-62.2743129999999994
11
164.8379410000000007
21
-62.1357659999999967
0
LINE
8
BLACK
6
CONTINUOUS
10
164.8379410000000007
20
-62.1357659999999967
11
164.9557659999999828
21
-62.0179410000000004
0
LINE
8
BLACK
6
CONTINUOUS
10
164.9557659999999828
20
-62.0179410000000004
11
165.0943129999999996
21
-61.9253669999999943
0
LINE
8
BLACK
6
CONTINUOUS
10
165.0943129999999996
20
-61.9253669999999943
11
165.2482579999999928
21
-61.8616010000000003
0
LINE
8
BLACK
6
CONTINUOUS
10
165.2482579999999928
20
-61.8616010000000003
11
165.4116850000000056
21
-61.8290930000000003
0
LINE
8
BLACK
6
CONTINUOUS
10
165.4116850000000056
20
-61.8290930000000003
11
165.5783150000000035
21
-61.8290930000000003
0
LINE
8
BLACK
6
CONTINUOUS
10
165.5783150000000035
20
-61.8290930000000003
11
165.7417419999999879
21
-61.8616010000000003
0
LINE
8
BLACK
6
CONTINUOUS
10
168.28174199999998
20
-61.8616010000000003
11
168.4356870000000015
21
-61.9253669999999943
0
LINE
8
BLACK
6
CONTINUOUS
10
168.4356870000000015
20
-61.9253669999999943
11
168.5742339999999899
21
-62.0179410000000004
0
LINE
8
BLACK
6
CONTINUOUS
10
168.5742339999999899
20
-62.0179410000000004
11
168.6920590000000004
21
-62.1357659999999967
0
LINE
8
BLACK
6
CONTINUOUS
10
168.6920590000000004
20
-62.1357659999999967
11
168.7846329999999853
21
-62.2743129999999994
0
LINE
8
BLACK
6
CONTINUOUS
10
168.7846329999999853
20
-62.2743129999999994
11
168.8483990000000006
21
-62.4282579999999996
0
LINE
8
BLACK
6
CONTINUOUS
10
168.8483990000000006
20
-62.4282579999999996
11
168.8809069999999792
21
-62.5916849999999982
0
LINE
8
BLACK
6
CONTINUOUS
10
168.8809069999999792
20
-62.5916849999999982
11
168.8809069999999792
21
-62.7583149999999961
0
LINE
8
BLACK
6
CONTINUOUS
10
168.8809069999999792
20
-62.7583149999999961
11
168.8483990000000006
21
-62.9217419999999947
0
LINE
8
BLACK
6
CONTINUOUS
10
168.8483990000000006
20
-62.9217419999999947
11
168.7846329999999853
21
-63.075686999999995
0
LINE
8
BLACK
6
CONTINUOUS
10
168.7846329999999853
20
-63.075686999999995
11
168.6920590000000004
21
-63.2142339999999976
0
LINE
8
BLACK
6
CONTINUOUS
10
168.6920590000000004
20
-63.2142339999999976
11
168.5742339999999899
21
-63.3320589999999939
0
LINE
8
BLACK
6
CONTINUOUS
10
168.5742339999999899
20
-63.3320589999999939
11
168.4356870000000015
21
-63.424633
0
LINE
8
BLACK
6
CONTINUOUS
10
168.4356870000000015
20
-63.424633
11
168.28174199999998
21
-63.488398999999994
0
LINE
8
BLACK
6
CONTINUOUS
10
168.28174199999998
20
-63.488398999999994
11
168.1183149999999955
21
-63.520906999999994
0
LINE
8
BLACK
6
CONTINUOUS
10
168.1183149999999955
20
-63.520906999999994
11
167.9516849999999977
21
-63.520906999999994
0
LINE
8
BLACK
6
CONTINUOUS
10
167.9516849999999977
20
-63.520906999999994
11
167.7882579999999848
21
-63.488398999999994
0
LINE
8
BLACK
6
CONTINUOUS
10
167.7882579999999848
20
-63.488398999999994
11
167.6343129999999917
21
-63.424633
0
LINE
8
BLACK
6
CONTINUOUS
10
167.6343129999999917
20
-63.424633
11
167.4957660000000033
21
-63.3320589999999939
0
LINE
8
BLACK
6
CONTINUOUS
10
167.4957660000000033
20
-63.3320589999999939
11
167.3779409999999928
21
-63.2142339999999976
0
LINE
8
BLACK
6
CONTINUOUS
10
167.3779409999999928
20
-63.2142339999999976
11
167.2853669999999795
21
-63.075686999999995
0
LINE
8
BLACK
6
CONTINUOUS
10
167.2853669999999795
20
-63.075686999999995
11
167.2216009999999926
21
-62.9217419999999947
0
LINE
8
BLACK
6
CONTINUOUS
10
167.2216009999999926
20
-62.9217419999999947
11
167.1890929999999855
21
-62.7583149999999961
0
LINE
8
BLACK
6
CONTINUOUS
10
167.1890929999999855
20
-62.7583149999999961
11
167.1890929999999855
21
-62.5916849999999982
0
LINE
8
BLACK
6
CONTINUOUS
10
167.1890929999999855
20
-62.5916849999999982
11
167.2216009999999926
21
-62.4282579999999996
0
LINE
8
BLACK
6
CONTINUOUS
10
167.2216009999999926
20
-62.4282579999999996
11
167.2853669999999795
21
-62.2743129999999994
0
LINE
8
BLACK
6
CONTINUOUS
10
167.2853669999999795
20
-62.2743129999999994
11
167.3779409999999928
21
-62.1357659999999967
0
LINE
8
BLACK
6
CONTINUOUS
10
167.3779409999999928
20
-62.1357659999999967
11
167.4957660000000033
21
-62.0179410000000004
0
LINE
8
BLACK
6
CONTINUOUS
10
167.4957660000000033
20
-62.0179410000000004
11
167.6343129999999917
21
-61.9253669999999943
0
LINE
8
BLACK
6
CONTINUOUS
10
167.6343129999999917
20
-61.9253669999999943
11
167.7882579999999848
21
-61.8616010000000003
0
LINE
8
BLACK
6
CONTINUOUS
10
167.7882579999999848
20
-61.8616010000000003
11
167.9516849999999977
21
-61.8290930000000003
0
LINE
8
BLACK
6
CONTINUOUS
10
167.9516849999999977
20
-61.8290930000000003
11
168.1183149999999955
21
-61.8290930000000003
0
LINE
8
BLACK
6
CONTINUOUS
10
168.1183149999999955
20
-61.8290930000000003
11
168.28174199999998
21
-61.8616010000000003
0
LINE
8
BLACK
6
CONTINUOUS
10
145.4217419999999947
20
-59.321600999999994
11
145.5756869999999878
21
-59.3853669999999951
0
LINE
8
BLACK
6
CONTINUOUS
10
145.5756869999999878
20
-59.3853669999999951
11
145.7142340000000047
21
-59.4779409999999942
0
LINE
8
BLACK
6
CONTINUOUS
10
145.7142340000000047
20
-59.4779409999999942
11
145.8320589999999868
21
-59.5957659999999976
0
LINE
8
BLACK
6
CONTINUOUS
10
145.8320589999999868
20
-59.5957659999999976
11
145.924633
21
-59.7343130000000002
0
LINE
8
BLACK
6
CONTINUOUS
10
145.924633
20
-59.7343130000000002
11
145.9883989999999869
21
-59.8882580000000004
0
LINE
8
BLACK
6
CONTINUOUS
10
145.9883989999999869
20
-59.8882580000000004
11
146.020906999999994
21
-60.0516849999999991
0
LINE
8
BLACK
6
CONTINUOUS
10
146.020906999999994
20
-60.0516849999999991
11
146.020906999999994
21
-60.2183149999999969
0
LINE
8
BLACK
6
CONTINUOUS
10
146.020906999999994
20
-60.2183149999999969
11
145.9883989999999869
21
-60.3817419999999956
0
LINE
8
BLACK
6
CONTINUOUS
10
145.9883989999999869
20
-60.3817419999999956
11
145.924633
21
-60.5356869999999958
0
LINE
8
BLACK
6
CONTINUOUS
10
145.924633
20
-60.5356869999999958
11
145.8320589999999868
21
-60.6742339999999984
0
LINE
8
BLACK
6
CONTINUOUS
10
145.8320589999999868
20
-60.6742339999999984
11
145.7142340000000047
21
-60.7920589999999947
0
LINE
8
BLACK
6
CONTINUOUS
10
145.7142340000000047
20
-60.7920589999999947
11
145.5756869999999878
21
-60.8846329999999938
0
LINE
8
BLACK
6
CONTINUOUS
10
145.5756869999999878
20
-60.8846329999999938
11
145.4217419999999947
21
-60.9483989999999949
0
LINE
8
BLACK
6
CONTINUOUS
10
145.4217419999999947
20
-60.9483989999999949
11
145.2583149999999819
21
-60.9809069999999949
0
LINE
8
BLACK
6
CONTINUOUS
10
145.2583149999999819
20
-60.9809069999999949
11
145.091684999999984
21
-60.9809069999999949
0
LINE
8
BLACK
6
CONTINUOUS
10
145.091684999999984
20
-60.9809069999999949
11
144.9282579999999996
21
-60.9483989999999949
0
LINE
8
BLACK
6
CONTINUOUS
10
144.9282579999999996
20
-60.9483989999999949
11
144.7743130000000065
21
-60.8846329999999938
0
LINE
8
BLACK
6
CONTINUOUS
10
144.7743130000000065
20
-60.8846329999999938
11
144.6357659999999896
21
-60.7920589999999947
0
LINE
8
BLACK
6
CONTINUOUS
10
144.6357659999999896
20
-60.7920589999999947
11
144.5179410000000075
21
-60.6742339999999984
0
LINE
8
BLACK
6
CONTINUOUS
10
144.5179410000000075
20
-60.6742339999999984
11
144.4253669999999943
21
-60.5356869999999958
0
LINE
8
BLACK
6
CONTINUOUS
10
144.4253669999999943
20
-60.5356869999999958
11
144.3616010000000074
21
-60.3817419999999956
0
LINE
8
BLACK
6
CONTINUOUS
10
144.3616010000000074
20
-60.3817419999999956
11
144.3290930000000003
21
-60.2183149999999969
0
LINE
8
BLACK
6
CONTINUOUS
10
144.3290930000000003
20
-60.2183149999999969
11
144.3290930000000003
21
-60.0516849999999991
0
LINE
8
BLACK
6
CONTINUOUS
10
144.3290930000000003
20
-60.0516849999999991
11
144.3616010000000074
21
-59.8882580000000004
0
LINE
8
BLACK
6
CONTINUOUS
10
144.3616010000000074
20
-59.8882580000000004
11
144.4253669999999943
21
-59.7343130000000002
0
LINE
8
BLACK
6
CONTINUOUS
10
144.4253669999999943
20
-59.7343130000000002
11
144.5179410000000075
21
-59.5957659999999976
0
LINE
8
BLACK
6
CONTINUOUS
10
144.5179410000000075
20
-59.5957659999999976
11
144.6357659999999896
21
-59.4779409999999942
0
LINE
8
BLACK
6
CONTINUOUS
10
144.6357659999999896
20
-59.4779409999999942
11
144.7743130000000065
21
-59.3853669999999951
0
LINE
8
BLACK
6
CONTINUOUS
10
144.7743130000000065
20
-59.3853669999999951
11
144.9282579999999996
21
-59.321600999999994
0
LINE
8
BLACK
6
CONTINUOUS
10
144.9282579999999996
20
-59.321600999999994
11
145.091684999999984
21
-59.289092999999994
0
LINE
8
BLACK
6
CONTINUOUS
10
145.091684999999984
20
-59.289092999999994
11
145.2583149999999819
21
-59.289092999999994
0
LINE
8
BLACK
6
CONTINUOUS
10
145.2583149999999819
20
-59.289092999999994
11
145.4217419999999947
21
-59.321600999999994
0
LINE
8
BLACK
6
CONTINUOUS
10
147.9617419999999868
20
-59.321600999999994
11
148.1156869999999799
21
-59.3853669999999951
0
LINE
8
BLACK
6
CONTINUOUS
10
148.1156869999999799
20
-59.3853669999999951
11
148.2542339999999967
21
-59.4779409999999942
0
LINE
8
BLACK
6
CONTINUOUS
10
148.2542339999999967
20
-59.4779409999999942
11
148.3720590000000072
21
-59.5957659999999976
0
LINE
8
BLACK
6
CONTINUOUS
10
148.3720590000000072
20
-59.5957659999999976
11
148.4646329999999921
21
-59.7343130000000002
0
LINE
8
BLACK
6
CONTINUOUS
10
148.4646329999999921
20
-59.7343130000000002
11
148.5283990000000074
21
-59.8882580000000004
0
LINE
8
BLACK
6
CONTINUOUS
10
148.5283990000000074
20
-59.8882580000000004
11
148.5609069999999861
21
-60.0516849999999991
0
LINE
8
BLACK
6
CONTINUOUS
10
148.5609069999999861
20
-60.0516849999999991
11
148.5609069999999861
21
-60.2183149999999969
0
LINE
8
BLACK
6
CONTINUOUS
10
148.5609069999999861
20
-60.2183149999999969
11
148.5283990000000074
21
-60.3817419999999956
0
LINE
8
BLACK
6
CONTINUOUS
10
148.5283990000000074
20
-60.3817419999999956
11
148.4646329999999921
21
-60.5356869999999958
0
LINE
8
BLACK
6
CONTINUOUS
10
148.4646329999999921
20
-60.5356869999999958
11
148.3720590000000072
21
-60.6742339999999984
0
LINE
8
BLACK
6
CONTINUOUS
10
148.3720590000000072
20
-60.6742339999999984
11
148.2542339999999967
21
-60.7920589999999947
0
LINE
8
BLACK
6
CONTINUOUS
10
148.2542339999999967
20
-60.7920589999999947
11
148.1156869999999799
21
-60.8846329999999938
0
LINE
8
BLACK
6
CONTINUOUS
10
148.1156869999999799
20
-60.8846329999999938
11
147.9617419999999868
21
-60.9483989999999949
0
LINE
8
BLACK
6
CONTINUOUS
10
147.9617419999999868
20
-60.9483989999999949
11
147.7983150000000023
21
-60.9809069999999949
0
LINE
8
BLACK
6
CONTINUOUS
10
147.7983150000000023
20
-60.9809069999999949
11
147.6316850000000045
21
-60.9809069999999949
0
LINE
8
BLACK
6
CONTINUOUS
10
147.6316850000000045
20
-60.9809069999999949
11
147.4682579999999916
21
-60.9483989999999949
0
LINE
8
BLACK
6
CONTINUOUS
10
147.4682579999999916
20
-60.9483989999999949
11
147.3143129999999985
21
-60.8846329999999938
0
LINE
8
BLACK
6
CONTINUOUS
10
147.3143129999999985
20
-60.8846329999999938
11
147.1757659999999817
21
-60.7920589999999947
0
LINE
8
BLACK
6
CONTINUOUS
10
147.1757659999999817
20
-60.7920589999999947
11
147.0579409999999996
21
-60.6742339999999984
0
LINE
8
BLACK
6
CONTINUOUS
10
147.0579409999999996
20
-60.6742339999999984
11
146.9653669999999863
21
-60.5356869999999958
0
LINE
8
BLACK
6
CONTINUOUS
10
146.9653669999999863
20
-60.5356869999999958
11
146.9016009999999994
21
-60.3817419999999956
0
LINE
8
BLACK
6
CONTINUOUS
10
146.9016009999999994
20
-60.3817419999999956
11
146.8690929999999923
21
-60.2183149999999969
0
LINE
8
BLACK
6
CONTINUOUS
10
146.8690929999999923
20
-60.2183149999999969
11
146.8690929999999923
21
-60.0516849999999991
0
LINE
8
BLACK
6
CONTINUOUS
10
146.8690929999999923
20
-60.0516849999999991
11
146.9016009999999994
21
-59.8882580000000004
0
LINE
8
BLACK
6
CONTINUOUS
10
146.9016009999999994
20
-59.8882580000000004
11
146.9653669999999863
21
-59.7343130000000002
0
LINE
8
BLACK
6
CONTINUOUS
10
146.9653669999999863
20
-59.7343130000000002
11
147.0579409999999996
21
-59.5957659999999976
0
LINE
8
BLACK
6
CONTINUOUS
10
147.0579409999999996
20
-59.5957659999999976
11
147.1757659999999817
21
-59.4779409999999942
0
LINE
8
BLACK
6
CONTINUOUS
10
147.1757659999999817
20
-59.4779409999999942
11
147.3143129999999985
21
-59.3853669999999951
0
LINE
8
BLACK
6
CONTINUOUS
10
147.3143129999999985
20
-59.3853669999999951
11
147.4682579999999916
21
-59.321600999999994
0
LINE
8
BLACK
6
CONTINUOUS
10
147.4682579999999916
20
-59.321600999999994
11
147.6316850000000045
21
-59.289092999999994
0
LINE
8
BLACK
6
CONTINUOUS
10
147.6316850000000045
20
-59.289092999999994
11
147.7983150000000023
21
-59.289092999999994
0
LINE
8
BLACK
6
CONTINUOUS
10
147.7983150000000023
20
-59.289092999999994
11
147.9617419999999868
21
-59.321600999999994
0
LINE
8
BLACK
6
CONTINUOUS
10
150.5017420000000072
20
-59.321600999999994
11
150.6556870000000004
21
-59.3853669999999951
0
LINE
8
BLACK
6
CONTINUOUS
10
150.6556870000000004
20
-59.3853669999999951
11
150.7942339999999888
21
-59.4779409999999942
0
LINE
8
BLACK
6
CONTINUOUS
10
150.7942339999999888
20
-59.4779409999999942
11
150.9120589999999993
21
-59.5957659999999976
0
LINE
8
BLACK
6
CONTINUOUS
10
150.9120589999999993
20
-59.5957659999999976
11
151.0046329999999841
21
-59.7343130000000002
0
LINE
8
BLACK
6
CONTINUOUS
10
151.0046329999999841
20
-59.7343130000000002
11
151.0683989999999994
21
-59.8882580000000004
0
LINE
8
BLACK
6
CONTINUOUS
10
151.0683989999999994
20
-59.8882580000000004
11
151.1009070000000065
21
-60.0516849999999991
0
LINE
8
BLACK
6
CONTINUOUS
10
151.1009070000000065
20
-60.0516849999999991
11
151.1009070000000065
21
-60.2183149999999969
0
LINE
8
BLACK
6
CONTINUOUS
10
151.1009070000000065
20
-60.2183149999999969
11
151.0683989999999994
21
-60.3817419999999956
0
LINE
8
BLACK
6
CONTINUOUS
10
151.0683989999999994
20
-60.3817419999999956
11
151.0046329999999841
21
-60.5356869999999958
0
LINE
8
BLACK
6
CONTINUOUS
10
151.0046329999999841
20
-60.5356869999999958
11
150.9120589999999993
21
-60.6742339999999984
0
LINE
8
BLACK
6
CONTINUOUS
10
150.9120589999999993
20
-60.6742339999999984
11
150.7942339999999888
21
-60.7920589999999947
0
LINE
8
BLACK
6
CONTINUOUS
10
150.7942339999999888
20
-60.7920589999999947
11
150.6556870000000004
21
-60.8846329999999938
0
LINE
8
BLACK
6
CONTINUOUS
10
150.6556870000000004
20
-60.8846329999999938
11
150.5017420000000072
21
-60.9483989999999949
0
LINE
8
BLACK
6
CONTINUOUS
10
150.5017420000000072
20
-60.9483989999999949
11
150.3383149999999944
21
-60.9809069999999949
0
LINE
8
BLACK
6
CONTINUOUS
10
150.3383149999999944
20
-60.9809069999999949
11
150.1716849999999965
21
-60.9809069999999949
0
LINE
8
BLACK
6
CONTINUOUS
10
150.1716849999999965
20
-60.9809069999999949
11
150.0082579999999837
21
-60.9483989999999949
0
LINE
8
BLACK
6
CONTINUOUS
10
150.0082579999999837
20
-60.9483989999999949
11
149.8543129999999906
21
-60.8846329999999938
0
LINE
8
BLACK
6
CONTINUOUS
10
149.8543129999999906
20
-60.8846329999999938
11
149.7157660000000021
21
-60.7920589999999947
0
LINE
8
BLACK
6
CONTINUOUS
10
149.7157660000000021
20
-60.7920589999999947
11
149.5979409999999916
21
-60.6742339999999984
0
LINE
8
BLACK
6
CONTINUOUS
10
149.5979409999999916
20
-60.6742339999999984
11
149.5053670000000068
21
-60.5356869999999958
0
LINE
8
BLACK
6
CONTINUOUS
10
149.5053670000000068
20
-60.5356869999999958
11
149.4416009999999915
21
-60.3817419999999956
0
LINE
8
BLACK
6
CONTINUOUS
10
149.4416009999999915
20
-60.3817419999999956
11
149.4090929999999844
21
-60.2183149999999969
0
LINE
8
BLACK
6
CONTINUOUS
10
149.4090929999999844
20
-60.2183149999999969
11
149.4090929999999844
21
-60.0516849999999991
0
LINE
8
BLACK
6
CONTINUOUS
10
149.4090929999999844
20
-60.0516849999999991
11
149.4416009999999915
21
-59.8882580000000004
0
LINE
8
BLACK
6
CONTINUOUS
10
149.4416009999999915
20
-59.8882580000000004
11
149.5053670000000068
21
-59.7343130000000002
0
LINE
8
BLACK
6
CONTINUOUS
10
149.5053670000000068
20
-59.7343130000000002
11
149.5979409999999916
21
-59.5957659999999976
0
LINE
8
BLACK
6
CONTINUOUS
10
149.5979409999999916
20
-59.5957659999999976
11
149.7157660000000021
21
-59.4779409999999942
0
LINE
8
BLACK
6
CONTINUOUS
10
149.7157660000000021
20
-59.4779409999999942
11
149.8543129999999906
21
-59.3853669999999951
0
LINE
8
BLACK
6
CONTINUOUS
10
149.8543129999999906
20
-59.3853669999999951
11
150.0082579999999837
21
-59.321600999999994
0
LINE
8
BLACK
6
CONTINUOUS
10
150.0082579999999837
20
-59.321600999999994
11
150.1716849999999965
21
-59.289092999999994
0
LINE
8
BLACK
6
CONTINUOUS
10
150.1716849999999965
20
-59.289092999999994
11
150.3383149999999944
21
-59.289092999999994
0
LINE
8
BLACK
6
CONTINUOUS
10
150.3383149999999944
20
-59.289092999999994
11
150.5017420000000072
21
-59.321600999999994
0
LINE
8
BLACK
6
CONTINUOUS
10
153.0417419999999993
20
-59.321600999999994
11
153.1956869999999924
21
-59.3853669999999951
0
LINE
8
BLACK
6
CONTINUOUS
10
153.1956869999999924
20
-59.3853669999999951
11
153.3342339999999808
21
-59.4779409999999942
0
LINE
8
BLACK
6
CONTINUOUS
10
153.3342339999999808
20
-59.4779409999999942
11
153.4520589999999913
21
-59.5957659999999976
0
LINE
8
BLACK
6
CONTINUOUS
10
153.4520589999999913
20
-59.5957659999999976
11
153.5446330000000046
21
-59.7343130000000002
0
LINE
8
BLACK
6
CONTINUOUS
10
153.5446330000000046
20
-59.7343130000000002
11
153.6083989999999915
21
-59.8882580000000004
0
LINE
8
BLACK
6
CONTINUOUS
10
153.6083989999999915
20
-59.8882580000000004
11
153.6409069999999986
21
-60.0516849999999991
0
LINE
8
BLACK
6
CONTINUOUS
10
153.6409069999999986
20
-60.0516849999999991
11
153.6409069999999986
21
-60.2183149999999969
0
LINE
8
BLACK
6
CONTINUOUS
10
153.6409069999999986
20
-60.2183149999999969
11
153.6083989999999915
21
-60.3817419999999956
0
LINE
8
BLACK
6
CONTINUOUS
10
153.6083989999999915
20
-60.3817419999999956
11
153.5446330000000046
21
-60.5356869999999958
0
LINE
8
BLACK
6
CONTINUOUS
10
153.5446330000000046
20
-60.5356869999999958
11
153.4520589999999913
21
-60.6742339999999984
0
LINE
8
BLACK
6
CONTINUOUS
10
153.4520589999999913
20
-60.6742339999999984
11
153.3342339999999808
21
-60.7920589999999947
0
LINE
8
BLACK
6
CONTINUOUS
10
153.3342339999999808
20
-60.7920589999999947
11
153.1956869999999924
21
-60.8846329999999938
0
LINE
8
BLACK
6
CONTINUOUS
10
153.1956869999999924
20
-60.8846329999999938
11
153.0417419999999993
21
-60.9483989999999949
0
LINE
8
BLACK
6
CONTINUOUS
10
153.0417419999999993
20
-60.9483989999999949
11
152.8783149999999864
21
-60.9809069999999949
0
LINE
8
BLACK
6
CONTINUOUS
10
152.8783149999999864
20
-60.9809069999999949
11
152.7116849999999886
21
-60.9809069999999949
0
LINE
8
BLACK
6
CONTINUOUS
10
152.7116849999999886
20
-60.9809069999999949
11
152.5482580000000041
21
-60.9483989999999949
0
LINE
8
BLACK
6
CONTINUOUS
10
152.5482580000000041
20
-60.9483989999999949
11
152.3943129999999826
21
-60.8846329999999938
0
LINE
8
BLACK
6
CONTINUOUS
10
152.3943129999999826
20
-60.8846329999999938
11
152.2557659999999942
21
-60.7920589999999947
0
LINE
8
BLACK
6
CONTINUOUS
10
152.2557659999999942
20
-60.7920589999999947
11
152.1379409999999837
21
-60.6742339999999984
0
LINE
8
BLACK
6
CONTINUOUS
10
152.1379409999999837
20
-60.6742339999999984
11
152.0453669999999988
21
-60.5356869999999958
0
LINE
8
BLACK
6
CONTINUOUS
10
152.0453669999999988
20
-60.5356869999999958
11
151.9816009999999835
21
-60.3817419999999956
0
LINE
8
BLACK
6
CONTINUOUS
10
151.9816009999999835
20
-60.3817419999999956
11
151.9490930000000048
21
-60.2183149999999969
0
LINE
8
BLACK
6
CONTINUOUS
10
151.9490930000000048
20
-60.2183149999999969
11
151.9490930000000048
21
-60.0516849999999991
0
LINE
8
BLACK
6
CONTINUOUS
10
151.9490930000000048
20
-60.0516849999999991
11
151.9816009999999835
21
-59.8882580000000004
0
LINE
8
BLACK
6
CONTINUOUS
10
151.9816009999999835
20
-59.8882580000000004
11
152.0453669999999988
21
-59.7343130000000002
0
LINE
8
BLACK
6
CONTINUOUS
10
152.0453669999999988
20
-59.7343130000000002
11
152.1379409999999837
21
-59.5957659999999976
0
LINE
8
BLACK
6
CONTINUOUS
10
152.1379409999999837
20
-59.5957659999999976
11
152.2557659999999942
21
-59.4779409999999942
0
LINE
8
BLACK
6
CONTINUOUS
10
152.2557659999999942
20
-59.4779409999999942
11
152.3943129999999826
21
-59.3853669999999951
0
LINE
8
BLACK
6
CONTINUOUS
10
152.3943129999999826
20
-59.3853669999999951
11
152.5482580000000041
21
-59.321600999999994
0
LINE
8
BLACK
6
CONTINUOUS
10
152.5482580000000041
20
-59.321600999999994
11
152.7116849999999886
21
-59.289092999999994
0
LINE
8
BLACK
6
CONTINUOUS
10
152.7116849999999886
20
-59.289092999999994
11
152.8783149999999864
21
-59.289092999999994
0
LINE
8
BLACK
6
CONTINUOUS
10
152.8783149999999864
20
-59.289092999999994
11
153.0417419999999993
21
-59.321600999999994
0
LINE
8
BLACK
6
CONTINUOUS
10
155.5817419999999913
20
-59.321600999999994
11
155.7356869999999844
21
-59.3853669999999951
0
LINE
8
BLACK
6
CONTINUOUS
10
155.7356869999999844
20
-59.3853669999999951
11
155.8742340000000013
21
-59.4779409999999942
0
LINE
8
BLACK
6
CONTINUOUS
10
155.8742340000000013
20
-59.4779409999999942
11
155.9920589999999834
21
-59.5957659999999976
0
LINE
8
BLACK
6
CONTINUOUS
10
155.9920589999999834
20
-59.5957659999999976
11
156.0846329999999966
21
-59.7343130000000002
0
LINE
8
BLACK
6
CONTINUOUS
10
156.0846329999999966
20
-59.7343130000000002
11
156.1483989999999835
21
-59.8882580000000004
0
LINE
8
BLACK
6
CONTINUOUS
10
156.1483989999999835
20
-59.8882580000000004
11
156.1809069999999906
21
-60.0516849999999991
0
LINE
8
BLACK
6
CONTINUOUS
10
156.1809069999999906
20
-60.0516849999999991
11
156.1809069999999906
21
-60.2183149999999969
0
LINE
8
BLACK
6
CONTINUOUS
10
156.1809069999999906
20
-60.2183149999999969
11
156.1483989999999835
21
-60.3817419999999956
0
LINE
8
BLACK
6
CONTINUOUS
10
156.1483989999999835
20
-60.3817419999999956
11
156.0846329999999966
21
-60.5356869999999958
0
LINE
8
BLACK
6
CONTINUOUS
10
156.0846329999999966
20
-60.5356869999999958
11
155.9920589999999834
21
-60.6742339999999984
0
LINE
8
BLACK
6
CONTINUOUS
10
155.9920589999999834
20
-60.6742339999999984
11
155.8742340000000013
21
-60.7920589999999947
0
LINE
8
BLACK
6
CONTINUOUS
10
155.8742340000000013
20
-60.7920589999999947
11
155.7356869999999844
21
-60.8846329999999938
0
LINE
8
BLACK
6
CONTINUOUS
10
155.7356869999999844
20
-60.8846329999999938
11
155.5817419999999913
21
-60.9483989999999949
0
LINE
8
BLACK
6
CONTINUOUS
10
155.5817419999999913
20
-60.9483989999999949
11
155.4183150000000069
21
-60.9809069999999949
0
LINE
8
BLACK
6
CONTINUOUS
10
155.4183150000000069
20
-60.9809069999999949
11
155.2516849999999806
21
-60.9809069999999949
0
LINE
8
BLACK
6
CONTINUOUS
10
155.2516849999999806
20
-60.9809069999999949
11
155.0882579999999962
21
-60.9483989999999949
0
LINE
8
BLACK
6
CONTINUOUS
10
155.0882579999999962
20
-60.9483989999999949
11
154.9343130000000031
21
-60.8846329999999938
0
LINE
8
BLACK
6
CONTINUOUS
10
154.9343130000000031
20
-60.8846329999999938
11
154.7957659999999862
21
-60.7920589999999947
0
LINE
8
BLACK
6
CONTINUOUS
10
154.7957659999999862
20
-60.7920589999999947
11
154.6779410000000041
21
-60.6742339999999984
0
LINE
8
BLACK
6
CONTINUOUS
10
154.6779410000000041
20
-60.6742339999999984
11
154.5853669999999909
21
-60.5356869999999958
0
LINE
8
BLACK
6
CONTINUOUS
10
154.5853669999999909
20
-60.5356869999999958
11
154.521601000000004
21
-60.3817419999999956
0
LINE
8
BLACK
6
CONTINUOUS
10
154.521601000000004
20
-60.3817419999999956
11
154.4890929999999969
21
-60.2183149999999969
0
LINE
8
BLACK
6
CONTINUOUS
10
154.4890929999999969
20
-60.2183149999999969
11
154.4890929999999969
21
-60.0516849999999991
0
LINE
8
BLACK
6
CONTINUOUS
10
154.4890929999999969
20
-60.0516849999999991
11
154.521601000000004
21
-59.8882580000000004
0
LINE
8
BLACK
6
CONTINUOUS
10
154.521601000000004
20
-59.8882580000000004
11
154.5853669999999909
21
-59.7343130000000002
0
LINE
8
BLACK
6
CONTINUOUS
10
154.5853669999999909
20
-59.7343130000000002
11
154.6779410000000041
21
-59.5957659999999976
0
LINE
8
BLACK
6
CONTINUOUS
10
154.6779410000000041
20
-59.5957659999999976
11
154.7957659999999862
21
-59.4779409999999942
0
LINE
8
BLACK
6
CONTINUOUS
10
154.7957659999999862
20
-59.4779409999999942
11
154.9343130000000031
21
-59.3853669999999951
0
LINE
8
BLACK
6
CONTINUOUS
10
154.9343130000000031
20
-59.3853669999999951
11
155.0882579999999962
21
-59.321600999999994
0
LINE
8
BLACK
6
CONTINUOUS
10
155.0882579999999962
20
-59.321600999999994
11
155.2516849999999806
21
-59.289092999999994
0
LINE
8
BLACK
6
CONTINUOUS
10
155.2516849999999806
20
-59.289092999999994
11
155.4183150000000069
21
-59.289092999999994
0
LINE
8
BLACK
6
CONTINUOUS
10
155.4183150000000069
20
-59.289092999999994
11
155.5817419999999913
21
-59.321600999999994
0
LINE
8
BLACK
6
CONTINUOUS
10
158.1217419999999834
20
-59.321600999999994
11
158.2756870000000049
21
-59.3853669999999951
0
LINE
8
BLACK
6
CONTINUOUS
10
158.2756870000000049
20
-59.3853669999999951
11
158.4142339999999933
21
-59.4779409999999942
0
LINE
8
BLACK
6
CONTINUOUS
10
158.4142339999999933
20
-59.4779409999999942
11
158.5320590000000038
21
-59.5957659999999976
0
LINE
8
BLACK
6
CONTINUOUS
10
158.5320590000000038
20
-59.5957659999999976
11
158.6246329999999887
21
-59.7343130000000002
0
LINE
8
BLACK
6
CONTINUOUS
10
158.6246329999999887
20
-59.7343130000000002
11
158.688399000000004
21
-59.8882580000000004
0
LINE
8
BLACK
6
CONTINUOUS
10
158.688399000000004
20
-59.8882580000000004
11
158.7209069999999826
21
-60.0516849999999991
0
LINE
8
BLACK
6
CONTINUOUS
10
158.7209069999999826
20
-60.0516849999999991
11
158.7209069999999826
21
-60.2183149999999969
0
LINE
8
BLACK
6
CONTINUOUS
10
158.7209069999999826
20
-60.2183149999999969
11
158.688399000000004
21
-60.3817419999999956
0
LINE
8
BLACK
6
CONTINUOUS
10
158.688399000000004
20
-60.3817419999999956
11
158.6246329999999887
21
-60.5356869999999958
0
LINE
8
BLACK
6
CONTINUOUS
10
158.6246329999999887
20
-60.5356869999999958
11
158.5320590000000038
21
-60.6742339999999984
0
LINE
8
BLACK
6
CONTINUOUS
10
158.5320590000000038
20
-60.6742339999999984
11
158.4142339999999933
21
-60.7920589999999947
0
LINE
8
BLACK
6
CONTINUOUS
10
158.4142339999999933
20
-60.7920589999999947
11
158.2756870000000049
21
-60.8846329999999938
0
LINE
8
BLACK
6
CONTINUOUS
10
158.2756870000000049
20
-60.8846329999999938
11
158.1217419999999834
21
-60.9483989999999949
0
LINE
8
BLACK
6
CONTINUOUS
10
158.1217419999999834
20
-60.9483989999999949
11
157.9583149999999989
21
-60.9809069999999949
0
LINE
8
BLACK
6
CONTINUOUS
10
157.9583149999999989
20
-60.9809069999999949
11
157.7916850000000011
21
-60.9809069999999949
0
LINE
8
BLACK
6
CONTINUOUS
10
157.7916850000000011
20
-60.9809069999999949
11
157.6282579999999882
21
-60.9483989999999949
0
LINE
8
BLACK
6
CONTINUOUS
10
157.6282579999999882
20
-60.9483989999999949
11
157.4743129999999951
21
-60.8846329999999938
0
LINE
8
BLACK
6
CONTINUOUS
10
157.4743129999999951
20
-60.8846329999999938
11
157.3357660000000067
21
-60.7920589999999947
0
LINE
8
BLACK
6
CONTINUOUS
10
157.3357660000000067
20
-60.7920589999999947
11
157.2179409999999962
21
-60.6742339999999984
0
LINE
8
BLACK
6
CONTINUOUS
10
157.2179409999999962
20
-60.6742339999999984
11
157.1253669999999829
21
-60.5356869999999958
0
LINE
8
BLACK
6
CONTINUOUS
10
157.1253669999999829
20
-60.5356869999999958
11
157.061600999999996
21
-60.3817419999999956
0
LINE
8
BLACK
6
CONTINUOUS
10
157.061600999999996
20
-60.3817419999999956
11
157.0290929999999889
21
-60.2183149999999969
0
LINE
8
BLACK
6
CONTINUOUS
10
157.0290929999999889
20
-60.2183149999999969
11
157.0290929999999889
21
-60.0516849999999991
0
LINE
8
BLACK
6
CONTINUOUS
10
157.0290929999999889
20
-60.0516849999999991
11
157.061600999999996
21
-59.8882580000000004
0
LINE
8
BLACK
6
CONTINUOUS
10
157.061600999999996
20
-59.8882580000000004
11
157.1253669999999829
21
-59.7343130000000002
0
LINE
8
BLACK
6
CONTINUOUS
10
157.1253669999999829
20
-59.7343130000000002
11
157.2179409999999962
21
-59.5957659999999976
0
LINE
8
BLACK
6
CONTINUOUS
10
157.2179409999999962
20
-59.5957659999999976
11
157.3357660000000067
21
-59.4779409999999942
0
LINE
8
BLACK
6
CONTINUOUS
10
157.3357660000000067
20
-59.4779409999999942
11
157.4743129999999951
21
-59.3853669999999951
0
LINE
8
BLACK
6
CONTINUOUS
10
157.4743129999999951
20
-59.3853669999999951
11
157.6282579999999882
21
-59.321600999999994
0
LINE
8
BLACK
6
CONTINUOUS
10
157.6282579999999882
20
-59.321600999999994
11
157.7916850000000011
21
-59.289092999999994
0
LINE
8
BLACK
6
CONTINUOUS
10
157.7916850000000011
20
-59.289092999999994
11
157.9583149999999989
21
-59.289092999999994
0
LINE
8
BLACK
6
CONTINUOUS
10
157.9583149999999989
20
-59.289092999999994
11
158.1217419999999834
21
-59.321600999999994
0
LINE
8
BLACK
6
CONTINUOUS
10
160.6617420000000038
20
-59.321600999999994
11
160.8156869999999969
21
-59.3853669999999951
0
LINE
8
BLACK
6
CONTINUOUS
10
160.8156869999999969
20
-59.3853669999999951
11
160.9542339999999854
21
-59.4779409999999942
0
LINE
8
BLACK
6
CONTINUOUS
10
160.9542339999999854
20
-59.4779409999999942
11
161.0720589999999959
21
-59.5957659999999976
0
LINE
8
BLACK
6
CONTINUOUS
10
161.0720589999999959
20
-59.5957659999999976
11
161.1646329999999807
21
-59.7343130000000002
0
LINE
8
BLACK
6
CONTINUOUS
10
161.1646329999999807
20
-59.7343130000000002
11
161.228398999999996
21
-59.8882580000000004
0
LINE
8
BLACK
6
CONTINUOUS
10
161.228398999999996
20
-59.8882580000000004
11
161.2609070000000031
21
-60.0516849999999991
0
LINE
8
BLACK
6
CONTINUOUS
10
161.2609070000000031
20
-60.0516849999999991
11
161.2609070000000031
21
-60.2183149999999969
0
LINE
8
BLACK
6
CONTINUOUS
10
161.2609070000000031
20
-60.2183149999999969
11
161.228398999999996
21
-60.3817419999999956
0
LINE
8
BLACK
6
CONTINUOUS
10
161.228398999999996
20
-60.3817419999999956
11
161.1646329999999807
21
-60.5356869999999958
0
LINE
8
BLACK
6
CONTINUOUS
10
161.1646329999999807
20
-60.5356869999999958
11
161.0720589999999959
21
-60.6742339999999984
0
LINE
8
BLACK
6
CONTINUOUS
10
161.0720589999999959
20
-60.6742339999999984
11
160.9542339999999854
21
-60.7920589999999947
0
LINE
8
BLACK
6
CONTINUOUS
10
160.9542339999999854
20
-60.7920589999999947
11
160.8156869999999969
21
-60.8846329999999938
0
LINE
8
BLACK
6
CONTINUOUS
10
160.8156869999999969
20
-60.8846329999999938
11
160.6617420000000038
21
-60.9483989999999949
0
LINE
8
BLACK
6
CONTINUOUS
10
160.6617420000000038
20
-60.9483989999999949
11
160.498314999999991
21
-60.9809069999999949
0
LINE
8
BLACK
6
CONTINUOUS
10
160.498314999999991
20
-60.9809069999999949
11
160.3316849999999931
21
-60.9809069999999949
0
LINE
8
BLACK
6
CONTINUOUS
10
160.3316849999999931
20
-60.9809069999999949
11
160.1682579999999803
21
-60.9483989999999949
0
LINE
8
BLACK
6
CONTINUOUS
10
160.1682579999999803
20
-60.9483989999999949
11
160.0143129999999871
21
-60.8846329999999938
0
LINE
8
BLACK
6
CONTINUOUS
10
160.0143129999999871
20
-60.8846329999999938
11
159.8757659999999987
21
-60.7920589999999947
0
LINE
8
BLACK
6
CONTINUOUS
10
159.8757659999999987
20
-60.7920589999999947
11
159.7579409999999882
21
-60.6742339999999984
0
LINE
8
BLACK
6
CONTINUOUS
10
159.7579409999999882
20
-60.6742339999999984
11
159.6653670000000034
21
-60.5356869999999958
0
LINE
8
BLACK
6
CONTINUOUS
10
159.6653670000000034
20
-60.5356869999999958
11
159.6016009999999881
21
-60.3817419999999956
0
LINE
8
BLACK
6
CONTINUOUS
10
159.6016009999999881
20
-60.3817419999999956
11
159.569092999999981
21
-60.2183149999999969
0
LINE
8
BLACK
6
CONTINUOUS
10
159.569092999999981
20
-60.2183149999999969
11
159.569092999999981
21
-60.0516849999999991
0
LINE
8
BLACK
6
CONTINUOUS
10
159.569092999999981
20
-60.0516849999999991
11
159.6016009999999881
21
-59.8882580000000004
0
LINE
8
BLACK
6
CONTINUOUS
10
159.6016009999999881
20
-59.8882580000000004
11
159.6653670000000034
21
-59.7343130000000002
0
LINE
8
BLACK
6
CONTINUOUS
10
159.6653670000000034
20
-59.7343130000000002
11
159.7579409999999882
21
-59.5957659999999976
0
LINE
8
BLACK
6
CONTINUOUS
10
159.7579409999999882
20
-59.5957659999999976
11
159.8757659999999987
21
-59.4779409999999942
0
LINE
8
BLACK
6
CONTINUOUS
10
159.8757659999999987
20
-59.4779409999999942
11
160.0143129999999871
21
-59.3853669999999951
0
LINE
8
BLACK
6
CONTINUOUS
10
160.0143129999999871
20
-59.3853669999999951
11
160.1682579999999803
21
-59.321600999999994
0
LINE
8
BLACK
6
CONTINUOUS
10
160.1682579999999803
20
-59.321600999999994
11
160.3316849999999931
21
-59.289092999999994
0
LINE
8
BLACK
6
CONTINUOUS
10
160.3316849999999931
20
-59.289092999999994
11
160.498314999999991
21
-59.289092999999994
0
LINE
8
BLACK
6
CONTINUOUS
10
160.498314999999991
20
-59.289092999999994
11
160.6617420000000038
21
-59.321600999999994
0
LINE
8
BLACK
6
CONTINUOUS
10
163.2017419999999959
20
-59.321600999999994
11
163.355686999999989
21
-59.3853669999999951
0
LINE
8
BLACK
6
CONTINUOUS
10
163.355686999999989
20
-59.3853669999999951
11
163.4942340000000058
21
-59.4779409999999942
0
LINE
8
BLACK
6
CONTINUOUS
10
163.4942340000000058
20
-59.4779409999999942
11
163.6120589999999879
21
-59.5957659999999976
0
LINE
8
BLACK
6
CONTINUOUS
10
163.6120589999999879
20
-59.5957659999999976
11
163.7046330000000012
21
-59.7343130000000002
0
LINE
8
BLACK
6
CONTINUOUS
10
163.7046330000000012
20
-59.7343130000000002
11
163.7683989999999881
21
-59.8882580000000004
0
LINE
8
BLACK
6
CONTINUOUS
10
163.7683989999999881
20
-59.8882580000000004
11
163.8009069999999952
21
-60.0516849999999991
0
LINE
8
BLACK
6
CONTINUOUS
10
163.8009069999999952
20
-60.0516849999999991
11
163.8009069999999952
21
-60.2183149999999969
0
LINE
8
BLACK
6
CONTINUOUS
10
163.8009069999999952
20
-60.2183149999999969
11
163.7683989999999881
21
-60.3817419999999956
0
LINE
8
BLACK
6
CONTINUOUS
10
163.7683989999999881
20
-60.3817419999999956
11
163.7046330000000012
21
-60.5356869999999958
0
LINE
8
BLACK
6
CONTINUOUS
10
163.7046330000000012
20
-60.5356869999999958
11
163.6120589999999879
21
-60.6742339999999984
0
LINE
8
BLACK
6
CONTINUOUS
10
163.6120589999999879
20
-60.6742339999999984
11
163.4942340000000058
21
-60.7920589999999947
0
LINE
8
BLACK
6
CONTINUOUS
10
163.4942340000000058
20
-60.7920589999999947
11
163.355686999999989
21
-60.8846329999999938
0
LINE
8
BLACK
6
CONTINUOUS
10
163.355686999999989
20
-60.8846329999999938
11
163.2017419999999959
21
-60.9483989999999949
0
LINE
8
BLACK
6
CONTINUOUS
10
163.2017419999999959
20
-60.9483989999999949
11
163.038314999999983
21
-60.9809069999999949
0
LINE
8
BLACK
6
CONTINUOUS
10
163.038314999999983
20
-60.9809069999999949
11
162.8716849999999852
21
-60.9809069999999949
0
LINE
8
BLACK
6
CONTINUOUS
10
162.8716849999999852
20
-60.9809069999999949
11
162.7082580000000007
21
-60.9483989999999949
0
LINE
8
BLACK
6
CONTINUOUS
10
162.7082580000000007
20
-60.9483989999999949
11
162.5543129999999792
21
-60.8846329999999938
0
LINE
8
BLACK
6
CONTINUOUS
10
162.5543129999999792
20
-60.8846329999999938
11
162.4157659999999908
21
-60.7920589999999947
0
LINE
8
BLACK
6
CONTINUOUS
10
162.4157659999999908
20
-60.7920589999999947
11
162.2979409999999802
21
-60.6742339999999984
0
LINE
8
BLACK
6
CONTINUOUS
10
162.2979409999999802
20
-60.6742339999999984
11
162.2053669999999954
21
-60.5356869999999958
0
LINE
8
BLACK
6
CONTINUOUS
10
162.2053669999999954
20
-60.5356869999999958
11
162.1416009999999801
21
-60.3817419999999956
0
LINE
8
BLACK
6
CONTINUOUS
10
162.1416009999999801
20
-60.3817419999999956
11
162.1090930000000014
21
-60.2183149999999969
0
LINE
8
BLACK
6
CONTINUOUS
10
162.1090930000000014
20
-60.2183149999999969
11
162.1090930000000014
21
-60.0516849999999991
0
LINE
8
BLACK
6
CONTINUOUS
10
162.1090930000000014
20
-60.0516849999999991
11
162.1416009999999801
21
-59.8882580000000004
0
LINE
8
BLACK
6
CONTINUOUS
10
162.1416009999999801
20
-59.8882580000000004
11
162.2053669999999954
21
-59.7343130000000002
0
LINE
8
BLACK
6
CONTINUOUS
10
162.2053669999999954
20
-59.7343130000000002
11
162.2979409999999802
21
-59.5957659999999976
0
LINE
8
BLACK
6
CONTINUOUS
10
162.2979409999999802
20
-59.5957659999999976
11
162.4157659999999908
21
-59.4779409999999942
0
LINE
8
BLACK
6
CONTINUOUS
10
162.4157659999999908
20
-59.4779409999999942
11
162.5543129999999792
21
-59.3853669999999951
0
LINE
8
BLACK
6
CONTINUOUS
10
162.5543129999999792
20
-59.3853669999999951
11
162.7082580000000007
21
-59.321600999999994
0
LINE
8
BLACK
6
CONTINUOUS
10
162.7082580000000007
20
-59.321600999999994
11
162.8716849999999852
21
-59.289092999999994
0
LINE
8
BLACK
6
CONTINUOUS
10
162.8716849999999852
20
-59.289092999999994
11
163.038314999999983
21
-59.289092999999994
0
LINE
8
BLACK
6
CONTINUOUS
10
163.038314999999983
20
-59.289092999999994
11
163.2017419999999959
21
-59.321600999999994
0
LINE
8
BLACK
6
CONTINUOUS
10
165.7417419999999879
20
-59.321600999999994
11
165.895686999999981
21
-59.3853669999999951
0
LINE
8
BLACK
6
CONTINUOUS
10
165.895686999999981
20
-59.3853669999999951
11
166.0342339999999979
21
-59.4779409999999942
0
LINE
8
BLACK
6
CONTINUOUS
10
166.0342339999999979
20
-59.4779409999999942
11
166.15205899999998
21
-59.5957659999999976
0
LINE
8
BLACK
6
CONTINUOUS
10
166.15205899999998
20
-59.5957659999999976
11
166.2446329999999932
21
-59.7343130000000002
0
LINE
8
BLACK
6
CONTINUOUS
10
166.2446329999999932
20
-59.7343130000000002
11
166.3083989999999801
21
-59.8882580000000004
0
LINE
8
BLACK
6
CONTINUOUS
10
166.3083989999999801
20
-59.8882580000000004
11
166.3409069999999872
21
-60.0516849999999991
0
LINE
8
BLACK
6
CONTINUOUS
10
166.3409069999999872
20
-60.0516849999999991
11
166.3409069999999872
21
-60.2183149999999969
0
LINE
8
BLACK
6
CONTINUOUS
10
166.3409069999999872
20
-60.2183149999999969
11
166.3083989999999801
21
-60.3817419999999956
0
LINE
8
BLACK
6
CONTINUOUS
10
166.3083989999999801
20
-60.3817419999999956
11
166.2446329999999932
21
-60.5356869999999958
0
LINE
8
BLACK
6
CONTINUOUS
10
166.2446329999999932
20
-60.5356869999999958
11
166.15205899999998
21
-60.6742339999999984
0
LINE
8
BLACK
6
CONTINUOUS
10
166.15205899999998
20
-60.6742339999999984
11
166.0342339999999979
21
-60.7920589999999947
0
LINE
8
BLACK
6
CONTINUOUS
10
166.0342339999999979
20
-60.7920589999999947
11
165.895686999999981
21
-60.8846329999999938
0
LINE
8
BLACK
6
CONTINUOUS
10
165.895686999999981
20
-60.8846329999999938
11
165.7417419999999879
21
-60.9483989999999949
0
LINE
8
BLACK
6
CONTINUOUS
10
165.7417419999999879
20
-60.9483989999999949
11
165.5783150000000035
21
-60.9809069999999949
0
LINE
8
BLACK
6
CONTINUOUS
10
165.5783150000000035
20
-60.9809069999999949
11
165.4116850000000056
21
-60.9809069999999949
0
LINE
8
BLACK
6
CONTINUOUS
10
165.4116850000000056
20
-60.9809069999999949
11
165.2482579999999928
21
-60.9483989999999949
0
LINE
8
BLACK
6
CONTINUOUS
10
165.2482579999999928
20
-60.9483989999999949
11
165.0943129999999996
21
-60.8846329999999938
0
LINE
8
BLACK
6
CONTINUOUS
10
165.0943129999999996
20
-60.8846329999999938
11
164.9557659999999828
21
-60.7920589999999947
0
LINE
8
BLACK
6
CONTINUOUS
10
164.9557659999999828
20
-60.7920589999999947
11
164.8379410000000007
21
-60.6742339999999984
0
LINE
8
BLACK
6
CONTINUOUS
10
164.8379410000000007
20
-60.6742339999999984
11
164.7453669999999875
21
-60.5356869999999958
0
LINE
8
BLACK
6
CONTINUOUS
10
164.7453669999999875
20
-60.5356869999999958
11
164.6816010000000006
21
-60.3817419999999956
0
LINE
8
BLACK
6
CONTINUOUS
10
164.6816010000000006
20
-60.3817419999999956
11
164.6490929999999935
21
-60.2183149999999969
0
LINE
8
BLACK
6
CONTINUOUS
10
164.6490929999999935
20
-60.2183149999999969
11
164.6490929999999935
21
-60.0516849999999991
0
LINE
8
BLACK
6
CONTINUOUS
10
164.6490929999999935
20
-60.0516849999999991
11
164.6816010000000006
21
-59.8882580000000004
0
LINE
8
BLACK
6
CONTINUOUS
10
164.6816010000000006
20
-59.8882580000000004
11
164.7453669999999875
21
-59.7343130000000002
0
LINE
8
BLACK
6
CONTINUOUS
10
164.7453669999999875
20
-59.7343130000000002
11
164.8379410000000007
21
-59.5957659999999976
0
LINE
8
BLACK
6
CONTINUOUS
10
164.8379410000000007
20
-59.5957659999999976
11
164.9557659999999828
21
-59.4779409999999942
0
LINE
8
BLACK
6
CONTINUOUS
10
164.9557659999999828
20
-59.4779409999999942
11
165.0943129999999996
21
-59.3853669999999951
0
LINE
8
BLACK
6
CONTINUOUS
10
165.0943129999999996
20
-59.3853669999999951
11
165.2482579999999928
21
-59.321600999999994
0
LINE
8
BLACK
6
CONTINUOUS
10
165.2482579999999928
20
-59.321600999999994
11
165.4116850000000056
21
-59.289092999999994
0
LINE
8
BLACK
6
CONTINUOUS
10
165.4116850000000056
20
-59.289092999999994
11
165.5783150000000035
21
-59.289092999999994
0
LINE
8
BLACK
6
CONTINUOUS
10
165.5783150000000035
20
-59.289092999999994
11
165.7417419999999879
21
-59.321600999999994
0
LINE
8
BLACK
6
CONTINUOUS
10
168.28174199999998
20
-59.321600999999994
11
168.4356870000000015
21
-59.3853669999999951
0
LINE
8
BLACK
6
CONTINUOUS
10
168.4356870000000015
20
-59.3853669999999951
11
168.5742339999999899
21
-59.4779409999999942
0
LINE
8
BLACK
6
CONTINUOUS
10
168.5742339999999899
20
-59.4779409999999942
11
168.6920590000000004
21
-59.5957659999999976
0
LINE
8
BLACK
6
CONTINUOUS
10
168.6920590000000004
20
-59.5957659999999976
11
168.7846329999999853
21
-59.7343130000000002
0
LINE
8
BLACK
6
CONTINUOUS
10
168.7846329999999853
20
-59.7343130000000002
11
168.8483990000000006
21
-59.8882580000000004
0
LINE
8
BLACK
6
CONTINUOUS
10
168.8483990000000006
20
-59.8882580000000004
11
168.8809069999999792
21
-60.0516849999999991
0
LINE
8
BLACK
6
CONTINUOUS
10
168.8809069999999792
20
-60.0516849999999991
11
168.8809069999999792
21
-60.2183149999999969
0
LINE
8
BLACK
6
CONTINUOUS
10
168.8809069999999792
20
-60.2183149999999969
11
168.8483990000000006
21
-60.3817419999999956
0
LINE
8
BLACK
6
CONTINUOUS
10
168.8483990000000006
20
-60.3817419999999956
11
168.7846329999999853
21
-60.5356869999999958
0
LINE
8
BLACK
6
CONTINUOUS
10
168.7846329999999853
20
-60.5356869999999958
11
168.6920590000000004
21
-60.6742339999999984
0
LINE
8
BLACK
6
CONTINUOUS
10
168.6920590000000004
20
-60.6742339999999984
11
168.5742339999999899
21
-60.7920589999999947
0
LINE
8
BLACK
6
CONTINUOUS
10
168.5742339999999899
20
-60.7920589999999947
11
168.4356870000000015
21
-60.8846329999999938
0
LINE
8
BLACK
6
CONTINUOUS
10
168.4356870000000015
20
-60.8846329999999938
11
168.28174199999998
21
-60.9483989999999949
0
LINE
8
BLACK
6
CONTINUOUS
10
168.28174199999998
20
-60.9483989999999949
11
168.1183149999999955
21
-60.9809069999999949
0
LINE
8
BLACK
6
CONTINUOUS
10
168.1183149999999955
20
-60.9809069999999949
11
167.9516849999999977
21
-60.9809069999999949
0
LINE
8
BLACK
6
CONTINUOUS
10
167.9516849999999977
20
-60.9809069999999949
11
167.7882579999999848
21
-60.9483989999999949
0
LINE
8
BLACK
6
CONTINUOUS
10
167.7882579999999848
20
-60.9483989999999949
11
167.6343129999999917
21
-60.8846329999999938
0
LINE
8
BLACK
6
CONTINUOUS
10
167.6343129999999917
20
-60.8846329999999938
11
167.4957660000000033
21
-60.7920589999999947
0
LINE
8
BLACK
6
CONTINUOUS
10
167.4957660000000033
20
-60.7920589999999947
11
167.3779409999999928
21
-60.6742339999999984
0
LINE
8
BLACK
6
CONTINUOUS
10
167.3779409999999928
20
-60.6742339999999984
11
167.2853669999999795
21
-60.5356869999999958
0
LINE
8
BLACK
6
CONTINUOUS
10
167.2853669999999795
20
-60.5356869999999958
11
167.2216009999999926
21
-60.3817419999999956
0
LINE
8
BLACK
6
CONTINUOUS
10
167.2216009999999926
20
-60.3817419999999956
11
167.1890929999999855
21
-60.2183149999999969
0
LINE
8
BLACK
6
CONTINUOUS
10
167.1890929999999855
20
-60.2183149999999969
11
167.1890929999999855
21
-60.0516849999999991
0
LINE
8
BLACK
6
CONTINUOUS
10
167.1890929999999855
20
-60.0516849999999991
11
167.2216009999999926
21
-59.8882580000000004
0
LINE
8
BLACK
6
CONTINUOUS
10
167.2216009999999926
20
-59.8882580000000004
11
167.2853669999999795
21
-59.7343130000000002
0
LINE
8
BLACK
6
CONTINUOUS
10
167.2853669999999795
20
-59.7343130000000002
11
167.3779409999999928
21
-59.5957659999999976
0
LINE
8
BLACK
6
CONTINUOUS
10
167.3779409999999928
20
-59.5957659999999976
11
167.4957660000000033
21
-59.4779409999999942
0
LINE
8
BLACK
6
CONTINUOUS
10
167.4957660000000033
20
-59.4779409999999942
11
167.6343129999999917
21
-59.3853669999999951
0
LINE
8
BLACK
6
CONTINUOUS
10
167.6343129999999917
20
-59.3853669999999951
11
167.7882579999999848
21
-59.321600999999994
0
LINE
8
BLACK
6
CONTINUOUS
10
167.7882579999999848
20
-59.321600999999994
11
167.9516849999999977
21
-59.289092999999994
0
LINE
8
BLACK
6
CONTINUOUS
10
167.9516849999999977
20
-59.289092999999994
11
168.1183149999999955
21
-59.289092999999994
0
LINE
8
BLACK
6
CONTINUOUS
10
168.1183149999999955
20
-59.289092999999994
11
168.28174199999998
21
-59.321600999999994
0
LINE
8
BLACK
6
CONTINUOUS
10
129.5279999999999916
20
-60.3320000000000007
11
128.0279999999999916
21
-60.3320000000000007
0
LINE
8
BLACK
6
CONTINUOUS
10
128.0279999999999916
20
-60.3320000000000007
11
128.0279999999999916
21
-59.3320000000000007
0
LINE
8
BLACK
6
CONTINUOUS
10
128.0279999999999916
20
-59.3320000000000007
11
129.5279999999999916
21
-59.3320000000000007
0
LINE
8
BLACK
6
CONTINUOUS
10
129.5279999999999916
20
-59.3320000000000007
11
129.5279999999999916
21
-60.3320000000000007
0
LINE
8
BLACK
6
CONTINUOUS
10
132.0679999999999836
20
-59.8320000000000007
11
132.0637219999999843
21
-59.8320000000000007
0
LINE
8
BLACK
6
CONTINUOUS
10
132.0637219999999843
20
-59.8320000000000007
11
132.0637219999999843
21
-59.8972629999999953
0
LINE
8
BLACK
6
CONTINUOUS
10
132.0637219999999843
20
-59.8972629999999953
11
132.0299399999999821
21
-60.0233419999999995
0
LINE
8
BLACK
6
CONTINUOUS
10
132.0299399999999821
20
-60.0233419999999995
11
131.9646769999999947
21
-60.1363810000000001
0
LINE
8
BLACK
6
CONTINUOUS
10
131.9646769999999947
20
-60.1363810000000001
11
131.8723809999999901
21
-60.2286769999999976
0
LINE
8
BLACK
6
CONTINUOUS
10
131.8723809999999901
20
-60.2286769999999976
11
131.7593420000000037
21
-60.2939399999999992
0
LINE
8
BLACK
6
CONTINUOUS
10
131.7593420000000037
20
-60.2939399999999992
11
131.6332629999999995
21
-60.3277219999999943
0
LINE
8
BLACK
6
CONTINUOUS
10
131.6332629999999995
20
-60.3277219999999943
11
131.5679999999999836
21
-60.3277219999999943
0
LINE
8
BLACK
6
CONTINUOUS
10
131.5679999999999836
20
-60.3277219999999943
11
131.5679999999999836
21
-60.3320000000000007
0
LINE
8
BLACK
6
CONTINUOUS
10
131.5679999999999836
20
-60.3320000000000007
11
131.0679999999999836
21
-60.3320000000000007
0
LINE
8
BLACK
6
CONTINUOUS
10
131.0679999999999836
20
-60.3320000000000007
11
131.0679999999999836
21
-60.3277219999999943
0
LINE
8
BLACK
6
CONTINUOUS
10
131.0679999999999836
20
-60.3277219999999943
11
131.0027369999999962
21
-60.3277219999999943
0
LINE
8
BLACK
6
CONTINUOUS
10
131.0027369999999962
20
-60.3277219999999943
11
130.8766579999999919
21
-60.2939399999999992
0
LINE
8
BLACK
6
CONTINUOUS
10
130.8766579999999919
20
-60.2939399999999992
11
130.7636190000000056
21
-60.2286769999999976
0
LINE
8
BLACK
6
CONTINUOUS
10
130.7636190000000056
20
-60.2286769999999976
11
130.671323000000001
21
-60.1363810000000001
0
LINE
8
BLACK
6
CONTINUOUS
10
130.671323000000001
20
-60.1363810000000001
11
130.6060599999999852
21
-60.0233419999999995
0
LINE
8
BLACK
6
CONTINUOUS
10
130.6060599999999852
20
-60.0233419999999995
11
130.572277999999983
21
-59.8972629999999953
0
LINE
8
BLACK
6
CONTINUOUS
10
130.572277999999983
20
-59.8972629999999953
11
130.572277999999983
21
-59.8320000000000007
0
LINE
8
BLACK
6
CONTINUOUS
10
130.572277999999983
20
-59.8320000000000007
11
130.5679999999999836
21
-59.8320000000000007
0
LINE
8
BLACK
6
CONTINUOUS
10
130.5679999999999836
20
-59.8320000000000007
11
130.5679999999999836
21
-59.3320000000000007
0
LINE
8
BLACK
6
CONTINUOUS
10
130.5679999999999836
20
-59.3320000000000007
11
132.0679999999999836
21
-59.3320000000000007
0
LINE
8
BLACK
6
CONTINUOUS
10
132.0679999999999836
20
-59.3320000000000007
11
132.0679999999999836
21
-59.8320000000000007
0
LINE
8
BLACK
6
CONTINUOUS
10
134.6080000000000041
20
-60.3320000000000007
11
133.1080000000000041
21
-60.3320000000000007
0
LINE
8
BLACK
6
CONTINUOUS
10
133.1080000000000041
20
-60.3320000000000007
11
133.1080000000000041
21
-59.3320000000000007
0
LINE
8
BLACK
6
CONTINUOUS
10
133.1080000000000041
20
-59.3320000000000007
11
134.6080000000000041
21
-59.3320000000000007
0
LINE
8
BLACK
6
CONTINUOUS
10
134.6080000000000041
20
-59.3320000000000007
11
134.6080000000000041
21
-60.3320000000000007
0
LINE
8
BLACK
6
CONTINUOUS
10
137.1479999999999961
20
-60.3320000000000007
11
135.6479999999999961
21
-60.3320000000000007
0
LINE
8
BLACK
6
CONTINUOUS
10
135.6479999999999961
20
-60.3320000000000007
11
135.6479999999999961
21
-59.3320000000000007
0
LINE
8
BLACK
6
CONTINUOUS
10
135.6479999999999961
20
-59.3320000000000007
11
137.1479999999999961
21
-59.3320000000000007
0
LINE
8
BLACK
6
CONTINUOUS
10
137.1479999999999961
20
-59.3320000000000007
11
137.1479999999999961
21
-60.3320000000000007
0
LINE
8
BLACK
6
CONTINUOUS
10
129.5279999999999916
20
-59.0319999999999965
11
128.0279999999999916
21
-59.0319999999999965
0
LINE
8
BLACK
6
CONTINUOUS
10
128.0279999999999916
20
-59.0319999999999965
11
128.0279999999999916
21
-58.0319999999999965
0
LINE
8
BLACK
6
CONTINUOUS
10
128.0279999999999916
20
-58.0319999999999965
11
129.5279999999999916
21
-58.0319999999999965
0
LINE
8
BLACK
6
CONTINUOUS
10
129.5279999999999916
20
-58.0319999999999965
11
129.5279999999999916
21
-59.0319999999999965
0
LINE
8
BLACK
6
CONTINUOUS
10
131.5679999999999836
20
-58.0362779999999958
11
131.6332629999999995
21
-58.0362779999999958
0
LINE
8
BLACK
6
CONTINUOUS
10
131.6332629999999995
20
-58.0362779999999958
11
131.7593420000000037
21
-58.070059999999998
0
LINE
8
BLACK
6
CONTINUOUS
10
131.7593420000000037
20
-58.070059999999998
11
131.8723809999999901
21
-58.1353229999999996
0
LINE
8
BLACK
6
CONTINUOUS
10
131.8723809999999901
20
-58.1353229999999996
11
131.9646769999999947
21
-58.2276189999999971
0
LINE
8
BLACK
6
CONTINUOUS
10
131.9646769999999947
20
-58.2276189999999971
11
132.0299399999999821
21
-58.3406579999999977
0
LINE
8
BLACK
6
CONTINUOUS
10
132.0299399999999821
20
-58.3406579999999977
11
132.0637219999999843
21
-58.4667369999999949
0
LINE
8
BLACK
6
CONTINUOUS
10
132.0637219999999843
20
-58.4667369999999949
11
132.0637219999999843
21
-58.5319999999999965
0
LINE
8
BLACK
6
CONTINUOUS
10
132.0637219999999843
20
-58.5319999999999965
11
132.0679999999999836
21
-58.5319999999999965
0
LINE
8
BLACK
6
CONTINUOUS
10
132.0679999999999836
20
-58.5319999999999965
11
132.0679999999999836
21
-59.0319999999999965
0
LINE
8
BLACK
6
CONTINUOUS
10
132.0679999999999836
20
-59.0319999999999965
11
130.5679999999999836
21
-59.0319999999999965
0
LINE
8
BLACK
6
CONTINUOUS
10
130.5679999999999836
20
-59.0319999999999965
11
130.5679999999999836
21
-58.5319999999999965
0
LINE
8
BLACK
6
CONTINUOUS
10
130.5679999999999836
20
-58.5319999999999965
11
130.572277999999983
21
-58.5319999999999965
0
LINE
8
BLACK
6
CONTINUOUS
10
130.572277999999983
20
-58.5319999999999965
11
130.572277999999983
21
-58.4667369999999949
0
LINE
8
BLACK
6
CONTINUOUS
10
130.572277999999983
20
-58.4667369999999949
11
130.6060599999999852
21
-58.3406579999999977
0
LINE
8
BLACK
6
CONTINUOUS
10
130.6060599999999852
20
-58.3406579999999977
11
130.671323000000001
21
-58.2276189999999971
0
LINE
8
BLACK
6
CONTINUOUS
10
130.671323000000001
20
-58.2276189999999971
11
130.7636190000000056
21
-58.1353229999999996
0
LINE
8
BLACK
6
CONTINUOUS
10
130.7636190000000056
20
-58.1353229999999996
11
130.8766579999999919
21
-58.070059999999998
0
LINE
8
BLACK
6
CONTINUOUS
10
130.8766579999999919
20
-58.070059999999998
11
131.0027369999999962
21
-58.0362779999999958
0
LINE
8
BLACK
6
CONTINUOUS
10
131.0027369999999962
20
-58.0362779999999958
11
131.0679999999999836
21
-58.0362779999999958
0
LINE
8
BLACK
6
CONTINUOUS
10
131.0679999999999836
20
-58.0362779999999958
11
131.0679999999999836
21
-58.0319999999999965
0
LINE
8
BLACK
6
CONTINUOUS
10
131.0679999999999836
20
-58.0319999999999965
11
131.5679999999999836
21
-58.0319999999999965
0
LINE
8
BLACK
6
CONTINUOUS
10
131.5679999999999836
20
-58.0319999999999965
11
131.5679999999999836
21
-58.0362779999999958
0
LINE
8
BLACK
6
CONTINUOUS
10
134.6080000000000041
20
-59.0319999999999965
11
133.1080000000000041
21
-59.0319999999999965
0
LINE
8
BLACK
6
CONTINUOUS
10
133.1080000000000041
20
-59.0319999999999965
11
133.1080000000000041
21
-58.0319999999999965
0
LINE
8
BLACK
6
CONTINUOUS
10
133.1080000000000041
20
-58.0319999999999965
11
134.6080000000000041
21
-58.0319999999999965
0
LINE
8
BLACK
6
CONTINUOUS
10
134.6080000000000041
20
-58.0319999999999965
11
134.6080000000000041
21
-59.0319999999999965
0
LINE
8
BLACK
6
CONTINUOUS
10
137.1479999999999961
20
-59.0319999999999965
11
135.6479999999999961
21
-59.0319999999999965
0
LINE
8
BLACK
6
CONTINUOUS
10
135.6479999999999961
20
-59.0319999999999965
11
135.6479999999999961
21
-58.0319999999999965
0
LINE
8
BLACK
6
CONTINUOUS
10
135.6479999999999961
20
-58.0319999999999965
11
137.1479999999999961
21
-58.0319999999999965
0
LINE
8
BLACK
6
CONTINUOUS
10
137.1479999999999961
20
-58.0319999999999965
11
137.1479999999999961
21
-59.0319999999999965
0
CIRCLE
8
BLACK
10
163.9904989999999998
20
-73.875
40
0.1
0
CIRCLE
8
BLACK
10
162.4654989999999941
20
-73.875
40
0.1
0
CIRCLE
8
BLACK
10
164.7529989999999884
20
-74.6375000000000028
40
0.1
0
CIRCLE
8
BLACK
10
163.2279989999999827
20
-74.6375000000000028
40
0.1
0
CIRCLE
8
BLACK
10
161.7029990000000055
20
-74.6375000000000028
40
0.1
0
CIRCLE
8
BLACK
10
163.9904989999999998
20
-75.3999999999999915
40
0.1
0
CIRCLE
8
BLACK
10
162.4654989999999941
20
-75.3999999999999915
40
0.1
0
CIRCLE
8
BLACK
10
164.7529989999999884
20
-76.1624999999999943
40
0.1
0
CIRCLE
8
BLACK
10
163.2279989999999827
20
-76.1624999999999943
40
0.1
0
CIRCLE
8
BLACK
10
161.7029990000000055
20
-76.1624999999999943
40
0.1
0
CIRCLE
8
BLACK
10
163.9904989999999998
20
-76.9249999999999972
40
0.1
0
CIRCLE
8
BLACK
10
162.4654989999999941
20
-76.9249999999999972
40
0.1
0
CIRCLE
8
BLACK
10
150.2999999999999829
20
-113.1899999999999977
40
0.5
0
CIRCLE
8
BLACK
10
147.7599999999999909
20
-113.1899999999999977
40
0.5
0
CIRCLE
8
BLACK
10
145.2199999999999989
20
-113.1899999999999977
40
0.5
0
CIRCLE
8
BLACK
10
174.5
20
-98.75
40
0.22
0
CIRCLE
8
BLACK
10
175.5
20
-98.0999999999999943
40
0.22
0
CIRCLE
8
BLACK
10
174.5
20
-97.4499999999999886
40
0.22
0
CIRCLE
8
BLACK
10
175.5
20
-96.7999999999999972
40
0.22
0
CIRCLE
8
BLACK
10
174.5
20
-96.1499999999999915
40
0.22
0
LINE
8
BLACK
6
CONTINUOUS
10
175.2541410000000042
20
-100.8533630000000016
11
175.3172249999999792
21
-100.8794929999999965
0
LINE
8
BLACK
6
CONTINUOUS
10
175.3172249999999792
20
-100.8794929999999965
11
175.3655069999999796
21
-100.9277749999999969
0
LINE
8
BLACK
6
CONTINUOUS
10
175.3655069999999796
20
-100.9277749999999969
11
175.3916370000000029
21
-100.9908590000000004
0
LINE
8
BLACK
6
CONTINUOUS
10
175.3916370000000029
20
-100.9908590000000004
11
175.3916370000000029
21
-101.0591409999999968
0
LINE
8
BLACK
6
CONTINUOUS
10
175.3916370000000029
20
-101.0591409999999968
11
175.3655069999999796
21
-101.1222250000000003
0
LINE
8
BLACK
6
CONTINUOUS
10
175.3655069999999796
20
-101.1222250000000003
11
175.3172249999999792
21
-101.1705070000000006
0
LINE
8
BLACK
6
CONTINUOUS
10
175.3172249999999792
20
-101.1705070000000006
11
175.2541410000000042
21
-101.1966369999999955
0
LINE
8
BLACK
6
CONTINUOUS
10
175.2541410000000042
20
-101.1966369999999955
11
175.2199999999999989
21
-101.1999999999999886
0
LINE
8
BLACK
6
CONTINUOUS
10
175.2199999999999989
20
-101.1999999999999886
11
174.2199999999999989
21
-101.1999999999999886
0
LINE
8
BLACK
6
CONTINUOUS
10
174.2199999999999989
20
-101.1999999999999886
11
174.1858589999999936
21
-101.1966369999999955
0
LINE
8
BLACK
6
CONTINUOUS
10
174.1858589999999936
20
-101.1966369999999955
11
174.1227749999999901
21
-101.1705070000000006
0
LINE
8
BLACK
6
CONTINUOUS
10
174.1227749999999901
20
-101.1705070000000006
11
174.0744929999999897
21
-101.1222250000000003
0
LINE
8
BLACK
6
CONTINUOUS
10
174.0744929999999897
20
-101.1222250000000003
11
174.0483629999999948
21
-101.0591409999999968
0
LINE
8
BLACK
6
CONTINUOUS
10
174.0483629999999948
20
-101.0591409999999968
11
174.0483629999999948
21
-100.9908590000000004
0
LINE
8
BLACK
6
CONTINUOUS
10
174.0483629999999948
20
-100.9908590000000004
11
174.0744929999999897
21
-100.9277749999999969
0
LINE
8
BLACK
6
CONTINUOUS
10
174.0744929999999897
20
-100.9277749999999969
11
174.1227749999999901
21
-100.8794929999999965
0
LINE
8
BLACK
6
CONTINUOUS
10
174.1227749999999901
20
-100.8794929999999965
11
174.1858589999999936
21
-100.8533630000000016
0
LINE
8
BLACK
6
CONTINUOUS
10
174.1858589999999936
20
-100.8533630000000016
11
174.2199999999999989
21
-100.8499999999999943
0
LINE
8
BLACK
6
CONTINUOUS
10
174.2199999999999989
20
-100.8499999999999943
11
175.2199999999999989
21
-100.8499999999999943
0
LINE
8
BLACK
6
CONTINUOUS
10
175.2199999999999989
20
-100.8499999999999943
11
175.2541410000000042
21
-100.8533630000000016
0
LINE
8
BLACK
6
CONTINUOUS
10
175.2541410000000042
20
-93.703362999999996
11
175.3172249999999792
21
-93.7294929999999908
0
LINE
8
BLACK
6
CONTINUOUS
10
175.3172249999999792
20
-93.7294929999999908
11
175.3655069999999796
21
-93.7777749999999912
0
LINE
8
BLACK
6
CONTINUOUS
10
175.3655069999999796
20
-93.7777749999999912
11
175.3916370000000029
21
-93.8408589999999947
0
LINE
8
BLACK
6
CONTINUOUS
10
175.3916370000000029
20
-93.8408589999999947
11
175.3916370000000029
21
-93.9091409999999911
0
LINE
8
BLACK
6
CONTINUOUS
10
175.3916370000000029
20
-93.9091409999999911
11
175.3655069999999796
21
-93.9722249999999946
0
LINE
8
BLACK
6
CONTINUOUS
10
175.3655069999999796
20
-93.9722249999999946
11
175.3172249999999792
21
-94.0205069999999949
0
LINE
8
BLACK
6
CONTINUOUS
10
175.3172249999999792
20
-94.0205069999999949
11
175.2541410000000042
21
-94.0466369999999898
0
LINE
8
BLACK
6
CONTINUOUS
10
175.2541410000000042
20
-94.0466369999999898
11
175.2199999999999989
21
-94.0499999999999972
0
LINE
8
BLACK
6
CONTINUOUS
10
175.2199999999999989
20
-94.0499999999999972
11
174.2199999999999989
21
-94.0499999999999972
0
LINE
8
BLACK
6
CONTINUOUS
10
174.2199999999999989
20
-94.0499999999999972
11
174.1858589999999936
21
-94.0466369999999898
0
LINE
8
BLACK
6
CONTINUOUS
10
174.1858589999999936
20
-94.0466369999999898
11
174.1227749999999901
21
-94.0205069999999949
0
LINE
8
BLACK
6
CONTINUOUS
10
174.1227749999999901
20
-94.0205069999999949
11
174.0744929999999897
21
-93.9722249999999946
0
LINE
8
BLACK
6
CONTINUOUS
10
174.0744929999999897
20
-93.9722249999999946
11
174.0483629999999948
21
-93.9091409999999911
0
LINE
8
BLACK
6
CONTINUOUS
10
174.0483629999999948
20
-93.9091409999999911
11
174.0483629999999948
21
-93.8408589999999947
0
LINE
8
BLACK
6
CONTINUOUS
10
174.0483629999999948
20
-93.8408589999999947
11
174.0744929999999897
21
-93.7777749999999912
0
LINE
8
BLACK
6
CONTINUOUS
10
174.0744929999999897
20
-93.7777749999999912
11
174.1227749999999901
21
-93.7294929999999908
0
LINE
8
BLACK
6
CONTINUOUS
10
174.1227749999999901
20
-93.7294929999999908
11
174.1858589999999936
21
-93.703362999999996
0
LINE
8
BLACK
6
CONTINUOUS
10
174.1858589999999936
20
-93.703362999999996
11
174.2199999999999989
21
-93.7000000000000028
0
LINE
8
BLACK
6
CONTINUOUS
10
174.2199999999999989
20
-93.7000000000000028
11
175.2199999999999989
21
-93.7000000000000028
0
LINE
8
BLACK
6
CONTINUOUS
10
175.2199999999999989
20
-93.7000000000000028
11
175.2541410000000042
21
-93.703362999999996
0
CIRCLE
8
BLACK
10
145.1749999999999829
20
-62.6749999999999972
40
0.5
0
CIRCLE
8
BLACK
10
145.1749999999999829
20
-60.134999999999998
40
0.5
0
CIRCLE
8
BLACK
10
147.7150000000000034
20
-62.6749999999999972
40
0.5
0
CIRCLE
8
BLACK
10
147.7150000000000034
20
-60.134999999999998
40
0.5
0
CIRCLE
8
BLACK
10
150.2549999999999955
20
-62.6749999999999972
40
0.5
0
CIRCLE
8
BLACK
10
150.2549999999999955
20
-60.134999999999998
40
0.5
0
CIRCLE
8
BLACK
10
152.7949999999999875
20
-62.6749999999999972
40
0.5
0
CIRCLE
8
BLACK
10
152.7949999999999875
20
-60.134999999999998
40
0.5
0
CIRCLE
8
BLACK
10
155.3349999999999795
20
-62.6749999999999972
40
0.5
0
CIRCLE
8
BLACK
10
155.3349999999999795
20
-60.134999999999998
40
0.5
0
CIRCLE
8
BLACK
10
157.875
20
-62.6749999999999972
40
0.5
0
CIRCLE
8
BLACK
10
157.875
20
-60.134999999999998
40
0.5
0
CIRCLE
8
BLACK
10
160.414999999999992
20
-62.6749999999999972
40
0.5
0
CIRCLE
8
BLACK
10
160.414999999999992
20
-60.134999999999998
40
0.5
0
CIRCLE
8
BLACK
10
162.9549999999999841
20
-62.6749999999999972
40
0.5
0
CIRCLE
8
BLACK
10
162.9549999999999841
20
-60.134999999999998
40
0.5
0
CIRCLE
8
BLACK
10
165.4950000000000045
20
-62.6749999999999972
40
0.5
0
CIRCLE
8
BLACK
10
165.4950000000000045
20
-60.134999999999998
40
0.5
0
CIRCLE
8
BLACK
10
168.0349999999999966
20
-62.6749999999999972
40
0.5
0
CIRCLE
8
BLACK
10
168.0349999999999966
20
-60.134999999999998
40
0.5
0
LINE
8
BLACK
6
CONTINUOUS
10
113.5323349999999891
20
-63.0265679999999975
11
113.6799099999999925
21
-63.2296879999999959
0
LINE
8
BLACK
6
CONTINUOUS
10
113.6799099999999925
20
-63.2296879999999959
11
113.7938919999999996
21
-63.4533909999999963
0
LINE
8
BLACK
6
CONTINUOUS
10
113.7938919999999996
20
-63.4533909999999963
11
113.8714769999999987
21
-63.6921729999999968
0
LINE
8
BLACK
6
CONTINUOUS
10
113.8714769999999987
20
-63.6921729999999968
11
113.9107529999999997
21
-63.9401499999999956
0
LINE
8
BLACK
6
CONTINUOUS
10
113.9107529999999997
20
-63.9401499999999956
11
113.9107529999999997
21
-64.1912200000000013
0
LINE
8
BLACK
6
CONTINUOUS
10
113.9107529999999997
20
-64.1912200000000013
11
113.8714769999999987
21
-64.439196999999993
0
LINE
8
BLACK
6
CONTINUOUS
10
113.8714769999999987
20
-64.439196999999993
11
113.7938919999999996
21
-64.6779789999999934
0
LINE
8
BLACK
6
CONTINUOUS
10
113.7938919999999996
20
-64.6779789999999934
11
113.6799099999999925
21
-64.9016829999999914
0
LINE
8
BLACK
6
CONTINUOUS
10
113.6799099999999925
20
-64.9016829999999914
11
113.5323349999999891
21
-65.1048019999999923
0
LINE
8
BLACK
6
CONTINUOUS
10
113.5323349999999891
20
-65.1048019999999923
11
113.3548019999999923
21
-65.2823350000000033
0
LINE
8
BLACK
6
CONTINUOUS
10
113.3548019999999923
20
-65.2823350000000033
11
113.1516829999999914
21
-65.4299099999999925
0
LINE
8
BLACK
6
CONTINUOUS
10
113.1516829999999914
20
-65.4299099999999925
11
112.9279789999999934
21
-65.5438919999999996
0
LINE
8
BLACK
6
CONTINUOUS
10
112.9279789999999934
20
-65.5438919999999996
11
112.689196999999993
21
-65.6214769999999987
0
LINE
8
BLACK
6
CONTINUOUS
10
112.689196999999993
20
-65.6214769999999987
11
112.4412200000000013
21
-65.6607529999999997
0
LINE
8
BLACK
6
CONTINUOUS
10
112.4412200000000013
20
-65.6607529999999997
11
112.1901499999999885
21
-65.6607529999999997
0
LINE
8
BLACK
6
CONTINUOUS
10
112.1901499999999885
20
-65.6607529999999997
11
111.9421729999999968
21
-65.6214769999999987
0
LINE
8
BLACK
6
CONTINUOUS
10
111.9421729999999968
20
-65.6214769999999987
11
111.7033909999999963
21
-65.5438919999999996
0
LINE
8
BLACK
6
CONTINUOUS
10
111.7033909999999963
20
-65.5438919999999996
11
111.4796879999999959
21
-65.4299099999999925
0
LINE
8
BLACK
6
CONTINUOUS
10
111.4796879999999959
20
-65.4299099999999925
11
111.2765679999999975
21
-65.2823350000000033
0
LINE
8
BLACK
6
CONTINUOUS
10
111.2765679999999975
20
-65.2823350000000033
11
111.1843140000000005
21
-65.1970560000000035
0
LINE
8
BLACK
6
CONTINUOUS
10
111.1843140000000005
20
-65.1970560000000035
11
110.0529439999999965
21
-64.0656859999999995
0
LINE
8
BLACK
6
CONTINUOUS
10
110.0529439999999965
20
-64.0656859999999995
11
109.9676649999999967
21
-63.9734319999999954
0
LINE
8
BLACK
6
CONTINUOUS
10
109.9676649999999967
20
-63.9734319999999954
11
109.8200899999999933
21
-63.770311999999997
0
LINE
8
BLACK
6
CONTINUOUS
10
109.8200899999999933
20
-63.770311999999997
11
109.7061080000000004
21
-63.5466089999999966
0
LINE
8
BLACK
6
CONTINUOUS
10
109.7061080000000004
20
-63.5466089999999966
11
109.6285230000000013
21
-63.3078269999999961
0
LINE
8
BLACK
6
CONTINUOUS
10
109.6285230000000013
20
-63.3078269999999961
11
109.5892470000000003
21
-63.0598499999999973
0
LINE
8
BLACK
6
CONTINUOUS
10
109.5892470000000003
20
-63.0598499999999973
11
109.5892470000000003
21
-62.8087799999999987
0
LINE
8
BLACK
6
CONTINUOUS
10
109.5892470000000003
20
-62.8087799999999987
11
109.6285230000000013
21
-62.5608029999999999
0
LINE
8
BLACK
6
CONTINUOUS
10
109.6285230000000013
20
-62.5608029999999999
11
109.7061080000000004
21
-62.3220209999999994
0
LINE
8
BLACK
6
CONTINUOUS
10
109.7061080000000004
20
-62.3220209999999994
11
109.8200899999999933
21
-62.098317999999999
0
LINE
8
BLACK
6
CONTINUOUS
10
109.8200899999999933
20
-62.098317999999999
11
109.9676649999999967
21
-61.8951980000000006
0
LINE
8
BLACK
6
CONTINUOUS
10
109.9676649999999967
20
-61.8951980000000006
11
110.1451979999999935
21
-61.7176649999999967
0
LINE
8
BLACK
6
CONTINUOUS
10
110.1451979999999935
20
-61.7176649999999967
11
110.3483179999999919
21
-61.5700900000000004
0
LINE
8
BLACK
6
CONTINUOUS
10
110.3483179999999919
20
-61.5700900000000004
11
110.5720209999999923
21
-61.4561080000000004
0
LINE
8
BLACK
6
CONTINUOUS
10
110.5720209999999923
20
-61.4561080000000004
11
110.8108029999999928
21
-61.3785229999999942
0
LINE
8
BLACK
6
CONTINUOUS
10
110.8108029999999928
20
-61.3785229999999942
11
111.0587799999999987
21
-61.3392470000000003
0
LINE
8
BLACK
6
CONTINUOUS
10
111.0587799999999987
20
-61.3392470000000003
11
111.3098499999999973
21
-61.3392470000000003
0
LINE
8
BLACK
6
CONTINUOUS
10
111.3098499999999973
20
-61.3392470000000003
11
111.557826999999989
21
-61.3785229999999942
0
LINE
8
BLACK
6
CONTINUOUS
10
111.557826999999989
20
-61.3785229999999942
11
111.7966089999999895
21
-61.4561080000000004
0
LINE
8
BLACK
6
CONTINUOUS
10
111.7966089999999895
20
-61.4561080000000004
11
112.0203119999999899
21
-61.5700900000000004
0
LINE
8
BLACK
6
CONTINUOUS
10
112.0203119999999899
20
-61.5700900000000004
11
112.2234319999999883
21
-61.7176649999999967
0
LINE
8
BLACK
6
CONTINUOUS
10
112.2234319999999883
20
-61.7176649999999967
11
112.3156859999999995
21
-61.8029439999999965
0
LINE
8
BLACK
6
CONTINUOUS
10
112.3156859999999995
20
-61.8029439999999965
11
113.4470559999999892
21
-62.9343140000000005
0
LINE
8
BLACK
6
CONTINUOUS
10
113.4470559999999892
20
-62.9343140000000005
11
113.5323349999999891
21
-63.0265679999999975
0
LINE
8
BLACK
6
CONTINUOUS
10
158.0323349999999891
20
-108.0265679999999975
11
158.1799100000000067
21
-108.2296879999999959
0
LINE
8
BLACK
6
CONTINUOUS
10
158.1799100000000067
20
-108.2296879999999959
11
158.2938919999999996
21
-108.4533909999999963
0
LINE
8
BLACK
6
CONTINUOUS
10
158.2938919999999996
20
-108.4533909999999963
11
158.3714769999999987
21
-108.6921729999999968
0
LINE
8
BLACK
6
CONTINUOUS
10
158.3714769999999987
20
-108.6921729999999968
11
158.4107529999999997
21
-108.9401499999999885
0
LINE
8
BLACK
6
CONTINUOUS
10
158.4107529999999997
20
-108.9401499999999885
11
158.4107529999999997
21
-109.1912200000000013
0
LINE
8
BLACK
6
CONTINUOUS
10
158.4107529999999997
20
-109.1912200000000013
11
158.3714769999999987
21
-109.439196999999993
0
LINE
8
BLACK
6
CONTINUOUS
10
158.3714769999999987
20
-109.439196999999993
11
158.2938919999999996
21
-109.6779789999999934
0
LINE
8
BLACK
6
CONTINUOUS
10
158.2938919999999996
20
-109.6779789999999934
11
158.1799100000000067
21
-109.9016829999999914
0
LINE
8
BLACK
6
CONTINUOUS
10
158.1799100000000067
20
-109.9016829999999914
11
158.0323349999999891
21
-110.1048019999999923
0
LINE
8
BLACK
6
CONTINUOUS
10
158.0323349999999891
20
-110.1048019999999923
11
157.8548020000000065
21
-110.2823349999999891
0
LINE
8
BLACK
6
CONTINUOUS
10
157.8548020000000065
20
-110.2823349999999891
11
157.6516829999999914
21
-110.4299099999999925
0
LINE
8
BLACK
6
CONTINUOUS
10
157.6516829999999914
20
-110.4299099999999925
11
157.4279789999999934
21
-110.5438919999999996
0
LINE
8
BLACK
6
CONTINUOUS
10
157.4279789999999934
20
-110.5438919999999996
11
157.1891969999999787
21
-110.6214769999999987
0
LINE
8
BLACK
6
CONTINUOUS
10
157.1891969999999787
20
-110.6214769999999987
11
156.9412199999999871
21
-110.6607529999999997
0
LINE
8
BLACK
6
CONTINUOUS
10
156.9412199999999871
20
-110.6607529999999997
11
156.6901499999999885
21
-110.6607529999999997
0
LINE
8
BLACK
6
CONTINUOUS
10
156.6901499999999885
20
-110.6607529999999997
11
156.4421729999999968
21
-110.6214769999999987
0
LINE
8
BLACK
6
CONTINUOUS
10
156.4421729999999968
20
-110.6214769999999987
11
156.2033909999999821
21
-110.5438919999999996
0
LINE
8
BLACK
6
CONTINUOUS
10
156.2033909999999821
20
-110.5438919999999996
11
155.9796879999999817
21
-110.4299099999999925
0
LINE
8
BLACK
6
CONTINUOUS
10
155.9796879999999817
20
-110.4299099999999925
11
155.7765679999999975
21
-110.2823349999999891
0
LINE
8
BLACK
6
CONTINUOUS
10
155.7765679999999975
20
-110.2823349999999891
11
155.6843140000000005
21
-110.1970559999999892
0
LINE
8
BLACK
6
CONTINUOUS
10
155.6843140000000005
20
-110.1970559999999892
11
154.5529439999999965
21
-109.0656859999999995
0
LINE
8
BLACK
6
CONTINUOUS
10
154.5529439999999965
20
-109.0656859999999995
11
154.4676649999999825
21
-108.9734319999999883
0
LINE
8
BLACK
6
CONTINUOUS
10
154.4676649999999825
20
-108.9734319999999883
11
154.3200899999999933
21
-108.7703119999999899
0
LINE
8
BLACK
6
CONTINUOUS
10
154.3200899999999933
20
-108.7703119999999899
11
154.2061080000000004
21
-108.5466089999999895
0
LINE
8
BLACK
6
CONTINUOUS
10
154.2061080000000004
20
-108.5466089999999895
11
154.1285230000000013
21
-108.307826999999989
0
LINE
8
BLACK
6
CONTINUOUS
10
154.1285230000000013
20
-108.307826999999989
11
154.0892470000000003
21
-108.0598499999999973
0
LINE
8
BLACK
6
CONTINUOUS
10
154.0892470000000003
20
-108.0598499999999973
11
154.0892470000000003
21
-107.8087799999999987
0
LINE
8
BLACK
6
CONTINUOUS
10
154.0892470000000003
20
-107.8087799999999987
11
154.1285230000000013
21
-107.5608029999999928
0
LINE
8
BLACK
6
CONTINUOUS
10
154.1285230000000013
20
-107.5608029999999928
11
154.2061080000000004
21
-107.3220209999999923
0
LINE
8
BLACK
6
CONTINUOUS
10
154.2061080000000004
20
-107.3220209999999923
11
154.3200899999999933
21
-107.0983179999999919
0
LINE
8
BLACK
6
CONTINUOUS
10
154.3200899999999933
20
-107.0983179999999919
11
154.4676649999999825
21
-106.8951979999999935
0
LINE
8
BLACK
6
CONTINUOUS
10
154.4676649999999825
20
-106.8951979999999935
11
154.6451979999999935
21
-106.7176649999999967
0
LINE
8
BLACK
6
CONTINUOUS
10
154.6451979999999935
20
-106.7176649999999967
11
154.8483180000000061
21
-106.5700899999999933
0
LINE
8
BLACK
6
CONTINUOUS
10
154.8483180000000061
20
-106.5700899999999933
11
155.0720210000000066
21
-106.4561080000000004
0
LINE
8
BLACK
6
CONTINUOUS
10
155.0720210000000066
20
-106.4561080000000004
11
155.3108029999999928
21
-106.3785230000000013
0
LINE
8
BLACK
6
CONTINUOUS
10
155.3108029999999928
20
-106.3785230000000013
11
155.5587799999999845
21
-106.3392470000000003
0
LINE
8
BLACK
6
CONTINUOUS
10
155.5587799999999845
20
-106.3392470000000003
11
155.8098499999999831
21
-106.3392470000000003
0
LINE
8
BLACK
6
CONTINUOUS
10
155.8098499999999831
20
-106.3392470000000003
11
156.0578270000000032
21
-106.3785230000000013
0
LINE
8
BLACK
6
CONTINUOUS
10
156.0578270000000032
20
-106.3785230000000013
11
156.2966089999999895
21
-106.4561080000000004
0
LINE
8
BLACK
6
CONTINUOUS
10
156.2966089999999895
20
-106.4561080000000004
11
156.5203119999999899
21
-106.5700899999999933
0
LINE
8
BLACK
6
CONTINUOUS
10
156.5203119999999899
20
-106.5700899999999933
11
156.7234320000000025
21
-106.7176649999999967
0
LINE
8
BLACK
6
CONTINUOUS
10
156.7234320000000025
20
-106.7176649999999967
11
156.8156859999999995
21
-106.8029439999999965
0
LINE
8
BLACK
6
CONTINUOUS
10
156.8156859999999995
20
-106.8029439999999965
11
157.9470560000000035
21
-107.9343140000000005
0
LINE
8
BLACK
6
CONTINUOUS
10
157.9470560000000035
20
-107.9343140000000005
11
158.0323349999999891
21
-108.0265679999999975
0
CIRCLE
8
BLACK
10
155.7999999999999829
20
-102.2249999999999943
40
0.5
0
CIRCLE
8
BLACK
10
153.2599999999999909
20
-102.2249999999999943
40
0.5
0
CIRCLE
8
BLACK
10
150.7199999999999989
20
-102.2249999999999943
40
0.5
0
CIRCLE
8
BLACK
10
148.1800000000000068
20
-102.2249999999999943
40
0.5
0
CIRCLE
8
BLACK
10
96.0874999999999915
20
-77.3999999999999915
40
0.6
0
CIRCLE
8
BLACK
10
92.2774999999999892
20
-77.3999999999999915
40
0.6
0
CIRCLE
8
BLACK
10
153.0749999999999886
20
-89.5999989999999968
40
0.5
0
CIRCLE
8
BLACK
10
150.5349999999999966
20
-89.5999989999999968
40
0.5
0
CIRCLE
8
BLACK
10
142.4074999999999989
20
-82.957499999999996
40
0.5375
0
CIRCLE
8
BLACK
10
139.8675000000000068
20
-82.957499999999996
40
0.5375
0
CIRCLE
8
BLACK
10
137.3274999999999864
20
-82.957499999999996
40
0.5375
0
CIRCLE
8
BLACK
10
134.7874999999999943
20
-82.957499999999996
40
0.5375
0
CIRCLE
8
BLACK
10
126.6774999999999949
20
-77.3999999999999915
40
0.6
0
CIRCLE
8
BLACK
10
122.8674999999999926
20
-77.3999999999999915
40
0.6
0
CIRCLE
8
BLACK
10
102.477499999999992
20
-87.7000000000000028
40
0.6
0
CIRCLE
8
BLACK
10
106.2874999999999943
20
-87.7000000000000028
40
0.6
0
CIRCLE
8
BLACK
10
112.6774999999999949
20
-87.7000000000000028
40
0.6
0
CIRCLE
8
BLACK
10
116.4874999999999972
20
-87.7000000000000028
40
0.6
0
CIRCLE
8
BLACK
10
133.
20
-71.0249999999999915
40
0.5
0
CIRCLE
8
BLACK
10
133.
20
-73.5649999999999977
40
0.5
0
CIRCLE
8
BLACK
10
92.3125
20
-87.7000000000000028
40
0.6
0
CIRCLE
8
BLACK
10
96.1225000000000023
20
-87.7000000000000028
40
0.6
0
CIRCLE
8
BLACK
10
98.
20
-65.2749999999999915
40
0.5
0
CIRCLE
8
BLACK
10
98.
20
-62.7349999999999994
40
0.5
0
CIRCLE
8
BLACK
10
100.539999999999992
20
-65.2749999999999915
40
0.5
0
CIRCLE
8
BLACK
10
100.539999999999992
20
-62.7349999999999994
40
0.5
0
CIRCLE
8
BLACK
10
103.0799999999999983
20
-65.2749999999999915
40
0.5
0
CIRCLE
8
BLACK
10
103.0799999999999983
20
-62.7349999999999994
40
0.5
0
CIRCLE
8
BLACK
10
105.6199999999999903
20
-65.2749999999999915
40
0.5
0
CIRCLE
8
BLACK
10
105.6199999999999903
20
-62.7349999999999994
40
0.5
0
CIRCLE
8
BLACK
10
106.2874999999999943
20
-77.3999999999999915
40
0.6
0
CIRCLE
8
BLACK
10
102.477499999999992
20
-77.3999999999999915
40
0.6
0
CIRCLE
8
BLACK
10
116.4874999999999972
20
-77.3999999999999915
40
0.6
0
CIRCLE
8
BLACK
10
112.6774999999999949
20
-77.3999999999999915
40
0.6
0
CIRCLE
8
BLACK
10
122.8774999999999977
20
-87.7000000000000028
40
0.6
0
CIRCLE
8
BLACK
10
126.6875
20
-87.7000000000000028
40
0.6
0
CIRCLE
8
BLACK
10
103.6974999999999909
20
-101.5999999999999943
40
0.6
0
CIRCLE
8
BLACK
10
99.8874999999999886
20
-101.5999999999999943
40
0.6
0
CIRCLE
8
BLACK
10
96.0775000000000006
20
-101.5999999999999943
40
0.6
0
CIRCLE
8
BLACK
10
92.2674999999999983
20
-101.5999999999999943
40
0.6
0
LINE
8
BLACK
6
CONTINUOUS
10
169.5061529999999834
20
-56.9762239999999949
11
169.5077249999999935
21
-56.9762239999999949
0
LINE
8
BLACK
6
CONTINUOUS
10
169.5077249999999935
20
-56.9762239999999949
11
169.5083170000000052
21
-56.9766539999999964
0
LINE
8
BLACK
6
CONTINUOUS
10
169.5083170000000052
20
-56.9766539999999964
11
169.5095670000000041
21
-56.9769030000000001
0
LINE
8
BLACK
6
CONTINUOUS
10
169.5095670000000041
20
-56.9769030000000001
11
169.5119760000000042
21
-56.9793120000000002
0
LINE
8
BLACK
6
CONTINUOUS
10
169.5119760000000042
20
-56.9793120000000002
11
169.5202249999999822
21
-56.9853049999999968
0
LINE
8
BLACK
6
CONTINUOUS
10
169.5202249999999822
20
-56.9853049999999968
11
169.5213099999999997
21
-56.9886459999999957
0
LINE
8
BLACK
6
CONTINUOUS
10
169.5213099999999997
20
-56.9886459999999957
11
169.5230969999999786
21
-56.9904329999999959
0
LINE
8
BLACK
6
CONTINUOUS
10
169.5230969999999786
20
-56.9904329999999959
11
169.5230969999999786
21
-56.994142999999994
0
LINE
8
BLACK
6
CONTINUOUS
10
169.5230969999999786
20
-56.994142999999994
11
169.5250000000000057
21
-57.
0
LINE
8
BLACK
6
CONTINUOUS
10
169.5250000000000057
20
-57.
11
169.5250199999999836
21
-57.2780589999999989
0
LINE
8
BLACK
6
CONTINUOUS
10
169.5250199999999836
20
-57.2780589999999989
11
169.5614729999999781
21
-57.8329809999999966
0
LINE
8
BLACK
6
CONTINUOUS
10
169.5614729999999781
20
-57.8329809999999966
11
169.6342209999999966
21
-58.3843209999999999
0
LINE
8
BLACK
6
CONTINUOUS
10
169.6342209999999966
20
-58.3843209999999999
11
169.7429520000000025
21
-58.9297059999999959
0
LINE
8
BLACK
6
CONTINUOUS
10
169.7429520000000025
20
-58.9297059999999959
11
169.8871989999999812
21
-59.4667910000000006
0
LINE
8
BLACK
6
CONTINUOUS
10
169.8871989999999812
20
-59.4667910000000006
11
170.0663399999999967
21
-59.9932659999999984
0
LINE
8
BLACK
6
CONTINUOUS
10
170.0663399999999967
20
-59.9932659999999984
11
170.2796060000000011
21
-60.5068659999999952
0
LINE
8
BLACK
6
CONTINUOUS
10
170.2796060000000011
20
-60.5068659999999952
11
170.5260779999999841
21
-61.0053829999999948
0
LINE
8
BLACK
6
CONTINUOUS
10
170.5260779999999841
20
-61.0053829999999948
11
170.8046980000000019
21
-61.4866719999999987
0
LINE
8
BLACK
6
CONTINUOUS
10
170.8046980000000019
20
-61.4866719999999987
11
171.114264999999989
21
-61.9486619999999988
0
LINE
8
BLACK
6
CONTINUOUS
10
171.114264999999989
20
-61.9486619999999988
11
171.4534500000000037
21
-62.3893679999999975
0
LINE
8
BLACK
6
CONTINUOUS
10
171.4534500000000037
20
-62.3893679999999975
11
171.8207929999999806
21
-62.8068919999999977
0
LINE
8
BLACK
6
CONTINUOUS
10
171.8207929999999806
20
-62.8068919999999977
11
172.0177390000000059
21
-63.0031800000000004
0
LINE
8
BLACK
6
CONTINUOUS
10
172.0177390000000059
20
-63.0031800000000004
11
172.0177390000000059
21
-63.0031809999999979
0
LINE
8
BLACK
6
CONTINUOUS
10
172.0177390000000059
20
-63.0031809999999979
11
172.0205589999999916
21
-63.0086919999999964
0
LINE
8
BLACK
6
CONTINUOUS
10
172.0205589999999916
20
-63.0086919999999964
11
172.0231890000000021
21
-63.0113219999999998
0
LINE
8
BLACK
6
CONTINUOUS
10
172.0231890000000021
20
-63.0113219999999998
11
172.0240049999999883
21
-63.0154269999999954
0
LINE
8
BLACK
6
CONTINUOUS
10
172.0240049999999883
20
-63.0154269999999954
11
172.0247770000000003
21
-63.0169349999999966
0
LINE
8
BLACK
6
CONTINUOUS
10
172.0247770000000003
20
-63.0169349999999966
11
172.0245689999999854
21
-63.0182609999999954
0
LINE
8
BLACK
6
CONTINUOUS
10
172.0245689999999854
20
-63.0182609999999954
11
172.0250920000000008
21
-63.0208889999999968
0
LINE
8
BLACK
6
CONTINUOUS
10
172.0250920000000008
20
-63.0208889999999968
11
172.0250000000000057
21
-90.2749999999999915
0
LINE
8
BLACK
6
CONTINUOUS
10
172.0250000000000057
20
-90.2749999999999915
11
178.
21
-90.2749999999999915
0
LINE
8
BLACK
6
CONTINUOUS
10
178.
20
-90.2749999999999915
11
178.0095670000000041
21
-90.2769029999999901
0
LINE
8
BLACK
6
CONTINUOUS
10
178.0095670000000041
20
-90.2769029999999901
11
178.0230969999999786
21
-90.2904329999999931
0
LINE
8
BLACK
6
CONTINUOUS
10
178.0230969999999786
20
-90.2904329999999931
11
178.0250000000000057
21
-90.2999999999999972
0
LINE
8
BLACK
6
CONTINUOUS
10
178.0250000000000057
20
-90.2999999999999972
11
178.0250000000000057
21
-106.5
0
LINE
8
BLACK
6
CONTINUOUS
10
178.0250000000000057
20
-106.5
11
178.023775999999998
21
-106.5061529999999976
0
LINE
8
BLACK
6
CONTINUOUS
10
178.023775999999998
20
-106.5061529999999976
11
178.023775999999998
21
-106.5077249999999935
0
LINE
8
BLACK
6
CONTINUOUS
10
178.023775999999998
20
-106.5077249999999935
11
178.0233449999999777
21
-106.508316999999991
0
LINE
8
BLACK
6
CONTINUOUS
10
178.0233449999999777
20
-106.508316999999991
11
178.0230969999999786
21
-106.5095669999999899
0
LINE
8
BLACK
6
CONTINUOUS
10
178.0230969999999786
20
-106.5095669999999899
11
178.020686999999981
21
-106.51197599999999
0
LINE
8
BLACK
6
CONTINUOUS
10
178.020686999999981
20
-106.51197599999999
11
178.014694999999989
21
-106.5202249999999964
0
LINE
8
BLACK
6
CONTINUOUS
10
178.014694999999989
20
-106.5202249999999964
11
178.0113529999999855
21
-106.5213099999999997
0
LINE
8
BLACK
6
CONTINUOUS
10
178.0113529999999855
20
-106.5213099999999997
11
178.0095670000000041
21
-106.5230969999999928
0
LINE
8
BLACK
6
CONTINUOUS
10
178.0095670000000041
20
-106.5230969999999928
11
178.0058559999999943
21
-106.5230969999999928
0
LINE
8
BLACK
6
CONTINUOUS
10
178.0058559999999943
20
-106.5230969999999928
11
178.
21
-106.5249999999999915
0
LINE
8
BLACK
6
CONTINUOUS
10
178.
20
-106.5249999999999915
11
177.7225569999999948
21
-106.5249999999999915
0
LINE
8
BLACK
6
CONTINUOUS
10
177.7225569999999948
20
-106.5249999999999915
11
177.1688599999999951
21
-106.5612909999999971
0
LINE
8
BLACK
6
CONTINUOUS
10
177.1688599999999951
20
-106.5612909999999971
11
176.6187209999999936
21
-106.6337180000000018
0
LINE
8
BLACK
6
CONTINUOUS
10
176.6187209999999936
20
-106.6337180000000018
11
176.0744980000000055
21
-106.7419709999999924
0
LINE
8
BLACK
6
CONTINUOUS
10
176.0744980000000055
20
-106.7419709999999924
11
175.5385189999999795
21
-106.8855859999999893
0
LINE
8
BLACK
6
CONTINUOUS
10
175.5385189999999795
20
-106.8855859999999893
11
175.0130819999999972
21
-107.0639479999999963
0
LINE
8
BLACK
6
CONTINUOUS
10
175.0130819999999972
20
-107.0639479999999963
11
174.5004339999999843
21
-107.2762939999999929
0
LINE
8
BLACK
6
CONTINUOUS
10
174.5004339999999843
20
-107.2762939999999929
11
174.0027729999999906
21
-107.5217129999999912
0
LINE
8
BLACK
6
CONTINUOUS
10
174.0027729999999906
20
-107.5217129999999912
11
173.5222279999999841
21
-107.7991559999999964
0
LINE
8
BLACK
6
CONTINUOUS
10
173.5222279999999841
20
-107.7991559999999964
11
173.0608569999999986
21
-108.1074339999999978
0
LINE
8
BLACK
6
CONTINUOUS
10
173.0608569999999986
20
-108.1074339999999978
11
172.6206369999999879
21
-108.4452269999999885
0
LINE
8
BLACK
6
CONTINUOUS
10
172.6206369999999879
20
-108.4452269999999885
11
172.2034519999999986
21
-108.811087999999998
0
LINE
8
BLACK
6
CONTINUOUS
10
172.2034519999999986
20
-108.811087999999998
11
171.8110879999999838
21
-109.2034519999999986
0
LINE
8
BLACK
6
CONTINUOUS
10
171.8110879999999838
20
-109.2034519999999986
11
171.4452269999999885
21
-109.6206370000000021
0
LINE
8
BLACK
6
CONTINUOUS
10
171.4452269999999885
20
-109.6206370000000021
11
171.1074339999999836
21
-110.0608569999999986
0
LINE
8
BLACK
6
CONTINUOUS
10
171.1074339999999836
20
-110.0608569999999986
11
170.7991559999999822
21
-110.5222279999999984
0
LINE
8
BLACK
6
CONTINUOUS
10
170.7991559999999822
20
-110.5222279999999984
11
170.5217130000000054
21
-111.0027729999999906
0
LINE
8
BLACK
6
CONTINUOUS
10
170.5217130000000054
20
-111.0027729999999906
11
170.2762939999999787
21
-111.5004339999999985
0
LINE
8
BLACK
6
CONTINUOUS
10
170.2762939999999787
20
-111.5004339999999985
11
170.0639479999999821
21
-112.0130819999999972
0
LINE
8
BLACK
6
CONTINUOUS
10
170.0639479999999821
20
-112.0130819999999972
11
169.8855859999999893
21
-112.5385189999999938
0
LINE
8
BLACK
6
CONTINUOUS
10
169.8855859999999893
20
-112.5385189999999938
11
169.7419709999999782
21
-113.0744979999999913
0
LINE
8
BLACK
6
CONTINUOUS
10
169.7419709999999782
20
-113.0744979999999913
11
169.6337179999999876
21
-113.6187209999999936
0
LINE
8
BLACK
6
CONTINUOUS
10
169.6337179999999876
20
-113.6187209999999936
11
169.5612909999999829
21
-114.1688599999999951
0
LINE
8
BLACK
6
CONTINUOUS
10
169.5612909999999829
20
-114.1688599999999951
11
169.5250000000000057
21
-114.7225569999999948
0
LINE
8
BLACK
6
CONTINUOUS
10
169.5250000000000057
20
-114.7225569999999948
11
169.5250000000000057
21
-115.
0
LINE
8
BLACK
6
CONTINUOUS
10
169.5250000000000057
20
-115.
11
169.5230969999999786
21
-115.0058559999999943
0
LINE
8
BLACK
6
CONTINUOUS
10
169.5230969999999786
20
-115.0058559999999943
11
169.5230969999999786
21
-115.0095669999999899
0
LINE
8
BLACK
6
CONTINUOUS
10
169.5230969999999786
20
-115.0095669999999899
11
169.5213099999999997
21
-115.0113529999999997
0
LINE
8
BLACK
6
CONTINUOUS
10
169.5213099999999997
20
-115.0113529999999997
11
169.5202249999999822
21
-115.014694999999989
0
LINE
8
BLACK
6
CONTINUOUS
10
169.5202249999999822
20
-115.014694999999989
11
169.5119760000000042
21
-115.0206869999999952
0
LINE
8
BLACK
6
CONTINUOUS
10
169.5119760000000042
20
-115.0206869999999952
11
169.5095670000000041
21
-115.0230969999999928
0
LINE
8
BLACK
6
CONTINUOUS
10
169.5095670000000041
20
-115.0230969999999928
11
169.5083170000000052
21
-115.023344999999992
0
LINE
8
BLACK
6
CONTINUOUS
10
169.5083170000000052
20
-115.023344999999992
11
169.5077249999999935
21
-115.023775999999998
0
LINE
8
BLACK
6
CONTINUOUS
10
169.5077249999999935
20
-115.023775999999998
11
169.5061529999999834
21
-115.023775999999998
0
LINE
8
BLACK
6
CONTINUOUS
10
169.5061529999999834
20
-115.023775999999998
11
169.5
21
-115.0249999999999915
0
LINE
8
BLACK
6
CONTINUOUS
10
169.5
20
-115.0249999999999915
11
97.5
21
-115.0249999999999915
0
LINE
8
BLACK
6
CONTINUOUS
10
97.5
20
-115.0249999999999915
11
97.4938470000000024
21
-115.023775999999998
0
LINE
8
BLACK
6
CONTINUOUS
10
97.4938470000000024
20
-115.023775999999998
11
97.4922749999999922
21
-115.023775999999998
0
LINE
8
BLACK
6
CONTINUOUS
10
97.4922749999999922
20
-115.023775999999998
11
97.4916819999999973
21
-115.023344999999992
0
LINE
8
BLACK
6
CONTINUOUS
10
97.4916819999999973
20
-115.023344999999992
11
97.4904329999999959
21
-115.0230969999999928
0
LINE
8
BLACK
6
CONTINUOUS
10
97.4904329999999959
20
-115.0230969999999928
11
97.4880229999999983
21
-115.0206869999999952
0
LINE
8
BLACK
6
CONTINUOUS
10
97.4880229999999983
20
-115.0206869999999952
11
97.4797749999999894
21
-115.014694999999989
0
LINE
8
BLACK
6
CONTINUOUS
10
97.4797749999999894
20
-115.014694999999989
11
97.4786889999999886
21
-115.0113529999999997
0
LINE
8
BLACK
6
CONTINUOUS
10
97.4786889999999886
20
-115.0113529999999997
11
97.476902999999993
21
-115.0095669999999899
0
LINE
8
BLACK
6
CONTINUOUS
10
97.476902999999993
20
-115.0095669999999899
11
97.476902999999993
21
-115.0058559999999943
0
LINE
8
BLACK
6
CONTINUOUS
10
97.476902999999993
20
-115.0058559999999943
11
97.4749999999999943
21
-115.
0
LINE
8
BLACK
6
CONTINUOUS
10
97.4749999999999943
20
-115.
11
97.4749999999999943
21
-114.7225569999999948
0
LINE
8
BLACK
6
CONTINUOUS
10
97.4749999999999943
20
-114.7225569999999948
11
97.4387089999999887
21
-114.1688599999999951
0
LINE
8
BLACK
6
CONTINUOUS
10
97.4387089999999887
20
-114.1688599999999951
11
97.3662819999999982
21
-113.6187209999999936
0
LINE
8
BLACK
6
CONTINUOUS
10
97.3662819999999982
20
-113.6187209999999936
11
97.2580289999999934
21
-113.0744979999999913
0
LINE
8
BLACK
6
CONTINUOUS
10
97.2580289999999934
20
-113.0744979999999913
11
97.1144139999999965
21
-112.5385189999999938
0
LINE
8
BLACK
6
CONTINUOUS
10
97.1144139999999965
20
-112.5385189999999938
11
96.9360519999999894
21
-112.0130819999999972
0
LINE
8
BLACK
6
CONTINUOUS
10
96.9360519999999894
20
-112.0130819999999972
11
96.7237059999999929
21
-111.5004339999999985
0
LINE
8
BLACK
6
CONTINUOUS
10
96.7237059999999929
20
-111.5004339999999985
11
96.4782869999999946
21
-111.0027729999999906
0
LINE
8
BLACK
6
CONTINUOUS
10
96.4782869999999946
20
-111.0027729999999906
11
96.2008439999999894
21
-110.5222279999999984
0
LINE
8
BLACK
6
CONTINUOUS
10
96.2008439999999894
20
-110.5222279999999984
11
95.8925660000000022
21
-110.0608569999999986
0
LINE
8
BLACK
6
CONTINUOUS
10
95.8925660000000022
20
-110.0608569999999986
11
95.5547729999999973
21
-109.6206370000000021
0
LINE
8
BLACK
6
CONTINUOUS
10
95.5547729999999973
20
-109.6206370000000021
11
95.188912000000002
21
-109.2034519999999986
0
LINE
8
BLACK
6
CONTINUOUS
10
95.188912000000002
20
-109.2034519999999986
11
94.7965480000000014
21
-108.811087999999998
0
LINE
8
BLACK
6
CONTINUOUS
10
94.7965480000000014
20
-108.811087999999998
11
94.3793629999999979
21
-108.4452269999999885
0
LINE
8
BLACK
6
CONTINUOUS
10
94.3793629999999979
20
-108.4452269999999885
11
93.9391430000000014
21
-108.1074339999999978
0
LINE
8
BLACK
6
CONTINUOUS
10
93.9391430000000014
20
-108.1074339999999978
11
93.4777720000000016
21
-107.7991559999999964
0
LINE
8
BLACK
6
CONTINUOUS
10
93.4777720000000016
20
-107.7991559999999964
11
92.9972269999999952
21
-107.5217129999999912
0
LINE
8
BLACK
6
CONTINUOUS
10
92.9972269999999952
20
-107.5217129999999912
11
92.4995660000000015
21
-107.2762939999999929
0
LINE
8
BLACK
6
CONTINUOUS
10
92.4995660000000015
20
-107.2762939999999929
11
91.9869180000000028
21
-107.0639479999999963
0
LINE
8
BLACK
6
CONTINUOUS
10
91.9869180000000028
20
-107.0639479999999963
11
91.461480999999992
21
-106.8855859999999893
0
LINE
8
BLACK
6
CONTINUOUS
10
91.461480999999992
20
-106.8855859999999893
11
90.9255019999999945
21
-106.7419709999999924
0
LINE
8
BLACK
6
CONTINUOUS
10
90.9255019999999945
20
-106.7419709999999924
11
90.3812789999999922
21
-106.6337180000000018
0
LINE
8
BLACK
6
CONTINUOUS
10
90.3812789999999922
20
-106.6337180000000018
11
89.8311399999999907
21
-106.5612909999999971
0
LINE
8
BLACK
6
CONTINUOUS
10
89.8311399999999907
20
-106.5612909999999971
11
89.277442999999991
21
-106.5249999999999915
0
LINE
8
BLACK
6
CONTINUOUS
10
89.277442999999991
20
-106.5249999999999915
11
89.
21
-106.5249999999999915
0
LINE
8
BLACK
6
CONTINUOUS
10
89.
20
-106.5249999999999915
11
88.9941439999999915
21
-106.5230969999999928
0
LINE
8
BLACK
6
CONTINUOUS
10
88.9941439999999915
20
-106.5230969999999928
11
88.9904329999999959
21
-106.5230969999999928
0
LINE
8
BLACK
6
CONTINUOUS
10
88.9904329999999959
20
-106.5230969999999928
11
88.9886460000000028
21
-106.5213099999999997
0
LINE
8
BLACK
6
CONTINUOUS
10
88.9886460000000028
20
-106.5213099999999997
11
88.9853049999999968
21
-106.5202249999999964
0
LINE
8
BLACK
6
CONTINUOUS
10
88.9853049999999968
20
-106.5202249999999964
11
88.9793119999999931
21
-106.51197599999999
0
LINE
8
BLACK
6
CONTINUOUS
10
88.9793119999999931
20
-106.51197599999999
11
88.976902999999993
21
-106.5095669999999899
0
LINE
8
BLACK
6
CONTINUOUS
10
88.976902999999993
20
-106.5095669999999899
11
88.9766539999999964
21
-106.508316999999991
0
LINE
8
BLACK
6
CONTINUOUS
10
88.9766539999999964
20
-106.508316999999991
11
88.976224000000002
21
-106.5077249999999935
0
LINE
8
BLACK
6
CONTINUOUS
10
88.976224000000002
20
-106.5077249999999935
11
88.976224000000002
21
-106.5061529999999976
0
LINE
8
BLACK
6
CONTINUOUS
10
88.976224000000002
20
-106.5061529999999976
11
88.9749999999999943
21
-106.5
0
LINE
8
BLACK
6
CONTINUOUS
10
88.9749999999999943
20
-106.5
11
88.9749999999999943
21
-65.5
0
LINE
8
BLACK
6
CONTINUOUS
10
88.9749999999999943
20
-65.5
11
88.976224000000002
21
-65.4938459999999907
0
LINE
8
BLACK
6
CONTINUOUS
10
88.976224000000002
20
-65.4938459999999907
11
88.976224000000002
21
-65.4922749999999922
0
LINE
8
BLACK
6
CONTINUOUS
10
88.976224000000002
20
-65.4922749999999922
11
88.9766539999999964
21
-65.4916819999999973
0
LINE
8
BLACK
6
CONTINUOUS
10
88.9766539999999964
20
-65.4916819999999973
11
88.976902999999993
21
-65.4904329999999959
0
LINE
8
BLACK
6
CONTINUOUS
10
88.976902999999993
20
-65.4904329999999959
11
88.9793119999999931
21
-65.4880229999999983
0
LINE
8
BLACK
6
CONTINUOUS
10
88.9793119999999931
20
-65.4880229999999983
11
88.9853049999999968
21
-65.4797750000000036
0
LINE
8
BLACK
6
CONTINUOUS
10
88.9853049999999968
20
-65.4797750000000036
11
88.9886460000000028
21
-65.4786890000000028
0
LINE
8
BLACK
6
CONTINUOUS
10
88.9886460000000028
20
-65.4786890000000028
11
88.9904329999999959
21
-65.476902999999993
0
LINE
8
BLACK
6
CONTINUOUS
10
88.9904329999999959
20
-65.476902999999993
11
88.9941439999999915
21
-65.476902999999993
0
LINE
8
BLACK
6
CONTINUOUS
10
88.9941439999999915
20
-65.476902999999993
11
89.
21
-65.4749999999999943
0
LINE
8
BLACK
6
CONTINUOUS
10
89.
20
-65.4749999999999943
11
89.277442999999991
21
-65.4749999999999943
0
LINE
8
BLACK
6
CONTINUOUS
10
89.277442999999991
20
-65.4749999999999943
11
89.8311399999999907
21
-65.4387090000000029
0
LINE
8
BLACK
6
CONTINUOUS
10
89.8311399999999907
20
-65.4387090000000029
11
90.3812789999999922
21
-65.3662819999999982
0
LINE
8
BLACK
6
CONTINUOUS
10
90.3812789999999922
20
-65.3662819999999982
11
90.9255019999999945
21
-65.2580289999999934
0
LINE
8
BLACK
6
CONTINUOUS
10
90.9255019999999945
20
-65.2580289999999934
11
91.461480999999992
21
-65.1144139999999965
0
LINE
8
BLACK
6
CONTINUOUS
10
91.461480999999992
20
-65.1144139999999965
11
91.9869180000000028
21
-64.9360520000000037
0
LINE
8
BLACK
6
CONTINUOUS
10
91.9869180000000028
20
-64.9360520000000037
11
92.4995660000000015
21
-64.7237059999999929
0
LINE
8
BLACK
6
CONTINUOUS
10
92.4995660000000015
20
-64.7237059999999929
11
92.9972269999999952
21
-64.4782869999999946
0
LINE
8
BLACK
6
CONTINUOUS
10
92.9972269999999952
20
-64.4782869999999946
11
93.4777720000000016
21
-64.2008440000000036
0
LINE
8
BLACK
6
CONTINUOUS
10
93.4777720000000016
20
-64.2008440000000036
11
93.9391430000000014
21
-63.8925659999999951
0
LINE
8
BLACK
6
CONTINUOUS
10
93.9391430000000014
20
-63.8925659999999951
11
94.3793629999999979
21
-63.5547729999999973
0
LINE
8
BLACK
6
CONTINUOUS
10
94.3793629999999979
20
-63.5547729999999973
11
94.7965480000000014
21
-63.1889119999999949
0
LINE
8
BLACK
6
CONTINUOUS
10
94.7965480000000014
20
-63.1889119999999949
11
95.188912000000002
21
-62.7965479999999943
0
LINE
8
BLACK
6
CONTINUOUS
10
95.188912000000002
20
-62.7965479999999943
11
95.5547729999999973
21
-62.3793629999999979
0
LINE
8
BLACK
6
CONTINUOUS
10
95.5547729999999973
20
-62.3793629999999979
11
95.8925660000000022
21
-61.9391429999999943
0
LINE
8
BLACK
6
CONTINUOUS
10
95.8925660000000022
20
-61.9391429999999943
11
96.2008439999999894
21
-61.4777719999999945
0
LINE
8
BLACK
6
CONTINUOUS
10
96.2008439999999894
20
-61.4777719999999945
11
96.4782869999999946
21
-60.9972269999999952
0
LINE
8
BLACK
6
CONTINUOUS
10
96.4782869999999946
20
-60.9972269999999952
11
96.7237059999999929
21
-60.4995659999999944
0
LINE
8
BLACK
6
CONTINUOUS
10
96.7237059999999929
20
-60.4995659999999944
11
96.9360519999999894
21
-59.9869179999999957
0
LINE
8
BLACK
6
CONTINUOUS
10
96.9360519999999894
20
-59.9869179999999957
11
97.1144139999999965
21
-59.4614809999999991
0
LINE
8
BLACK
6
CONTINUOUS
10
97.1144139999999965
20
-59.4614809999999991
11
97.2580289999999934
21
-58.9255019999999945
0
LINE
8
BLACK
6
CONTINUOUS
10
97.2580289999999934
20
-58.9255019999999945
11
97.3662819999999982
21
-58.3812789999999993
0
LINE
8
BLACK
6
CONTINUOUS
10
97.3662819999999982
20
-58.3812789999999993
11
97.4387089999999887
21
-57.8311399999999978
0
LINE
8
BLACK
6
CONTINUOUS
10
97.4387089999999887
20
-57.8311399999999978
11
97.4749999999999943
21
-57.2774429999999981
0
LINE
8
BLACK
6
CONTINUOUS
10
97.4749999999999943
20
-57.2774429999999981
11
97.4749999999999943
21
-57.
0
LINE
8
BLACK
6
CONTINUOUS
10
97.4749999999999943
20
-57.
11
97.476902999999993
21
-56.994142999999994
0
LINE
8
BLACK
6
CONTINUOUS
10
97.476902999999993
20
-56.994142999999994
11
97.476902999999993
21
-56.9904329999999959
0
LINE
8
BLACK
6
CONTINUOUS
10
97.476902999999993
20
-56.9904329999999959
11
97.4786889999999886
21
-56.9886459999999957
0
LINE
8
BLACK
6
CONTINUOUS
10
97.4786889999999886
20
-56.9886459999999957
11
97.4797749999999894
21
-56.9853049999999968
0
LINE
8
BLACK
6
CONTINUOUS
10
97.4797749999999894
20
-56.9853049999999968
11
97.4880229999999983
21
-56.9793120000000002
0
LINE
8
BLACK
6
CONTINUOUS
10
97.4880229999999983
20
-56.9793120000000002
11
97.4904329999999959
21
-56.9769030000000001
0
LINE
8
BLACK
6
CONTINUOUS
10
97.4904329999999959
20
-56.9769030000000001
11
97.4916819999999973
21
-56.9766539999999964
0
LINE
8
BLACK
6
CONTINUOUS
10
97.4916819999999973
20
-56.9766539999999964
11
97.4922749999999922
21
-56.9762239999999949
0
LINE
8
BLACK
6
CONTINUOUS
10
97.4922749999999922
20
-56.9762239999999949
11
97.4938470000000024
21
-56.9762239999999949
0
LINE
8
BLACK
6
CONTINUOUS
10
97.4938470000000024
20
-56.9762239999999949
11
97.5
21
-56.9749999999999943
0
LINE
8
BLACK
6
CONTINUOUS
10
97.5
20
-56.9749999999999943
11
169.5
21
-56.9749999999999943
0
LINE
8
BLACK
6
CONTINUOUS
10
169.5
20
-56.9749999999999943
11
169.5061529999999834
21
-56.9762239999999949
0
LINE
8
BLACK
6
CONTINUOUS
10
97.5241819999999962
20
-57.0249999999999986
11
97.5067469999999901
21
-57.5575619999999972
0
LINE
8
BLACK
6
CONTINUOUS
10
97.5067469999999901
20
-57.5575619999999972
11
97.4520669999999996
21
-58.1127359999999982
0
LINE
8
BLACK
6
CONTINUOUS
10
97.4520669999999996
20
-58.1127359999999982
11
97.361194999999995
21
-58.6631450000000001
0
LINE
8
BLACK
6
CONTINUOUS
10
97.361194999999995
20
-58.6631450000000001
11
97.2345179999999942
21
-59.2064319999999995
0
LINE
8
BLACK
6
CONTINUOUS
10
97.2345179999999942
20
-59.2064319999999995
11
97.0725789999999904
21
-59.7402709999999999
0
LINE
8
BLACK
6
CONTINUOUS
10
97.0725789999999904
20
-59.7402709999999999
11
96.876072999999991
21
-60.2623759999999962
0
LINE
8
BLACK
6
CONTINUOUS
10
96.876072999999991
20
-60.2623759999999962
11
96.6458399999999926
21
-60.7705109999999991
0
LINE
8
BLACK
6
CONTINUOUS
10
96.6458399999999926
20
-60.7705109999999991
11
96.3828669999999903
21
-61.2624999999999957
0
LINE
8
BLACK
6
CONTINUOUS
10
96.3828669999999903
20
-61.2624999999999957
11
96.0882780000000025
21
-61.7362359999999981
0
LINE
8
BLACK
6
CONTINUOUS
10
96.0882780000000025
20
-61.7362359999999981
11
95.7633369999999928
21
-62.1896909999999963
0
LINE
8
BLACK
6
CONTINUOUS
10
95.7633369999999928
20
-62.1896909999999963
11
95.4094339999999903
21
-62.6209229999999977
0
LINE
8
BLACK
6
CONTINUOUS
10
95.4094339999999903
20
-62.6209229999999977
11
95.0280849999999901
21
-63.0280849999999973
0
LINE
8
BLACK
6
CONTINUOUS
10
95.0280849999999901
20
-63.0280849999999973
11
94.6209229999999906
21
-63.4094339999999974
0
LINE
8
BLACK
6
CONTINUOUS
10
94.6209229999999906
20
-63.4094339999999974
11
94.1896909999999963
21
-63.7633369999999999
0
LINE
8
BLACK
6
CONTINUOUS
10
94.1896909999999963
20
-63.7633369999999999
11
93.736235999999991
21
-64.0882780000000025
0
LINE
8
BLACK
6
CONTINUOUS
10
93.736235999999991
20
-64.0882780000000025
11
93.2625000000000028
21
-64.3828669999999903
0
LINE
8
BLACK
6
CONTINUOUS
10
93.2625000000000028
20
-64.3828669999999903
11
92.7705109999999991
21
-64.6458399999999926
0
LINE
8
BLACK
6
CONTINUOUS
10
92.7705109999999991
20
-64.6458399999999926
11
92.2623759999999891
21
-64.876072999999991
0
LINE
8
BLACK
6
CONTINUOUS
10
92.2623759999999891
20
-64.876072999999991
11
91.7402709999999928
21
-65.0725789999999904
0
LINE
8
BLACK
6
CONTINUOUS
10
91.7402709999999928
20
-65.0725789999999904
11
91.2064319999999924
21
-65.2345179999999942
0
LINE
8
BLACK
6
CONTINUOUS
10
91.2064319999999924
20
-65.2345179999999942
11
90.6631450000000001
21
-65.361194999999995
0
LINE
8
BLACK
6
CONTINUOUS
10
90.6631450000000001
20
-65.361194999999995
11
90.1127359999999982
21
-65.4520669999999996
0
LINE
8
BLACK
6
CONTINUOUS
10
90.1127359999999982
20
-65.4520669999999996
11
89.5575619999999901
21
-65.5067469999999901
0
LINE
8
BLACK
6
CONTINUOUS
10
89.5575619999999901
20
-65.5067469999999901
11
89.0249999999999915
21
-65.5241809999999987
0
LINE
8
BLACK
6
CONTINUOUS
10
89.0249999999999915
20
-65.5241809999999987
11
89.0249999999999915
21
-106.4758179999999896
0
LINE
8
BLACK
6
CONTINUOUS
10
89.0249999999999915
20
-106.4758179999999896
11
89.5575619999999901
21
-106.4932529999999957
0
LINE
8
BLACK
6
CONTINUOUS
10
89.5575619999999901
20
-106.4932529999999957
11
90.1127359999999982
21
-106.5479330000000004
0
LINE
8
BLACK
6
CONTINUOUS
10
90.1127359999999982
20
-106.5479330000000004
11
90.6631450000000001
21
-106.6388049999999907
0
LINE
8
BLACK
6
CONTINUOUS
10
90.6631450000000001
20
-106.6388049999999907
11
91.2064319999999924
21
-106.7654819999999916
0
LINE
8
BLACK
6
CONTINUOUS
10
91.2064319999999924
20
-106.7654819999999916
11
91.7402709999999928
21
-106.9274209999999954
0
LINE
8
BLACK
6
CONTINUOUS
10
91.7402709999999928
20
-106.9274209999999954
11
92.2623759999999891
21
-107.1239269999999948
0
LINE
8
BLACK
6
CONTINUOUS
10
92.2623759999999891
20
-107.1239269999999948
11
92.7705109999999991
21
-107.3541599999999931
0
LINE
8
BLACK
6
CONTINUOUS
10
92.7705109999999991
20
-107.3541599999999931
11
93.2625000000000028
21
-107.6171329999999955
0
LINE
8
BLACK
6
CONTINUOUS
10
93.2625000000000028
20
-107.6171329999999955
11
93.736235999999991
21
-107.9117219999999975
0
LINE
8
BLACK
6
CONTINUOUS
10
93.736235999999991
20
-107.9117219999999975
11
94.1896909999999963
21
-108.236662999999993
0
LINE
8
BLACK
6
CONTINUOUS
10
94.1896909999999963
20
-108.236662999999993
11
94.6209229999999906
21
-108.5905659999999955
0
LINE
8
BLACK
6
CONTINUOUS
10
94.6209229999999906
20
-108.5905659999999955
11
95.0280849999999901
21
-108.9719149999999956
0
LINE
8
BLACK
6
CONTINUOUS
10
95.0280849999999901
20
-108.9719149999999956
11
95.4094339999999903
21
-109.3790769999999952
0
LINE
8
BLACK
6
CONTINUOUS
10
95.4094339999999903
20
-109.3790769999999952
11
95.7633369999999928
21
-109.8103089999999895
0
LINE
8
BLACK
6
CONTINUOUS
10
95.7633369999999928
20
-109.8103089999999895
11
96.0882780000000025
21
-110.2637639999999948
0
LINE
8
BLACK
6
CONTINUOUS
10
96.0882780000000025
20
-110.2637639999999948
11
96.3828669999999903
21
-110.7374999999999972
0
LINE
8
BLACK
6
CONTINUOUS
10
96.3828669999999903
20
-110.7374999999999972
11
96.6458399999999926
21
-111.2294890000000009
0
LINE
8
BLACK
6
CONTINUOUS
10
96.6458399999999926
20
-111.2294890000000009
11
96.876072999999991
21
-111.7376239999999967
0
LINE
8
BLACK
6
CONTINUOUS
10
96.876072999999991
20
-111.7376239999999967
11
97.0725789999999904
21
-112.259728999999993
0
LINE
8
BLACK
6
CONTINUOUS
10
97.0725789999999904
20
-112.259728999999993
11
97.2345179999999942
21
-112.7935679999999934
0
LINE
8
BLACK
6
CONTINUOUS
10
97.2345179999999942
20
-112.7935679999999934
11
97.361194999999995
21
-113.3368549999999999
0
LINE
8
BLACK
6
CONTINUOUS
10
97.361194999999995
20
-113.3368549999999999
11
97.4520669999999996
21
-113.8872640000000018
0
LINE
8
BLACK
6
CONTINUOUS
10
97.4520669999999996
20
-113.8872640000000018
11
97.5067469999999901
21
-114.4424379999999957
0
LINE
8
BLACK
6
CONTINUOUS
10
97.5067469999999901
20
-114.4424379999999957
11
97.5241819999999962
21
-114.9749999999999943
0
LINE
8
BLACK
6
CONTINUOUS
10
97.5241819999999962
20
-114.9749999999999943
11
169.4758180000000038
21
-114.9749999999999943
0
LINE
8
BLACK
6
CONTINUOUS
10
169.4758180000000038
20
-114.9749999999999943
11
169.4932529999999815
21
-114.4424379999999957
0
LINE
8
BLACK
6
CONTINUOUS
10
169.4932529999999815
20
-114.4424379999999957
11
169.5479330000000004
21
-113.8872640000000018
0
LINE
8
BLACK
6
CONTINUOUS
10
169.5479330000000004
20
-113.8872640000000018
11
169.6388049999999907
21
-113.3368549999999999
0
LINE
8
BLACK
6
CONTINUOUS
10
169.6388049999999907
20
-113.3368549999999999
11
169.7654819999999916
21
-112.7935679999999934
0
LINE
8
BLACK
6
CONTINUOUS
10
169.7654819999999916
20
-112.7935679999999934
11
169.9274209999999812
21
-112.259728999999993
0
LINE
8
BLACK
6
CONTINUOUS
10
169.9274209999999812
20
-112.259728999999993
11
170.1239269999999806
21
-111.7376239999999967
0
LINE
8
BLACK
6
CONTINUOUS
10
170.1239269999999806
20
-111.7376239999999967
11
170.3541599999999789
21
-111.2294890000000009
0
LINE
8
BLACK
6
CONTINUOUS
10
170.3541599999999789
20
-111.2294890000000009
11
170.6171329999999955
21
-110.7374999999999972
0
LINE
8
BLACK
6
CONTINUOUS
10
170.6171329999999955
20
-110.7374999999999972
11
170.9117219999999975
21
-110.2637639999999948
0
LINE
8
BLACK
6
CONTINUOUS
10
170.9117219999999975
20
-110.2637639999999948
11
171.236662999999993
21
-109.8103089999999895
0
LINE
8
BLACK
6
CONTINUOUS
10
171.236662999999993
20
-109.8103089999999895
11
171.5905659999999955
21
-109.3790769999999952
0
LINE
8
BLACK
6
CONTINUOUS
10
171.5905659999999955
20
-109.3790769999999952
11
171.9719149999999956
21
-108.9719149999999956
0
LINE
8
BLACK
6
CONTINUOUS
10
171.9719149999999956
20
-108.9719149999999956
11
172.3790769999999952
21
-108.5905659999999955
0
LINE
8
BLACK
6
CONTINUOUS
10
172.3790769999999952
20
-108.5905659999999955
11
172.8103089999999895
21
-108.236662999999993
0
LINE
8
BLACK
6
CONTINUOUS
10
172.8103089999999895
20
-108.236662999999993
11
173.2637639999999806
21
-107.9117219999999975
0
LINE
8
BLACK
6
CONTINUOUS
10
173.2637639999999806
20
-107.9117219999999975
11
173.7374999999999829
21
-107.6171329999999955
0
LINE
8
BLACK
6
CONTINUOUS
10
173.7374999999999829
20
-107.6171329999999955
11
174.2294890000000009
21
-107.3541599999999931
0
LINE
8
BLACK
6
CONTINUOUS
10
174.2294890000000009
20
-107.3541599999999931
11
174.7376239999999825
21
-107.1239269999999948
0
LINE
8
BLACK
6
CONTINUOUS
10
174.7376239999999825
20
-107.1239269999999948
11
175.259728999999993
21
-106.9274209999999954
0
LINE
8
BLACK
6
CONTINUOUS
10
175.259728999999993
20
-106.9274209999999954
11
175.7935679999999934
21
-106.7654819999999916
0
LINE
8
BLACK
6
CONTINUOUS
10
175.7935679999999934
20
-106.7654819999999916
11
176.3368549999999857
21
-106.6388049999999907
0
LINE
8
BLACK
6
CONTINUOUS
10
176.3368549999999857
20
-106.6388049999999907
11
176.8872639999999876
21
-106.5479330000000004
0
LINE
8
BLACK
6
CONTINUOUS
10
176.8872639999999876
20
-106.5479330000000004
11
177.4424379999999815
21
-106.4932529999999957
0
LINE
8
BLACK
6
CONTINUOUS
10
177.4424379999999815
20
-106.4932529999999957
11
177.9749999999999943
21
-106.4758179999999896
0
LINE
8
BLACK
6
CONTINUOUS
10
177.9749999999999943
20
-106.4758179999999896
11
177.9749999999999943
21
-90.3250000000000028
0
LINE
8
BLACK
6
CONTINUOUS
10
177.9749999999999943
20
-90.3250000000000028
11
172.
21
-90.3250000000000028
0
LINE
8
BLACK
6
CONTINUOUS
10
172.
20
-90.3250000000000028
11
171.9904329999999959
21
-90.32309699999999
0
LINE
8
BLACK
6
CONTINUOUS
10
171.9904329999999959
20
-90.32309699999999
11
171.976902999999993
21
-90.3095670000000013
0
LINE
8
BLACK
6
CONTINUOUS
10
171.976902999999993
20
-90.3095670000000013
11
171.9749999999999943
21
-90.2999999999999972
0
LINE
8
BLACK
6
CONTINUOUS
10
171.9749999999999943
20
-90.2999999999999972
11
171.9750909999999919
21
-63.0307719999999989
0
LINE
8
BLACK
6
CONTINUOUS
10
171.9750909999999919
20
-63.0307719999999989
11
171.5995669999999791
21
-62.6311709999999948
0
LINE
8
BLACK
6
CONTINUOUS
10
171.5995669999999791
20
-62.6311709999999948
11
171.2442179999999894
21
-62.1995229999999992
0
LINE
8
BLACK
6
CONTINUOUS
10
171.2442179999999894
20
-62.1995229999999992
11
170.9179279999999892
21
-61.7455110000000005
0
LINE
8
BLACK
6
CONTINUOUS
10
170.9179279999999892
20
-61.7455110000000005
11
170.622097999999994
21
-61.2710879999999989
0
LINE
8
BLACK
6
CONTINUOUS
10
170.622097999999994
20
-61.2710879999999989
11
170.3580029999999965
21
-60.7782939999999954
0
LINE
8
BLACK
6
CONTINUOUS
10
170.3580029999999965
20
-60.7782939999999954
11
170.1267770000000041
21
-60.2692479999999975
0
LINE
8
BLACK
6
CONTINUOUS
10
170.1267770000000041
20
-60.2692479999999975
11
169.9294160000000034
21
-59.7461409999999944
0
LINE
8
BLACK
6
CONTINUOUS
10
169.9294160000000034
20
-59.7461409999999944
11
169.7667669999999873
21
-59.2112229999999968
0
LINE
8
BLACK
6
CONTINUOUS
10
169.7667669999999873
20
-59.2112229999999968
11
169.6395320000000027
21
-58.6667929999999984
0
LINE
8
BLACK
6
CONTINUOUS
10
169.6395320000000027
20
-58.6667929999999984
11
169.5482569999999782
21
-58.1151939999999954
0
LINE
8
BLACK
6
CONTINUOUS
10
169.5482569999999782
20
-58.1151939999999954
11
169.4933340000000044
21
-57.5587990000000005
0
LINE
8
BLACK
6
CONTINUOUS
10
169.4933340000000044
20
-57.5587990000000005
11
169.4758199999999988
21
-57.0249999999999986
0
LINE
8
BLACK
6
CONTINUOUS
10
169.4758199999999988
20
-57.0249999999999986
11
97.5241819999999962
21
-57.0249999999999986
0
CIRCLE
8
BLACK
10
163.9904989999999998
20
-73.875
40
0.1
0
CIRCLE
8
BLACK
10
162.4654989999999941
20
-73.875
40
0.1
0
CIRCLE
8
BLACK
10
164.7529989999999884
20
-74.6375000000000028
40
0.1
0
CIRCLE
8
BLACK
10
163.2279989999999827
20
-74.6375000000000028
40
0.1
0
CIRCLE
8
BLACK
10
161.7029990000000055
20
-74.6375000000000028
40
0.1
0
CIRCLE
8
BLACK
10
163.9904989999999998
20
-75.3999999999999915
40
0.1
0
CIRCLE
8
BLACK
10
162.4654989999999941
20
-75.3999999999999915
40
0.1
0
CIRCLE
8
BLACK
10
164.7529989999999884
20
-76.1624999999999943
40
0.1
0
CIRCLE
8
BLACK
10
163.2279989999999827
20
-76.1624999999999943
40
0.1
0
CIRCLE
8
BLACK
10
161.7029990000000055
20
-76.1624999999999943
40
0.1
0
CIRCLE
8
BLACK
10
163.9904989999999998
20
-76.9249999999999972
40
0.1
0
CIRCLE
8
BLACK
10
162.4654989999999941
20
-76.9249999999999972
40
0.1
0
CIRCLE
8
BLACK
10
150.2999999999999829
20
-113.1899999999999977
40
0.5
0
CIRCLE
8
BLACK
10
147.7599999999999909
20
-113.1899999999999977
40
0.5
0
CIRCLE
8
BLACK
10
145.2199999999999989
20
-113.1899999999999977
40
0.5
0
CIRCLE
8
BLACK
10
174.5
20
-98.75
40
0.22
0
CIRCLE
8
BLACK
10
175.5
20
-98.0999999999999943
40
0.22
0
CIRCLE
8
BLACK
10
174.5
20
-97.4499999999999886
40
0.22
0
CIRCLE
8
BLACK
10
175.5
20
-96.7999999999999972
40
0.22
0
CIRCLE
8
BLACK
10
174.5
20
-96.1499999999999915
40
0.22
0
LINE
8
BLACK
6
CONTINUOUS
10
175.2541410000000042
20
-100.8533630000000016
11
175.3172249999999792
21
-100.8794929999999965
0
LINE
8
BLACK
6
CONTINUOUS
10
175.3172249999999792
20
-100.8794929999999965
11
175.3655069999999796
21
-100.9277749999999969
0
LINE
8
BLACK
6
CONTINUOUS
10
175.3655069999999796
20
-100.9277749999999969
11
175.3916370000000029
21
-100.9908590000000004
0
LINE
8
BLACK
6
CONTINUOUS
10
175.3916370000000029
20
-100.9908590000000004
11
175.3916370000000029
21
-101.0591409999999968
0
LINE
8
BLACK
6
CONTINUOUS
10
175.3916370000000029
20
-101.0591409999999968
11
175.3655069999999796
21
-101.1222250000000003
0
LINE
8
BLACK
6
CONTINUOUS
10
175.3655069999999796
20
-101.1222250000000003
11
175.3172249999999792
21
-101.1705070000000006
0
LINE
8
BLACK
6
CONTINUOUS
10
175.3172249999999792
20
-101.1705070000000006
11
175.2541410000000042
21
-101.1966369999999955
0
LINE
8
BLACK
6
CONTINUOUS
10
175.2541410000000042
20
-101.1966369999999955
11
175.2199999999999989
21
-101.1999999999999886
0
LINE
8
BLACK
6
CONTINUOUS
10
175.2199999999999989
20
-101.1999999999999886
11
174.2199999999999989
21
-101.1999999999999886
0
LINE
8
BLACK
6
CONTINUOUS
10
174.2199999999999989
20
-101.1999999999999886
11
174.1858589999999936
21
-101.1966369999999955
0
LINE
8
BLACK
6
CONTINUOUS
10
174.1858589999999936
20
-101.1966369999999955
11
174.1227749999999901
21
-101.1705070000000006
0
LINE
8
BLACK
6
CONTINUOUS
10
174.1227749999999901
20
-101.1705070000000006
11
174.0744929999999897
21
-101.1222250000000003
0
LINE
8
BLACK
6
CONTINUOUS
10
174.0744929999999897
20
-101.1222250000000003
11
174.0483629999999948
21
-101.0591409999999968
0
LINE
8
BLACK
6
CONTINUOUS
10
174.0483629999999948
20
-101.0591409999999968
11
174.0483629999999948
21
-100.9908590000000004
0
LINE
8
BLACK
6
CONTINUOUS
10
174.0483629999999948
20
-100.9908590000000004
11
174.0744929999999897
21
-100.9277749999999969
0
LINE
8
BLACK
6
CONTINUOUS
10
174.0744929999999897
20
-100.9277749999999969
11
174.1227749999999901
21
-100.8794929999999965
0
LINE
8
BLACK
6
CONTINUOUS
10
174.1227749999999901
20
-100.8794929999999965
11
174.1858589999999936
21
-100.8533630000000016
0
LINE
8
BLACK
6
CONTINUOUS
10
174.1858589999999936
20
-100.8533630000000016
11
174.2199999999999989
21
-100.8499999999999943
0
LINE
8
BLACK
6
CONTINUOUS
10
174.2199999999999989
20
-100.8499999999999943
11
175.2199999999999989
21
-100.8499999999999943
0
LINE
8
BLACK
6
CONTINUOUS
10
175.2199999999999989
20
-100.8499999999999943
11
175.2541410000000042
21
-100.8533630000000016
0
LINE
8
BLACK
6
CONTINUOUS
10
175.2541410000000042
20
-93.703362999999996
11
175.3172249999999792
21
-93.7294929999999908
0
LINE
8
BLACK
6
CONTINUOUS
10
175.3172249999999792
20
-93.7294929999999908
11
175.3655069999999796
21
-93.7777749999999912
0
LINE
8
BLACK
6
CONTINUOUS
10
175.3655069999999796
20
-93.7777749999999912
11
175.3916370000000029
21
-93.8408589999999947
0
LINE
8
BLACK
6
CONTINUOUS
10
175.3916370000000029
20
-93.8408589999999947
11
175.3916370000000029
21
-93.9091409999999911
0
LINE
8
BLACK
6
CONTINUOUS
10
175.3916370000000029
20
-93.9091409999999911
11
175.3655069999999796
21
-93.9722249999999946
0
LINE
8
BLACK
6
CONTINUOUS
10
175.3655069999999796
20
-93.9722249999999946
11
175.3172249999999792
21
-94.0205069999999949
0
LINE
8
BLACK
6
CONTINUOUS
10
175.3172249999999792
20
-94.0205069999999949
11
175.2541410000000042
21
-94.0466369999999898
0
LINE
8
BLACK
6
CONTINUOUS
10
175.2541410000000042
20
-94.0466369999999898
11
175.2199999999999989
21
-94.0499999999999972
0
LINE
8
BLACK
6
CONTINUOUS
10
175.2199999999999989
20
-94.0499999999999972
11
174.2199999999999989
21
-94.0499999999999972
0
LINE
8
BLACK
6
CONTINUOUS
10
174.2199999999999989
20
-94.0499999999999972
11
174.1858589999999936
21
-94.0466369999999898
0
LINE
8
BLACK
6
CONTINUOUS
10
174.1858589999999936
20
-94.0466369999999898
11
174.1227749999999901
21
-94.0205069999999949
0
LINE
8
BLACK
6
CONTINUOUS
10
174.1227749999999901
20
-94.0205069999999949
11
174.0744929999999897
21
-93.9722249999999946
0
LINE
8
BLACK
6
CONTINUOUS
10
174.0744929999999897
20
-93.9722249999999946
11
174.0483629999999948
21
-93.9091409999999911
0
LINE
8
BLACK
6
CONTINUOUS
10
174.0483629999999948
20
-93.9091409999999911
11
174.0483629999999948
21
-93.8408589999999947
0
LINE
8
BLACK
6
CONTINUOUS
10
174.0483629999999948
20
-93.8408589999999947
11
174.0744929999999897
21
-93.7777749999999912
0
LINE
8
BLACK
6
CONTINUOUS
10
174.0744929999999897
20
-93.7777749999999912
11
174.1227749999999901
21
-93.7294929999999908
0
LINE
8
BLACK
6
CONTINUOUS
10
174.1227749999999901
20
-93.7294929999999908
11
174.1858589999999936
21
-93.703362999999996
0
LINE
8
BLACK
6
CONTINUOUS
10
174.1858589999999936
20
-93.703362999999996
11
174.2199999999999989
21
-93.7000000000000028
0
LINE
8
BLACK
6
CONTINUOUS
10
174.2199999999999989
20
-93.7000000000000028
11
175.2199999999999989
21
-93.7000000000000028
0
LINE
8
BLACK
6
CONTINUOUS
10
175.2199999999999989
20
-93.7000000000000028
11
175.2541410000000042
21
-93.703362999999996
0
CIRCLE
8
BLACK
10
145.1749999999999829
20
-62.6749999999999972
40
0.5
0
CIRCLE
8
BLACK
10
145.1749999999999829
20
-60.134999999999998
40
0.5
0
CIRCLE
8
BLACK
10
147.7150000000000034
20
-62.6749999999999972
40
0.5
0
CIRCLE
8
BLACK
10
147.7150000000000034
20
-60.134999999999998
40
0.5
0
CIRCLE
8
BLACK
10
150.2549999999999955
20
-62.6749999999999972
40
0.5
0
CIRCLE
8
BLACK
10
150.2549999999999955
20
-60.134999999999998
40
0.5
0
CIRCLE
8
BLACK
10
152.7949999999999875
20
-62.6749999999999972
40
0.5
0
CIRCLE
8
BLACK
10
152.7949999999999875
20
-60.134999999999998
40
0.5
0
CIRCLE
8
BLACK
10
155.3349999999999795
20
-62.6749999999999972
40
0.5
0
CIRCLE
8
BLACK
10
155.3349999999999795
20
-60.134999999999998
40
0.5
0
CIRCLE
8
BLACK
10
157.875
20
-62.6749999999999972
40
0.5
0
CIRCLE
8
BLACK
10
157.875
20
-60.134999999999998
40
0.5
0
CIRCLE
8
BLACK
10
160.414999999999992
20
-62.6749999999999972
40
0.5
0
CIRCLE
8
BLACK
10
160.414999999999992
20
-60.134999999999998
40
0.5
0
CIRCLE
8
BLACK
10
162.9549999999999841
20
-62.6749999999999972
40
0.5
0
CIRCLE
8
BLACK
10
162.9549999999999841
20
-60.134999999999998
40
0.5
0
CIRCLE
8
BLACK
10
165.4950000000000045
20
-62.6749999999999972
40
0.5
0
CIRCLE
8
BLACK
10
165.4950000000000045
20
-60.134999999999998
40
0.5
0
CIRCLE
8
BLACK
10
168.0349999999999966
20
-62.6749999999999972
40
0.5
0
CIRCLE
8
BLACK
10
168.0349999999999966
20
-60.134999999999998
40
0.5
0
LINE
8
BLACK
6
CONTINUOUS
10
113.5323349999999891
20
-63.0265679999999975
11
113.6799099999999925
21
-63.2296879999999959
0
LINE
8
BLACK
6
CONTINUOUS
10
113.6799099999999925
20
-63.2296879999999959
11
113.7938919999999996
21
-63.4533909999999963
0
LINE
8
BLACK
6
CONTINUOUS
10
113.7938919999999996
20
-63.4533909999999963
11
113.8714769999999987
21
-63.6921729999999968
0
LINE
8
BLACK
6
CONTINUOUS
10
113.8714769999999987
20
-63.6921729999999968
11
113.9107529999999997
21
-63.9401499999999956
0
LINE
8
BLACK
6
CONTINUOUS
10
113.9107529999999997
20
-63.9401499999999956
11
113.9107529999999997
21
-64.1912200000000013
0
LINE
8
BLACK
6
CONTINUOUS
10
113.9107529999999997
20
-64.1912200000000013
11
113.8714769999999987
21
-64.439196999999993
0
LINE
8
BLACK
6
CONTINUOUS
10
113.8714769999999987
20
-64.439196999999993
11
113.7938919999999996
21
-64.6779789999999934
0
LINE
8
BLACK
6
CONTINUOUS
10
113.7938919999999996
20
-64.6779789999999934
11
113.6799099999999925
21
-64.9016829999999914
0
LINE
8
BLACK
6
CONTINUOUS
10
113.6799099999999925
20
-64.9016829999999914
11
113.5323349999999891
21
-65.1048019999999923
0
LINE
8
BLACK
6
CONTINUOUS
10
113.5323349999999891
20
-65.1048019999999923
11
113.3548019999999923
21
-65.2823350000000033
0
LINE
8
BLACK
6
CONTINUOUS
10
113.3548019999999923
20
-65.2823350000000033
11
113.1516829999999914
21
-65.4299099999999925
0
LINE
8
BLACK
6
CONTINUOUS
10
113.1516829999999914
20
-65.4299099999999925
11
112.9279789999999934
21
-65.5438919999999996
0
LINE
8
BLACK
6
CONTINUOUS
10
112.9279789999999934
20
-65.5438919999999996
11
112.689196999999993
21
-65.6214769999999987
0
LINE
8
BLACK
6
CONTINUOUS
10
112.689196999999993
20
-65.6214769999999987
11
112.4412200000000013
21
-65.6607529999999997
0
LINE
8
BLACK
6
CONTINUOUS
10
112.4412200000000013
20
-65.6607529999999997
11
112.1901499999999885
21
-65.6607529999999997
0
LINE
8
BLACK
6
CONTINUOUS
10
112.1901499999999885
20
-65.6607529999999997
11
111.9421729999999968
21
-65.6214769999999987
0
LINE
8
BLACK
6
CONTINUOUS
10
111.9421729999999968
20
-65.6214769999999987
11
111.7033909999999963
21
-65.5438919999999996
0
LINE
8
BLACK
6
CONTINUOUS
10
111.7033909999999963
20
-65.5438919999999996
11
111.4796879999999959
21
-65.4299099999999925
0
LINE
8
BLACK
6
CONTINUOUS
10
111.4796879999999959
20
-65.4299099999999925
11
111.2765679999999975
21
-65.2823350000000033
0
LINE
8
BLACK
6
CONTINUOUS
10
111.2765679999999975
20
-65.2823350000000033
11
111.1843140000000005
21
-65.1970560000000035
0
LINE
8
BLACK
6
CONTINUOUS
10
111.1843140000000005
20
-65.1970560000000035
11
110.0529439999999965
21
-64.0656859999999995
0
LINE
8
BLACK
6
CONTINUOUS
10
110.0529439999999965
20
-64.0656859999999995
11
109.9676649999999967
21
-63.9734319999999954
0
LINE
8
BLACK
6
CONTINUOUS
10
109.9676649999999967
20
-63.9734319999999954
11
109.8200899999999933
21
-63.770311999999997
0
LINE
8
BLACK
6
CONTINUOUS
10
109.8200899999999933
20
-63.770311999999997
11
109.7061080000000004
21
-63.5466089999999966
0
LINE
8
BLACK
6
CONTINUOUS
10
109.7061080000000004
20
-63.5466089999999966
11
109.6285230000000013
21
-63.3078269999999961
0
LINE
8
BLACK
6
CONTINUOUS
10
109.6285230000000013
20
-63.3078269999999961
11
109.5892470000000003
21
-63.0598499999999973
0
LINE
8
BLACK
6
CONTINUOUS
10
109.5892470000000003
20
-63.0598499999999973
11
109.5892470000000003
21
-62.8087799999999987
0
LINE
8
BLACK
6
CONTINUOUS
10
109.5892470000000003
20
-62.8087799999999987
11
109.6285230000000013
21
-62.5608029999999999
0
LINE
8
BLACK
6
CONTINUOUS
10
109.6285230000000013
20
-62.5608029999999999
11
109.7061080000000004
21
-62.3220209999999994
0
LINE
8
BLACK
6
CONTINUOUS
10
109.7061080000000004
20
-62.3220209999999994
11
109.8200899999999933
21
-62.098317999999999
0
LINE
8
BLACK
6
CONTINUOUS
10
109.8200899999999933
20
-62.098317999999999
11
109.9676649999999967
21
-61.8951980000000006
0
LINE
8
BLACK
6
CONTINUOUS
10
109.9676649999999967
20
-61.8951980000000006
11
110.1451979999999935
21
-61.7176649999999967
0
LINE
8
BLACK
6
CONTINUOUS
10
110.1451979999999935
20
-61.7176649999999967
11
110.3483179999999919
21
-61.5700900000000004
0
LINE
8
BLACK
6
CONTINUOUS
10
110.3483179999999919
20
-61.5700900000000004
11
110.5720209999999923
21
-61.4561080000000004
0
LINE
8
BLACK
6
CONTINUOUS
10
110.5720209999999923
20
-61.4561080000000004
11
110.8108029999999928
21
-61.3785229999999942
0
LINE
8
BLACK
6
CONTINUOUS
10
110.8108029999999928
20
-61.3785229999999942
11
111.0587799999999987
21
-61.3392470000000003
0
LINE
8
BLACK
6
CONTINUOUS
10
111.0587799999999987
20
-61.3392470000000003
11
111.3098499999999973
21
-61.3392470000000003
0
LINE
8
BLACK
6
CONTINUOUS
10
111.3098499999999973
20
-61.3392470000000003
11
111.557826999999989
21
-61.3785229999999942
0
LINE
8
BLACK
6
CONTINUOUS
10
111.557826999999989
20
-61.3785229999999942
11
111.7966089999999895
21
-61.4561080000000004
0
LINE
8
BLACK
6
CONTINUOUS
10
111.7966089999999895
20
-61.4561080000000004
11
112.0203119999999899
21
-61.5700900000000004
0
LINE
8
BLACK
6
CONTINUOUS
10
112.0203119999999899
20
-61.5700900000000004
11
112.2234319999999883
21
-61.7176649999999967
0
LINE
8
BLACK
6
CONTINUOUS
10
112.2234319999999883
20
-61.7176649999999967
11
112.3156859999999995
21
-61.8029439999999965
0
LINE
8
BLACK
6
CONTINUOUS
10
112.3156859999999995
20
-61.8029439999999965
11
113.4470559999999892
21
-62.9343140000000005
0
LINE
8
BLACK
6
CONTINUOUS
10
113.4470559999999892
20
-62.9343140000000005
11
113.5323349999999891
21
-63.0265679999999975
0
LINE
8
BLACK
6
CONTINUOUS
10
158.0323349999999891
20
-108.0265679999999975
11
158.1799100000000067
21
-108.2296879999999959
0
LINE
8
BLACK
6
CONTINUOUS
10
158.1799100000000067
20
-108.2296879999999959
11
158.2938919999999996
21
-108.4533909999999963
0
LINE
8
BLACK
6
CONTINUOUS
10
158.2938919999999996
20
-108.4533909999999963
11
158.3714769999999987
21
-108.6921729999999968
0
LINE
8
BLACK
6
CONTINUOUS
10
158.3714769999999987
20
-108.6921729999999968
11
158.4107529999999997
21
-108.9401499999999885
0
LINE
8
BLACK
6
CONTINUOUS
10
158.4107529999999997
20
-108.9401499999999885
11
158.4107529999999997
21
-109.1912200000000013
0
LINE
8
BLACK
6
CONTINUOUS
10
158.4107529999999997
20
-109.1912200000000013
11
158.3714769999999987
21
-109.439196999999993
0
LINE
8
BLACK
6
CONTINUOUS
10
158.3714769999999987
20
-109.439196999999993
11
158.2938919999999996
21
-109.6779789999999934
0
LINE
8
BLACK
6
CONTINUOUS
10
158.2938919999999996
20
-109.6779789999999934
11
158.1799100000000067
21
-109.9016829999999914
0
LINE
8
BLACK
6
CONTINUOUS
10
158.1799100000000067
20
-109.9016829999999914
11
158.0323349999999891
21
-110.1048019999999923
0
LINE
8
BLACK
6
CONTINUOUS
10
158.0323349999999891
20
-110.1048019999999923
11
157.8548020000000065
21
-110.2823349999999891
0
LINE
8
BLACK
6
CONTINUOUS
10
157.8548020000000065
20
-110.2823349999999891
11
157.6516829999999914
21
-110.4299099999999925
0
LINE
8
BLACK
6
CONTINUOUS
10
157.6516829999999914
20
-110.4299099999999925
11
157.4279789999999934
21
-110.5438919999999996
0
LINE
8
BLACK
6
CONTINUOUS
10
157.4279789999999934
20
-110.5438919999999996
11
157.1891969999999787
21
-110.6214769999999987
0
LINE
8
BLACK
6
CONTINUOUS
10
157.1891969999999787
20
-110.6214769999999987
11
156.9412199999999871
21
-110.6607529999999997
0
LINE
8
BLACK
6
CONTINUOUS
10
156.9412199999999871
20
-110.6607529999999997
11
156.6901499999999885
21
-110.6607529999999997
0
LINE
8
BLACK
6
CONTINUOUS
10
156.6901499999999885
20
-110.6607529999999997
11
156.4421729999999968
21
-110.6214769999999987
0
LINE
8
BLACK
6
CONTINUOUS
10
156.4421729999999968
20
-110.6214769999999987
11
156.2033909999999821
21
-110.5438919999999996
0
LINE
8
BLACK
6
CONTINUOUS
10
156.2033909999999821
20
-110.5438919999999996
11
155.9796879999999817
21
-110.4299099999999925
0
LINE
8
BLACK
6
CONTINUOUS
10
155.9796879999999817
20
-110.4299099999999925
11
155.7765679999999975
21
-110.2823349999999891
0
LINE
8
BLACK
6
CONTINUOUS
10
155.7765679999999975
20
-110.2823349999999891
11
155.6843140000000005
21
-110.1970559999999892
0
LINE
8
BLACK
6
CONTINUOUS
10
155.6843140000000005
20
-110.1970559999999892
11
154.5529439999999965
21
-109.0656859999999995
0
LINE
8
BLACK
6
CONTINUOUS
10
154.5529439999999965
20
-109.0656859999999995
11
154.4676649999999825
21
-108.9734319999999883
0
LINE
8
BLACK
6
CONTINUOUS
10
154.4676649999999825
20
-108.9734319999999883
11
154.3200899999999933
21
-108.7703119999999899
0
LINE
8
BLACK
6
CONTINUOUS
10
154.3200899999999933
20
-108.7703119999999899
11
154.2061080000000004
21
-108.5466089999999895
0
LINE
8
BLACK
6
CONTINUOUS
10
154.2061080000000004
20
-108.5466089999999895
11
154.1285230000000013
21
-108.307826999999989
0
LINE
8
BLACK
6
CONTINUOUS
10
154.1285230000000013
20
-108.307826999999989
11
154.0892470000000003
21
-108.0598499999999973
0
LINE
8
BLACK
6
CONTINUOUS
10
154.0892470000000003
20
-108.0598499999999973
11
154.0892470000000003
21
-107.8087799999999987
0
LINE
8
BLACK
6
CONTINUOUS
10
154.0892470000000003
20
-107.8087799999999987
11
154.1285230000000013
21
-107.5608029999999928
0
LINE
8
BLACK
6
CONTINUOUS
10
154.1285230000000013
20
-107.5608029999999928
11
154.2061080000000004
21
-107.3220209999999923
0
LINE
8
BLACK
6
CONTINUOUS
10
154.2061080000000004
20
-107.3220209999999923
11
154.3200899999999933
21
-107.0983179999999919
0
LINE
8
BLACK
6
CONTINUOUS
10
154.3200899999999933
20
-107.0983179999999919
11
154.4676649999999825
21
-106.8951979999999935
0
LINE
8
BLACK
6
CONTINUOUS
10
154.4676649999999825
20
-106.8951979999999935
11
154.6451979999999935
21
-106.7176649999999967
0
LINE
8
BLACK
6
CONTINUOUS
10
154.6451979999999935
20
-106.7176649999999967
11
154.8483180000000061
21
-106.5700899999999933
0
LINE
8
BLACK
6
CONTINUOUS
10
154.8483180000000061
20
-106.5700899999999933
11
155.0720210000000066
21
-106.4561080000000004
0
LINE
8
BLACK
6
CONTINUOUS
10
155.0720210000000066
20
-106.4561080000000004
11
155.3108029999999928
21
-106.3785230000000013
0
LINE
8
BLACK
6
CONTINUOUS
10
155.3108029999999928
20
-106.3785230000000013
11
155.5587799999999845
21
-106.3392470000000003
0
LINE
8
BLACK
6
CONTINUOUS
10
155.5587799999999845
20
-106.3392470000000003
11
155.8098499999999831
21
-106.3392470000000003
0
LINE
8
BLACK
6
CONTINUOUS
10
155.8098499999999831
20
-106.3392470000000003
11
156.0578270000000032
21
-106.3785230000000013
0
LINE
8
BLACK
6
CONTINUOUS
10
156.0578270000000032
20
-106.3785230000000013
11
156.2966089999999895
21
-106.4561080000000004
0
LINE
8
BLACK
6
CONTINUOUS
10
156.2966089999999895
20
-106.4561080000000004
11
156.5203119999999899
21
-106.5700899999999933
0
LINE
8
BLACK
6
CONTINUOUS
10
156.5203119999999899
20
-106.5700899999999933
11
156.7234320000000025
21
-106.7176649999999967
0
LINE
8
BLACK
6
CONTINUOUS
10
156.7234320000000025
20
-106.7176649999999967
11
156.8156859999999995
21
-106.8029439999999965
0
LINE
8
BLACK
6
CONTINUOUS
10
156.8156859999999995
20
-106.8029439999999965
11
157.9470560000000035
21
-107.9343140000000005
0
LINE
8
BLACK
6
CONTINUOUS
10
157.9470560000000035
20
-107.9343140000000005
11
158.0323349999999891
21
-108.0265679999999975
0
CIRCLE
8
BLACK
10
155.7999999999999829
20
-102.2249999999999943
40
0.5
0
CIRCLE
8
BLACK
10
153.2599999999999909
20
-102.2249999999999943
40
0.5
0
CIRCLE
8
BLACK
10
150.7199999999999989
20
-102.2249999999999943
40
0.5
0
CIRCLE
8
BLACK
10
148.1800000000000068
20
-102.2249999999999943
40
0.5
0
CIRCLE
8
BLACK
10
96.0874999999999915
20
-77.3999999999999915
40
0.6
0
CIRCLE
8
BLACK
10
92.2774999999999892
20
-77.3999999999999915
40
0.6
0
CIRCLE
8
BLACK
10
153.0749999999999886
20
-89.5999989999999968
40
0.5
0
CIRCLE
8
BLACK
10
150.5349999999999966
20
-89.5999989999999968
40
0.5
0
CIRCLE
8
BLACK
10
142.4074999999999989
20
-82.957499999999996
40
0.5375
0
CIRCLE
8
BLACK
10
139.8675000000000068
20
-82.957499999999996
40
0.5375
0
CIRCLE
8
BLACK
10
137.3274999999999864
20
-82.957499999999996
40
0.5375
0
CIRCLE
8
BLACK
10
134.7874999999999943
20
-82.957499999999996
40
0.5375
0
CIRCLE
8
BLACK
10
126.6774999999999949
20
-77.3999999999999915
40
0.6
0
CIRCLE
8
BLACK
10
122.8674999999999926
20
-77.3999999999999915
40
0.6
0
CIRCLE
8
BLACK
10
102.477499999999992
20
-87.7000000000000028
40
0.6
0
CIRCLE
8
BLACK
10
106.2874999999999943
20
-87.7000000000000028
40
0.6
0
CIRCLE
8
BLACK
10
112.6774999999999949
20
-87.7000000000000028
40
0.6
0
CIRCLE
8
BLACK
10
116.4874999999999972
20
-87.7000000000000028
40
0.6
0
CIRCLE
8
BLACK
10
133.
20
-71.0249999999999915
40
0.5
0
CIRCLE
8
BLACK
10
133.
20
-73.5649999999999977
40
0.5
0
CIRCLE
8
BLACK
10
92.3125
20
-87.7000000000000028
40
0.6
0
CIRCLE
8
BLACK
10
96.1225000000000023
20
-87.7000000000000028
40
0.6
0
CIRCLE
8
BLACK
10
98.
20
-65.2749999999999915
40
0.5
0
CIRCLE
8
BLACK
10
98.
20
-62.7349999999999994
40
0.5
0
CIRCLE
8
BLACK
10
100.539999999999992
20
-65.2749999999999915
40
0.5
0
CIRCLE
8
BLACK
10
100.539999999999992
20
-62.7349999999999994
40
0.5
0
CIRCLE
8
BLACK
10
103.0799999999999983
20
-65.2749999999999915
40
0.5
0
CIRCLE
8
BLACK
10
103.0799999999999983
20
-62.7349999999999994
40
0.5
0
CIRCLE
8
BLACK
10
105.6199999999999903
20
-65.2749999999999915
40
0.5
0
CIRCLE
8
BLACK
10
105.6199999999999903
20
-62.7349999999999994
40
0.5
0
CIRCLE
8
BLACK
10
106.2874999999999943
20
-77.3999999999999915
40
0.6
0
CIRCLE
8
BLACK
10
102.477499999999992
20
-77.3999999999999915
40
0.6
0
CIRCLE
8
BLACK
10
116.4874999999999972
20
-77.3999999999999915
40
0.6
0
CIRCLE
8
BLACK
10
112.6774999999999949
20
-77.3999999999999915
40
0.6
0
CIRCLE
8
BLACK
10
122.8774999999999977
20
-87.7000000000000028
40
0.6
0
CIRCLE
8
BLACK
10
126.6875
20
-87.7000000000000028
40
0.6
0
CIRCLE
8
BLACK
10
103.6974999999999909
20
-101.5999999999999943
40
0.6
0
CIRCLE
8
BLACK
10
99.8874999999999886
20
-101.5999999999999943
40
0.6
0
CIRCLE
8
BLACK
10
96.0775000000000006
20
-101.5999999999999943
40
0.6
0
CIRCLE
8
BLACK
10
92.2674999999999983
20
-101.5999999999999943
40
0.6
0
CIRCLE
8
BLACK
10
163.9904989999999998
20
-73.875
40
0.1
0
CIRCLE
8
BLACK
10
162.4654989999999941
20
-73.875
40
0.1
0
CIRCLE
8
BLACK
10
164.7529989999999884
20
-74.6375000000000028
40
0.1
0
CIRCLE
8
BLACK
10
163.2279989999999827
20
-74.6375000000000028
40
0.1
0
CIRCLE
8
BLACK
10
161.7029990000000055
20
-74.6375000000000028
40
0.1
0
CIRCLE
8
BLACK
10
163.9904989999999998
20
-75.3999999999999915
40
0.1
0
CIRCLE
8
BLACK
10
162.4654989999999941
20
-75.3999999999999915
40
0.1
0
CIRCLE
8
BLACK
10
164.7529989999999884
20
-76.1624999999999943
40
0.1
0
CIRCLE
8
BLACK
10
163.2279989999999827
20
-76.1624999999999943
40
0.1
0
CIRCLE
8
BLACK
10
161.7029990000000055
20
-76.1624999999999943
40
0.1
0
CIRCLE
8
BLACK
10
163.9904989999999998
20
-76.9249999999999972
40
0.1
0
CIRCLE
8
BLACK
10
162.4654989999999941
20
-76.9249999999999972
40
0.1
0
CIRCLE
8
WHITE
10
150.2999999999999829
20
-113.1899999999999977
40
0.5
0
CIRCLE
8
WHITE
10
147.7599999999999909
20
-113.1899999999999977
40
0.5
0
CIRCLE
8
WHITE
10
145.2199999999999989
20
-113.1899999999999977
40
0.5
0
CIRCLE
8
WHITE
10
174.5
20
-98.75
40
0.22
0
CIRCLE
8
WHITE
10
175.5
20
-98.0999999999999943
40
0.22
0
CIRCLE
8
WHITE
10
174.5
20
-97.4499999999999886
40
0.22
0
CIRCLE
8
WHITE
10
175.5
20
-96.7999999999999972
40
0.22
0
CIRCLE
8
WHITE
10
174.5
20
-96.1499999999999915
40
0.22
0
LINE
8
WHITE
6
CONTINUOUS
10
174.2199999999999989
20
-101.1999999999999886
11
175.2199999999999989
21
-101.1999999999999886
0
ARC
8
WHITE
10
175.2199999999999989
20
-101.0249999999999915
40
0.175
50
-90.00000000
51
90.00000000
0
LINE
8
WHITE
6
CONTINUOUS
10
175.2199999999999989
20
-100.8499999999999943
11
174.2199999999999989
21
-100.8499999999999943
0
ARC
8
WHITE
10
174.2199999999999989
20
-101.0249999999999915
40
0.175
50
90.00000000
51
270.00000000
0
LINE
8
WHITE
6
CONTINUOUS
10
174.2199999999999989
20
-94.0499999999999972
11
175.2199999999999989
21
-94.0499999999999972
0
ARC
8
WHITE
10
175.2199999999999989
20
-93.875
40
0.175
50
-90.00000000
51
90.00000000
0
LINE
8
WHITE
6
CONTINUOUS
10
175.2199999999999989
20
-93.7000000000000028
11
174.2199999999999989
21
-93.7000000000000028
0
ARC
8
WHITE
10
174.2199999999999989
20
-93.875
40
0.175
50
90.00000000
51
270.00000000
0
CIRCLE
8
WHITE
10
145.1749999999999829
20
-62.6749999999999972
40
0.5
0
CIRCLE
8
WHITE
10
145.1749999999999829
20
-60.134999999999998
40
0.5
0
CIRCLE
8
WHITE
10
147.7150000000000034
20
-62.6749999999999972
40
0.5
0
CIRCLE
8
WHITE
10
147.7150000000000034
20
-60.134999999999998
40
0.5
0
CIRCLE
8
WHITE
10
150.2549999999999955
20
-62.6749999999999972
40
0.5
0
CIRCLE
8
WHITE
10
150.2549999999999955
20
-60.134999999999998
40
0.5
0
CIRCLE
8
WHITE
10
152.7949999999999875
20
-62.6749999999999972
40
0.5
0
CIRCLE
8
WHITE
10
152.7949999999999875
20
-60.134999999999998
40
0.5
0
CIRCLE
8
WHITE
10
155.3349999999999795
20
-62.6749999999999972
40
0.5
0
CIRCLE
8
WHITE
10
155.3349999999999795
20
-60.134999999999998
40
0.5
0
CIRCLE
8
WHITE
10
157.875
20
-62.6749999999999972
40
0.5
0
CIRCLE
8
WHITE
10
157.875
20
-60.134999999999998
40
0.5
0
CIRCLE
8
WHITE
10
160.414999999999992
20
-62.6749999999999972
40
0.5
0
CIRCLE
8
WHITE
10
160.414999999999992
20
-60.134999999999998
40
0.5
0
CIRCLE
8
WHITE
10
162.9549999999999841
20
-62.6749999999999972
40
0.5
0
CIRCLE
8
WHITE
10
162.9549999999999841
20
-60.134999999999998
40
0.5
0
CIRCLE
8
WHITE
10
165.4950000000000045
20
-62.6749999999999972
40
0.5
0
CIRCLE
8
WHITE
10
165.4950000000000045
20
-60.134999999999998
40
0.5
0
CIRCLE
8
WHITE
10
168.0349999999999966
20
-62.6749999999999972
40
0.5
0
CIRCLE
8
WHITE
10
168.0349999999999966
20
-60.134999999999998
40
0.5
0
LINE
8
WHITE
6
CONTINUOUS
10
113.4470559999999892
20
-62.934314999999998
11
112.315685000000002
21
-61.8029439999999965
0
ARC
8
WHITE
10
111.184314999999998
20
-62.934314999999998
40
1.5999989999999999
50
45.00000000
51
225.00000000
0
LINE
8
WHITE
6
CONTINUOUS
10
110.0529439999999965
20
-64.065685000000002
11
111.184314999999998
21
-65.1970560000000035
0
ARC
8
WHITE
10
112.315685000000002
20
-64.065685000000002
40
1.5999989999999999
50
225.00000000
51
405.00000000
0
LINE
8
WHITE
6
CONTINUOUS
10
157.9470560000000035
20
-107.934314999999998
11
156.815685000000002
21
-106.8029439999999965
0
ARC
8
WHITE
10
155.684314999999998
20
-107.934314999999998
40
1.5999989999999999
50
45.00000000
51
225.00000000
0
LINE
8
WHITE
6
CONTINUOUS
10
154.5529439999999965
20
-109.065685000000002
11
155.684314999999998
21
-110.1970559999999892
0
ARC
8
WHITE
10
156.815685000000002
20
-109.065685000000002
40
1.5999989999999999
50
225.00000000
51
405.00000000
0
CIRCLE
8
WHITE
10
155.7999999999999829
20
-102.2249999999999943
40
0.5
0
CIRCLE
8
WHITE
10
153.2599999999999909
20
-102.2249999999999943
40
0.5
0
CIRCLE
8
WHITE
10
150.7199999999999989
20
-102.2249999999999943
40
0.5
0
CIRCLE
8
WHITE
10
148.1800000000000068
20
-102.2249999999999943
40
0.5
0
CIRCLE
8
WHITE
10
96.0874999999999915
20
-77.3999999999999915
40
0.6
0
CIRCLE
8
WHITE
10
92.2774999999999892
20
-77.3999999999999915
40
0.6
0
CIRCLE
8
WHITE
10
153.0749999999999886
20
-89.5999989999999968
40
0.5
0
CIRCLE
8
WHITE
10
150.5349999999999966
20
-89.5999989999999968
40
0.5
0
CIRCLE
8
WHITE
10
142.4074999999999989
20
-82.957499999999996
40
0.5375
0
CIRCLE
8
WHITE
10
139.8675000000000068
20
-82.957499999999996
40
0.5375
0
CIRCLE
8
WHITE
10
137.3274999999999864
20
-82.957499999999996
40
0.5375
0
CIRCLE
8
WHITE
10
134.7874999999999943
20
-82.957499999999996
40
0.5375
0
CIRCLE
8
WHITE
10
126.6774999999999949
20
-77.3999999999999915
40
0.6
0
CIRCLE
8
WHITE
10
122.8674999999999926
20
-77.3999999999999915
40
0.6
0
CIRCLE
8
WHITE
10
102.477499999999992
20
-87.7000000000000028
40
0.6
0
CIRCLE
8
WHITE
10
106.2874999999999943
20
-87.7000000000000028
40
0.6
0
CIRCLE
8
WHITE
10
112.6774999999999949
20
-87.7000000000000028
40
0.6
0
CIRCLE
8
WHITE
10
116.4874999999999972
20
-87.7000000000000028
40
0.6
0
CIRCLE
8
WHITE
10
133.
20
-71.0249999999999915
40
0.5
0
CIRCLE
8
WHITE
10
133.
20
-73.5649999999999977
40
0.5
0
CIRCLE
8
WHITE
10
92.3125
20
-87.7000000000000028
40
0.6
0
CIRCLE
8
WHITE
10
96.1225000000000023
20
-87.7000000000000028
40
0.6
0
CIRCLE
8
WHITE
10
98.
20
-65.2749999999999915
40
0.5
0
CIRCLE
8
WHITE
10
98.
20
-62.7349999999999994
40
0.5
0
CIRCLE
8
WHITE
10
100.539999999999992
20
-65.2749999999999915
40
0.5
0
CIRCLE
8
WHITE
10
100.539999999999992
20
-62.7349999999999994
40
0.5
0
CIRCLE
8
WHITE
10
103.0799999999999983
20
-65.2749999999999915
40
0.5
0
CIRCLE
8
WHITE
10
103.0799999999999983
20
-62.7349999999999994
40
0.5
0
CIRCLE
8
WHITE
10
105.6199999999999903
20
-65.2749999999999915
40
0.5
0
CIRCLE
8
WHITE
10
105.6199999999999903
20
-62.7349999999999994
40
0.5
0
CIRCLE
8
WHITE
10
106.2874999999999943
20
-77.3999999999999915
40
0.6
0
CIRCLE
8
WHITE
10
102.477499999999992
20
-77.3999999999999915
40
0.6
0
CIRCLE
8
WHITE
10
116.4874999999999972
20
-77.3999999999999915
40
0.6
0
CIRCLE
8
WHITE
10
112.6774999999999949
20
-77.3999999999999915
40
0.6
0
CIRCLE
8
WHITE
10
122.8774999999999977
20
-87.7000000000000028
40
0.6
0
CIRCLE
8
WHITE
10
126.6875
20
-87.7000000000000028
40
0.6
0
CIRCLE
8
WHITE
10
103.6974999999999909
20
-101.5999999999999943
40
0.6
0
CIRCLE
8
WHITE
10
99.8874999999999886
20
-101.5999999999999943
40
0.6
0
CIRCLE
8
WHITE
10
96.0775000000000006
20
-101.5999999999999943
40
0.6
0
CIRCLE
8
WHITE
10
92.2674999999999983
20
-101.5999999999999943
40
0.6
  0
ENDSEC
  0
EOF
